client,registrant,year,quarter,amount,bills,fears mentioned,url
EPIC SYSTEMS,MCDERMOTT+,2026,Q3,10000.0,,,https://lda.gov/filings/public/filing/08321570-0db6-4c57-8c3f-62ac52267365/print/
CONSUMER TECHNOLOGY ASSOCIATION,MCDERMOTT+,2026,Q3,30000.0,,,https://lda.gov/filings/public/filing/744f0994-c5dc-4b0e-bd91-47de9e48e1ad/print/
FIBER BROADBAND ASSOCIATION,FIBER BROADBAND ASSOCIATION,2026,Q3,116000.0,,job-loss; power-bills,https://lda.gov/filings/public/filing/d23889e0-9c0f-4654-97f5-654b91e16a0a/print/
"AGILITY ROBOTICS, INC.",SIO ADVOCACY LLC,2026,Q3,26250.0,"H.R. 7334, H.R. 8800, H.R. 9129, S. 4686, S. 4784",job-loss,https://lda.gov/filings/public/filing/b1e2b806-0a78-435c-bee1-b22e1a01d3a9/print/
"ELEVENLABS, INC.","MEHLMAN CONSULTING, INC.",2026,Q2,20000.0,,,https://lda.gov/filings/public/filing/d4a959b7-06f5-47f5-b9aa-57bff49ec850/print/
WAYMO LLC,HOLLAND & KNIGHT LLP,2026,Q2,30000.0,"H.R. 4419, H.R. 7390",china-race,https://lda.gov/filings/public/filing/fd6de4da-1ff7-441f-85aa-6aff4d635e70/print/
LEXSET,INTERSECTION,2026,Q2,20000.0,,,https://lda.gov/filings/public/filing/f616f38e-0a7c-4015-a11c-4c5f27eb4d66/print/
PAYSAFE PAYMENT PROCESSING SOLUTIONS LLC,PAYSAFE PAYMENT PROCESSING SOLUTIONS LLC,2026,Q2,20000.0,,,https://lda.gov/filings/public/filing/0117717a-ce72-4486-a62a-1fea0cb782ef/print/
"SB TECHNOLOGY, INC. D/B/A SANDBOXAQ",MICHAEL BEST STRATEGIES LLC,2026,Q2,50000.0,,,https://lda.gov/filings/public/filing/d6a5beca-adf0-40c3-bc17-c5a75df0edd0/print/
STM,"WEINREICH STRATEGIC GROUP, INC.",2026,Q2,20000.0,,,https://lda.gov/filings/public/filing/ef7a55bf-9d64-4cb1-b817-2af0064b1d81/print/
UNIVERSITY OF MARYLAND,UNIVERSITY OF MARYLAND,2026,Q2,27000.0,"H.R. 1048, H.R. 4312, H.R. 8462, H.R. 8800, S. 1296, S. 3597, S. 4039, S. 4668, S. 4784",ai-cyberattacks; china-race; job-loss,https://lda.gov/filings/public/filing/1a756f4e-f2fe-4ecb-8d77-3fb3c82a3f3b/print/
"LUMEN TECHNOLOGIES, INC.","LUMEN TECHNOLOGIES, INC.",2026,Q2,740000.0,H.R. 2784,ai-cyberattacks; power-bills,https://lda.gov/filings/public/filing/2c17a3f9-8b3a-4d3d-b0ca-642b60899a6a/print/
AMERICAN HEALTH INFORMATION MANAGEMENT ASSN,AMERICAN HEALTH INFORMATION MANAGEMENT ASSN,2026,Q2,20000.0,"H.R. 2002, H.R. 3514, H.R. 935, S. 1816, S. 3303, S. 4254",job-loss,https://lda.gov/filings/public/filing/bd5a0f60-623c-4917-ab87-c371cfcfb228/print/
LEHIGH UNIVERSITY,LEHIGH UNIVERSITY,2026,Q2,20000.0,"H.R. 8845, H.R. 9022, H.R. 9260, H.R. 9495",job-loss; power-bills,https://lda.gov/filings/public/filing/f2fb3dfb-c32d-4fd6-9a57-ec4733b05e97/print/
COPYRIGHT ALLIANCE,COPYRIGHT ALLIANCE,2026,Q2,30000.0,,,https://lda.gov/filings/public/filing/36616e43-a273-4039-bda5-68f9fa8365d6/print/
DRAI HEALTH,HARTWELL CAPITOL CONSULTING,2026,Q2,50000.0,,,https://lda.gov/filings/public/filing/eac1234c-924b-43e8-b72f-3ca56e5b64e1/print/
VALTHOS INC.,INVARIANT LLC,2026,Q2,40000.0,"H.R. 8800, S. 4784",china-race,https://lda.gov/filings/public/filing/42172053-5ad0-45ac-a489-7f30c1061a5a/print/
MEDICAL DEVICE MANUFACTURERS ASSOCIATION,LMH STRATEGIC SOLUTIONS,2026,Q2,20000.0,H.R. 1691,ai-cyberattacks,https://lda.gov/filings/public/filing/5f7f0c46-4965-435a-b6e7-2d622d3413d5/print/
"WIKIMEDIA FOUNDATION, INC.",HOLLAND & KNIGHT LLP,2026,Q2,150000.0,,,https://lda.gov/filings/public/filing/8aff30bf-024e-4ca8-a93c-e313d4302a88/print/
"AMERICAN SOCIETY OF COMPOSERS, AUTHORS, AND PUBLISHERS (ASCAP)",CAPITOL DOME ADVOCACY,2026,Q2,50000.0,,,https://lda.gov/filings/public/filing/eba60800-40d3-418f-bf1b-c4cfa3e08d3f/print/
INTERNATIONAL ALLIANCE OF THEATRICAL STAGE EMPLOYEES,INTERNATIONAL ALLIANCE OF THEATRICAL STAGE EMPLOYEES,2026,Q2,135000.0,"H.R. 7209, S. 2455, S. 3813, S. 4915",,https://lda.gov/filings/public/filing/3bc5f2b8-fc5a-4ab0-905c-6c170275ffd2/print/
THE UNIVERSITY OF FLORIDA BOARD OF TRUSTEES,THE UNIVERSITY OF FLORIDA BOARD OF TRUSTEES,2026,Q2,160000.0,"H.R. 1, H.R. 1048, H.R. 8800, S. 4784",job-loss,https://lda.gov/filings/public/filing/9c4e8ef3-9df7-4e68-99af-410a9f7a3d74/print/
GODADDY INC.,GODADDY INC.,2026,Q2,40000.0,,,https://lda.gov/filings/public/filing/4213f654-c1b5-4f09-965b-9749d5b0851d/print/
FUTURE OF LIFE INSTITUTE,DENTONS US LLP,2026,Q2,90000.0,,,https://lda.gov/filings/public/filing/397a27b9-8651-40fb-97fb-82ad91cd560c/print/
"SHIELD AI, INC.",LIZ WILLIAMS AND COMPANY,2026,Q2,20000.0,"H.R. 8800, H.R. 9495, S. 4784",,https://lda.gov/filings/public/filing/206102d8-44a0-44c4-bfb6-2c3530d45615/print/
MOTOROLA SOLUTIONS INC,"MOTOROLA SOLUTIONS, INC",2026,Q2,520000.0,H.R. 7816,,https://lda.gov/filings/public/filing/2b2f4c38-2eb6-4991-affd-a3f35cb335b1/print/
"DIRECTORS GUILD OF AMERICA, INC.","DIRECTORS GUILD OF AMERICA, INC.",2026,Q2,80000.0,,,https://lda.gov/filings/public/filing/7b2cac56-b840-4b2e-bbf8-9588279cc81e/print/
THE INSTITUTE OF INTERNAL AUDITORS,THE INSTITUTE OF INTERNAL AUDITORS,2026,Q2,60000.0,H.R. 8413,,https://lda.gov/filings/public/filing/3ba28581-fd3c-4ba6-84e3-5cf414e4615f/print/
"VIRTUALITICS, INC.",SKYLINE CAPITOL LLC,2026,Q2,15000.0,,,https://lda.gov/filings/public/filing/410e7f4a-21c6-458e-b032-f5b1ca6097cf/print/
THE ALLIANCE FOR SECURE AI ACTION,SKYLINE CAPITOL LLC,2026,Q2,30000.0,"H.R. 3447, H.R. 3838, H.R. 5885, H.R. 6879, S. 2296, S. 3062, S. 3108, S. 3374",,https://lda.gov/filings/public/filing/1f26f976-b0d8-4c00-b145-fe85448b144d/print/
TATA CONSULTANCY SERVICES,SQUIRE PATTON BOGGS,2026,Q2,80000.0,,,https://lda.gov/filings/public/filing/5d553e9c-516a-4279-9872-de3f09a4c0c3/print/
URAC,URAC,2026,Q2,130000.0,H.R. 6974,,https://lda.gov/filings/public/filing/bceca5cd-0254-47e9-8fa0-55638e07db01/print/
PINTEREST INC.,"KOUNTOUPES DENHAM CARR & REID, LLC",2026,Q2,70000.0,H.R. 7757,kids-chatbots,https://lda.gov/filings/public/filing/2303847e-1282-446f-808a-bdf91aa8b089/print/
ADVAMED IMAGING,"KOUNTOUPES DENHAM CARR & REID, LLC",2026,Q2,80000.0,,ai-cyberattacks,https://lda.gov/filings/public/filing/795c9558-9280-4341-b99b-8a66e0eba32e/print/
BROADCOM INC.,"CASSIDY & ASSOCIATES, INC.",2026,Q2,50000.0,,ai-cyberattacks,https://lda.gov/filings/public/filing/101c15e2-f6e4-4b1f-bc4f-5537216a2276/print/
"GOOGLE CLIENT SERVICES, LLC",RYAN COSTELLO STRATEGIES,2026,Q2,50000.0,,ai-cyberattacks; power-bills,https://lda.gov/filings/public/filing/4eb6b367-1fb0-499b-931e-64ed0c6f7f82/print/
ACG ADVOCACY OBO THE AMERICAN SOCIETY FOR COLLECTIVE RIGHTS LICENSING,MARLA GROSSMAN LLC,2026,Q2,20000.0,,,https://lda.gov/filings/public/filing/aa89a0eb-eb9b-43d0-af0d-273e13044b1a/print/
SHIELD AI,SHIELD AI,2026,Q2,350000.0,,,https://lda.gov/filings/public/filing/2e3585ce-a91f-4232-bd88-61f299084533/print/
GOOGLE CLIENT SERVICES LLC,"MARSHALL & POPP, LLC",2026,Q2,60000.0,,,https://lda.gov/filings/public/filing/dc78f012-0a59-434c-ae28-1774ae7793ae/print/
MOZILLA CORPORATION,"KOUNTOUPES DENHAM CARR & REID, LLC",2026,Q2,30000.0,,,https://lda.gov/filings/public/filing/0a857f14-5f30-477d-9e5b-7f799dd93dc8/print/
REAL ESTATE ROUNDTABLE,REAL ESTATE ROUNDTABLE,2026,Q2,1002073.0,,power-bills,https://lda.gov/filings/public/filing/05685a02-243d-4dec-99bc-d8a34607b872/print/
AMERICAN STAFFING ASSOCIATION,SQUIRE PATTON BOGGS,2026,Q2,10000.0,,job-loss,https://lda.gov/filings/public/filing/19b21270-7b18-4737-a9d9-48770b80779a/print/
NASHVILLE SONGWRITERS ASSOCIATION INTERNATIONAL,NASHVILLE SONGWRITERS ASSOCIATION INTERNATIONAL,2026,Q2,6000.0,,,https://lda.gov/filings/public/filing/eaf44ebd-a4aa-4baa-8a52-4a7f6a22a465/print/
ACCENTURE FEDERAL SERVICES LLC,ACCENTURE FEDERAL SERVICES LLC,2026,Q2,260000.0,,ai-cyberattacks,https://lda.gov/filings/public/filing/25c9f609-c168-4ba8-9387-7738580cf1b0/print/
"R4 TECHNOLOGIES, INC.","CORNERSTONE GOVERNMENT AFFAIRS, INC.",2026,Q2,20000.0,,,https://lda.gov/filings/public/filing/dc5970d3-66e5-42ea-bfbc-6ed9fa1d4406/print/
TATA AMERICA INTERNATIONAL CORPORATION,TATA AMERICA INTERNATIONAL CORPORATION,2026,Q2,110000.0,"H.R. 2385, S. 2296",,https://lda.gov/filings/public/filing/46be9464-97d3-460c-b3b2-abb41d7c3f9a/print/
WASHINGTON STATE UNIVERSITY,WASHINGTON STATE UNIVERSITY,2026,Q2,81998.0,,ai-cyberattacks; job-loss,https://lda.gov/filings/public/filing/27308a70-48b6-4300-9d61-1085a673cbd0/print/
VANNEVAR LABS,VANNEVAR LABS,2026,Q2,350000.0,"H.R. 8800, S. 4784",,https://lda.gov/filings/public/filing/2e78c2ce-785d-4a0d-b35a-27bd9cbdeacf/print/
"SIFF & ASSOCIATES, PLLC (OBO THE MECHANICAL CONTRACTORS ASSOCIATION OF AMERICA)","LONGBOW PUBLIC POLICY GROUP, LLC",2026,Q2,40000.0,"H.R. 1285, H.R. 4615, H.R. 4776, H.R. 6398, H.R. 8308, H.R. 8800, H.R. 9497",job-loss; power-bills,https://lda.gov/filings/public/filing/98de453a-1808-42ad-b0db-95a0d7713c51/print/
ALTANA TECHNOLOGIES,ALTANA TECHNOLOGIES,2026,Q2,120000.0,,china-race,https://lda.gov/filings/public/filing/a5ee1bf8-1551-4dcb-97b8-836680e3101c/print/
ENCODE AI CORPORATION,HILLNORTH LLC,2026,Q2,37500.0,,,https://lda.gov/filings/public/filing/5ddd7758-e893-4456-9089-ce222ccd1e94/print/
"BOON LOGIC, INC.",WASHINGTON ALLIANCE GROUP,2026,Q2,20000.0,,ai-cyberattacks,https://lda.gov/filings/public/filing/f5e97676-7f13-4a92-a0f0-de0f63fe3a1b/print/
META PLATFORMS INC (FORMERLY FACEBOOK INC AND VARIOUS SUBSIDIARIES),OFF HILL STRATEGIES L.L.C.,2026,Q2,50000.0,,ai-cyberattacks,https://lda.gov/filings/public/filing/35666d45-ddcb-4b00-8939-57527b26c059/print/
ASSOCIATION OF CALIFORNIA WATER AGENCIES,ASSOCIATION OF CALIFORNIA WATER AGENCIES,2026,Q2,125000.0,"H.R. 4733, H.R. 7408, S. 3792, S. 4120, S. 4213",power-bills,https://lda.gov/filings/public/filing/052719bf-233d-4871-9e51-53698f14c04a/print/
AMERICAN SECURITY FUND,UPTOWN STRATEGIES INC. (FKA UPTOWN SOLUTIONS LLC),2026,Q2,30000.0,"H.R. 1718, H.R. 3932, H.R. 4704, H.R. 6149, H.R. 6943, H.R. 7532, H.R. 7567, H.R. 8315, S. 1409, S. 2103, S. 2399, S. 2502, S. 2714, S. 2770, S. 3050, S. 3162, S. 3205, S. 3312, S. 3696, S. 3897, S. 4638, S. 687",bioweapons; china-race; kids-chatbots,https://lda.gov/filings/public/filing/9e120cd1-3f3f-49b7-90e4-54710ce912f9/print/
"ABRIDGE AI, INC.",HOLLAND & KNIGHT LLP,2026,Q2,80000.0,,,https://lda.gov/filings/public/filing/b138988b-39d4-40fe-89d1-99018d43c006/print/
"VANTAGE DATA CENTERS MANAGEMENT COMPANY, LLC","CORNERSTONE GOVERNMENT AFFAIRS, INC.",2026,Q2,50000.0,,power-bills,https://lda.gov/filings/public/filing/af467670-bd7c-4374-95f3-884223299c06/print/
ADOBE SYSTEMS INCORPORATED,HETTINGER STRATEGY GROUP LLC,2026,Q2,20000.0,,,https://lda.gov/filings/public/filing/e1718917-dec0-44ac-a7cb-62caad910369/print/
QLIK TECHNOLOGIES INC.,HETTINGER STRATEGY GROUP LLC,2026,Q2,20000.0,,,https://lda.gov/filings/public/filing/5cb2f5eb-c1d1-4868-b1d5-9404269261e7/print/
"RED HAT, INC.",HETTINGER STRATEGY GROUP LLC,2026,Q2,20000.0,,,https://lda.gov/filings/public/filing/5de3fc77-1be4-4ac3-9ff9-356429e7fd56/print/
THE COOK GROUP INC.,THE COOK GROUP INC.,2026,Q2,120000.0,"H.R. 1539, H.R. 4445, H.R. 4731, H.R. 4784, H.R. 8800",job-loss,https://lda.gov/filings/public/filing/8789d0e9-3c75-4b52-b83b-6bdd8f967db8/print/
DIGITALEUROPE,DIGITALEUROPE,2026,Q2,30000.0,"H.R. 6461, H.R. 7158",,https://lda.gov/filings/public/filing/66bc33ea-5d69-41c8-acef-a3df9e143264/print/
UNIFORM LAW COMMISSION (NAT'L CONFERENCE OF COMMISSIONERS ON UNIFORM STATE LAWS),NELSON MULLINS RILEY & SCARBOROUGH,2026,Q2,20000.0,,,https://lda.gov/filings/public/filing/57e39404-6f3a-4902-a6b0-e310f06350eb/print/
CHILDREN AND SCREENS: INSTITUTE OF DIGITAL MEDIA & CHILD DEVELOPMENT,CURRENTSTRATEGIC LLC,2026,Q2,7500.0,,kids-chatbots,https://lda.gov/filings/public/filing/753e8931-b9ae-4157-ab2a-15ae1477c3a5/print/
CALIFORNIA ASSOCIATION OF SCHOOL BUSINESS OFFICIALS,CURRENTSTRATEGIC LLC,2026,Q2,9000.0,,,https://lda.gov/filings/public/filing/82f7b483-516e-45a4-8e4b-dfb55248f85c/print/
INVESTMENT ADVISER ASSOCIATION,INVESTMENT ADVISER ASSOCIATION,2026,Q2,100000.0,,,https://lda.gov/filings/public/filing/069f7b7f-3758-4524-916c-467ac8dcc919/print/
"QVC GROUP, INC.","QVC GROUP, INC.",2026,Q2,220000.0,"S. 1586, S. 1748",ai-cyberattacks; kids-chatbots,https://lda.gov/filings/public/filing/18b29704-c43c-49b0-bda6-bd487f9f658d/print/
INSIGHTS ASSOCIATION (FKA: MARKETING RESEARCH ASSOCIATION),INSIGHTS ASSOCIATION (FKA: MARKETING RESEARCH ASSOCIATION),2026,Q2,10000.0,,china-race,https://lda.gov/filings/public/filing/22b029b6-7306-453f-91a3-aabd6437df7e/print/
MICROSOFT CORPORATION,"FORZA DC, LLC",2026,Q2,40000.0,"H.R. 8800, H.R. 9495, S. 4784",,https://lda.gov/filings/public/filing/1f0afe96-5bff-43a1-974f-0fa8fd628e9e/print/
"MOTOROLA SOLUTIONS, INC.","FORZA DC, LLC",2026,Q2,50000.0,"H.R. 8800, H.R. 9495, S. 4784",,https://lda.gov/filings/public/filing/db7e8f46-69a0-4dca-9508-ce3ac0544435/print/
"AQUIA GROUP, LLC ON BEHALF OF COMCAST CORPORATION","ALVA ELLIOTT PARTNERS, LLC",2026,Q2,20000.0,,,https://lda.gov/filings/public/filing/fa2946a9-78a8-4f6b-82df-6b05f5876eba/print/
PRINCIPAL FINANCIAL GROUP,PRINCIPAL FINANCIAL GROUP,2026,Q2,401000.0,"H.R. 1013, H.R. 2441, H.R. 4801",,https://lda.gov/filings/public/filing/1d885c3b-2f31-44a2-8c8f-0ff1b715be2e/print/
STATE FARM MUTUAL AUTOMOBILE INSURANCE COMPANY,STATE FARM MUTUAL AUTOMOBILE INSURANCE COMPANY,2026,Q2,370000.0,"H.R. 3437, H.R. 643",,https://lda.gov/filings/public/filing/bb9fe6d8-676c-462d-86cb-5b2d64804b96/print/
BLUE CROSS AND BLUE SHIELD OF KANSAS INC,"BLUE CROSS AND BLUE SHIELD OF KANSAS, INC.",2026,Q2,10000.0,"H.R. 1627, H.R. 1909, H.R. 2509, H.R. 3841, H.R. 4710, H.R. 5629, H.R. 6248, S. 1851, S. 2355, S. 2420, S. 4027",ai-cyberattacks; job-loss,https://lda.gov/filings/public/filing/e3354732-5fe0-4949-9c06-73ff09099f79/print/
"SB GROUP US, INC. DBA SOFTBANK GROUP US, INC.","SB GROUP US, INC. DBA SOFTBANK GROUP US, INC.",2026,Q2,550000.0,,,https://lda.gov/filings/public/filing/3922a488-fc90-42d3-b9bb-5879d8562376/print/
NATIONAL ASSOCIATION OF SOCIAL WORKERS,NATIONAL ASSOCIATION OF SOCIAL WORKERS,2026,Q2,30000.0,"H.R. 3655, H.R. 4186, H.R. 6672, H.Res. 1149",job-loss; kids-chatbots,https://lda.gov/filings/public/filing/fa4e28af-3f9f-40be-b972-d4197e5bba00/print/
ASSOCIATION OF AMERICAN PUBLISHERS,"GOODLATTE GROUP, LLC F.K.A. ROBERT GOODLATTE",2026,Q2,50000.0,H.R. 6028,,https://lda.gov/filings/public/filing/1c735554-ab79-43e3-a307-39e3d9a0d5ab/print/
THE WALT DISNEY COMPANY,"GOODLATTE GROUP, LLC F.K.A. ROBERT GOODLATTE",2026,Q2,50000.0,H.R. 6028,,https://lda.gov/filings/public/filing/de77db7b-66da-47c5-acb9-41ac95313dd5/print/
PURDUE UNIVERSITY,"LEWIS-BURKE ASSOCIATES, LLC",2026,Q2,25000.0,"H.R. 8462, S. 3597, S. 579",job-loss,https://lda.gov/filings/public/filing/5b535057-52ee-44f7-b386-4dfcdffd3659/print/
RADNET,POTOMAC STRATEGIC CONSULTING LLC,2026,Q2,30000.0,,,https://lda.gov/filings/public/filing/07393d28-65fe-43bc-b6e5-f1a1e6d3fa3d/print/
UNIVERSITY OF SOUTH FLORIDA,UNIVERSITY OF SOUTH FLORIDA,2026,Q2,60000.0,,ai-cyberattacks; job-loss,https://lda.gov/filings/public/filing/ef16fee3-c70d-4f7c-8e1f-85c1479af5ed/print/
FEDERATION OF STATE MEDICAL BOARDS,FEDERATION OF STATE MEDICAL BOARDS,2026,Q2,110000.0,H.R. 2332,,https://lda.gov/filings/public/filing/386ca975-822a-41b6-b048-0fb28b39eea3/print/
CALIFORNIA LIFE SCIENCES,CALIFORNIA LIFE SCIENCES,2026,Q2,160000.0,,job-loss,https://lda.gov/filings/public/filing/4c339e94-0005-4b4e-8e05-94df356f4a96/print/
LABORATORY CORPORATION OF AMERICA HOLDINGS,LABORATORY CORPORATION OF AMERICA HOLDINGS,2026,Q2,270000.0,"H.R. 5269, H.R. 5582, H.R. 8413, H.R. 8500, H.R. 8890, H.R. 9061, H.R. 9393, S. 2355, S. 2761",job-loss,https://lda.gov/filings/public/filing/c08a7dc9-62a4-4a09-b0d4-61ebfcf2115d/print/
"APPLIED MATERIALS, INC","APPLIED MATERIALS, INC",2026,Q2,680000.0,S. 597,,https://lda.gov/filings/public/filing/87431f84-ee8c-470a-b94b-5b5ee39b0ef3/print/
THE UNIVERSITY OF TENNESSEE,THE UNIVERSITY OF TENNESSEE,2026,Q2,200000.0,,job-loss,https://lda.gov/filings/public/filing/64f84212-5796-45af-9be9-a007a0445265/print/
HEALTHCARE LEADERSHIP COUNCIL,HEALTHCARE LEADERSHIP COUNCIL,2026,Q2,200000.0,"H.R. 3164, H.R. 4093, H.R. 4464, H.R. 4731, H.R. 5145, H.R. 5283, H.R. 6010, H.R. 6130, S. 1105, S. 2426, S. 2439, S. 2759, S. 2824, S. 3204, S. 3267, S. 3385, S. 3848",job-loss,https://lda.gov/filings/public/filing/c6060d9e-8ef2-44aa-8a08-702a00dba278/print/
ERISA INDUSTRY COMMITTEE,THE ERISA INDUSTRY COMMITTEE,2026,Q2,70000.0,,ai-cyberattacks,https://lda.gov/filings/public/filing/d896ebb9-4ae3-4e00-aceb-4d2fc4662849/print/
CELLIGENCE LLC,BALLARD PARTNERS,2026,Q2,30000.0,,,https://lda.gov/filings/public/filing/410b3ecf-49ab-44b0-ba8f-aa448ab9f187/print/
HUMANS FIRST,SKYRIDGE STRATEGIES LLC,2026,Q2,10000.0,,job-loss,https://lda.gov/filings/public/filing/7d2b2776-774a-4c56-a7fc-663c0e40fcad/print/
IVANTI,"BRIDGE PUBLIC AFFAIRS, LLC",2026,Q2,90000.0,,ai-cyberattacks,https://lda.gov/filings/public/filing/8441950a-c585-45f7-9a80-73784e2a4a74/print/
"EQUINIX, INC.",BALLARD PARTNERS,2026,Q2,60000.0,,power-bills,https://lda.gov/filings/public/filing/1268d695-6a92-4053-89e6-f066cc31ac02/print/
"JRC INTEGRATED SYSTEMS, INC.",HOLLAND & KNIGHT LLP,2026,Q2,60000.0,,,https://lda.gov/filings/public/filing/be66e4cb-3473-446f-960e-d68445a3993a/print/
SHOPIFY INC,SHOPIFY INC,2026,Q2,180000.0,,,https://lda.gov/filings/public/filing/0ae8bd99-d4ff-49e3-99de-22dc2d2571f9/print/
"RUNE TECHNOLOGIES, INC.",FRONTLINE GOVERNMENT RELATIONS,2026,Q2,30000.0,,china-race,https://lda.gov/filings/public/filing/8c4b11d3-83fa-49fc-a941-121035aa7b09/print/
NATIONAL ASSOCIATION OF WHOLESALER-DISTRIBUTORS,NATIONAL ASSOCIATION OF WHOLESALER-DISTRIBUTORS,2026,Q2,490000.0,H.R. 8413,,https://lda.gov/filings/public/filing/225e7de6-4ba4-44b8-a78f-862480d8f203/print/
THE AI POLICY NETWORK INC.,THE AI POLICY NETWORK INC.,2026,Q2,188894.0,"H.R. 2385, H.R. 2683, H.R. 3919, H.R. 4505, H.R. 4920, H.R. 6875, H.R. 7003, H.R. 8170, H.R. 8800, H.R. 9477, S. 1633, S. 2615, S. 2938, S. 3108, S. 3519, S. 4113, S. 4216, S. 4281, S. 4456, S. 4784",china-race; loss-of-control,https://lda.gov/filings/public/filing/706c7878-74ba-415d-8e05-9b2dcf2668e7/print/
CHARACTER.AI,HOGAN LOVELLS CADWALADER US LLP (FKA HOGAN LOVELLS US LLP),2026,Q2,40000.0,,,https://lda.gov/filings/public/filing/facdf023-37e2-417c-9ed2-ebf5ea84d72b/print/
"SCALE AI, INC.","CORNERSTONE GOVERNMENT AFFAIRS, INC.",2026,Q2,60000.0,,,https://lda.gov/filings/public/filing/c0b187c7-618e-4621-a57f-87161e7d0360/print/
ARIZONA STATE UNIVERSITY,ARIZONA STATE UNIVERSITY,2026,Q2,270000.0,,,https://lda.gov/filings/public/filing/18dd71cb-e614-42b0-a711-f4b3de47fbd0/print/
"ZIMMER BIOMET, INC.","ZIMMER BIOMET, INC.",2026,Q2,190000.0,"H.R. 3006, S. 1776",,https://lda.gov/filings/public/filing/902e8d0d-cdfb-4333-9019-c89018d1101c/print/
COLLEGE OF AMERICAN PATHOLOGISTS,COLLEGE OF AMERICAN PATHOLOGISTS,2026,Q2,180107.0,"H.R. 5269, H.R. 7148, S. 2761",job-loss,https://lda.gov/filings/public/filing/f4dfdec3-d802-4136-a2c9-2ea8d016205f/print/
HEARST CORPORATION,INVARIANT LLC,2026,Q2,90000.0,,,https://lda.gov/filings/public/filing/080bccb7-646c-419b-a986-af5f0865a4dc/print/
C3.AI,C3.AI,2026,Q2,200000.0,,,https://lda.gov/filings/public/filing/5557dfbc-43f2-416e-9ded-ad0401717f33/print/
AI HEALTHCARE COALITION,HOGAN LOVELLS CADWALADER US LLP (FKA HOGAN LOVELLS US LLP),2026,Q2,70000.0,,,https://lda.gov/filings/public/filing/e87318ff-32eb-444f-9b2a-332aa19a2bf4/print/
CROWE LLP,CROWE LLP,2026,Q2,60000.0,,,https://lda.gov/filings/public/filing/aa04863c-af0f-4e94-99d2-6f87202f56b7/print/
CALIFORNIA STATE SENATE,"CJ LAKE, LLC",2026,Q2,30000.0,,kids-chatbots,https://lda.gov/filings/public/filing/5e4d5fac-f0ee-4f68-bf94-40e0d8609b15/print/
ALLETE,PRIMACY STRATEGY GROUP,2026,Q2,20000.0,,power-bills,https://lda.gov/filings/public/filing/87abaee5-68c6-4f15-aedb-99d7dda86f56/print/
THE ASSOCIATION FOR THE ADVANCEMENT OF ARTIFICIAL INTELLIGENCE,"LEWIS-BURKE ASSOCIATES, LLC",2026,Q2,40000.0,,job-loss,https://lda.gov/filings/public/filing/17fca6de-8623-48af-b8c6-ef12c4ec6ff4/print/
UNIVERSITY OF OKLAHOMA,"LEWIS-BURKE ASSOCIATES, LLC",2026,Q2,25000.0,H.R. 9022,,https://lda.gov/filings/public/filing/6d219610-31f8-486a-913b-c3482f3ce235/print/
"PALO ALTO NETWORKS, INC.","PALO ALTO NETWORKS, INC.",2026,Q2,700000.0,H.R. 8413,ai-cyberattacks,https://lda.gov/filings/public/filing/6413aad7-deb4-4801-b953-b110504fa6f4/print/
"HIDDENLAYER, INC.",HOLLAND & KNIGHT LLP,2026,Q2,60000.0,H.R. 9310,ai-cyberattacks,https://lda.gov/filings/public/filing/ff57b2ea-e3ee-41dc-a3da-da78555fdebd/print/
AMERICAN SECURITIES ASSOCIATION,AMERICAN SECURITIES ASSOCIATION,2026,Q2,90000.0,"H.R. 2246, H.R. 2441, H.R. 3383, H.R. 3395, H.R. 3959, H.R. 5748, H.R. 8286, H.R. 8338, H.R. 8800, S. 1053, S. 1877, S. 3935",china-race,https://lda.gov/filings/public/filing/451fc70a-c03b-4579-9e22-96d8a2e2ef8d/print/
AMERICAN ASSOCIATION OF NURSE ANESTHETISTS,AMERICAN ASSOCIATION OF NURSE ANESTHETISTS,2026,Q2,275000.0,"H.R. 1317, H.R. 3593, H.R. 5304, S. 1874, S. 2587, S. 575",job-loss,https://lda.gov/filings/public/filing/4bc7672f-cd0c-4d46-bbbe-c7f90a619def/print/
COMPUTER & COMMUNICATIONS INDUSTRY ASSOCIATION,ARENTFOX SCHIFF LLP,2026,Q2,60000.0,"H.R. 3921, H.R. 6875, H.R. 8623, H.R. 8800, H.R. 8915, S. 1829, S. 3062, S. 4591",china-race,https://lda.gov/filings/public/filing/76049a4b-ea79-43ca-96a0-67470c18f570/print/
"ADVANCED MICRO DEVICES, INC.","CORNERSTONE GOVERNMENT AFFAIRS, INC.",2026,Q2,80000.0,,,https://lda.gov/filings/public/filing/73366918-6e91-4fd7-9752-19344c7f4847/print/
MEDIATEK USA INC.,"PLURUS STRATEGIES, LLC",2026,Q2,60000.0,,,https://lda.gov/filings/public/filing/3d049766-6446-4abd-9721-ad7692848eda/print/
"T-MOBILE USA, INC.","PLURUS STRATEGIES, LLC",2026,Q2,30000.0,,,https://lda.gov/filings/public/filing/9870ea86-3b37-40ff-92ff-88e1d20c199b/print/
"TECO HOLDINGS INC., FORMERLY KNOWN AS ENERGY, INC.","TECO HOLDINGS INC., FORMERLY KNOWN AS TECO ENERGY, INC.",2026,Q2,163062.0,"H.R. 1, H.R. 3699, S. 1945",power-bills,https://lda.gov/filings/public/filing/28d26ffb-8830-4669-9cfd-73fad4d1ee1f/print/
IAC,SQUIRE PATTON BOGGS,2026,Q2,60000.0,,,https://lda.gov/filings/public/filing/53739e01-b3ef-4407-a288-0a000eb258bd/print/
INDEPENDENT COMMUNITY BANKERS OF AMERICA,INDEPENDENT COMMUNITY BANKERS OF AMERICA,2026,Q2,2170000.0,"H.R. 1606, H.R. 2152, H.R. 2835, H.R. 2885, H.R. 2978, H.R. 3234, H.R. 3380, H.R. 3390, H.R. 3446, H.R. 3633, H.R. 3709, H.R. 4437, H.R. 4478, H.R. 4544, H.R. 4551, H.R. 478, H.R. 5276, H.R. 5291, H.R. 5317, H.R. 6547, H.R. 6552, H.R. 6554, H.R. 6555, H.R. 6556, H.R. 6955, H.R. 7056, H.R. 7548, H.R. 8071, H.R. 8075, H.R. 8087, H.R. 8088, H.R. 8278, H.R. 8671, H.R. 9331, H.R. 940, H.R. 941, H.R. 976, S. 113, S. 2663, S. 2704, S. 2999, S. 3774, S. 3830, S. 427, S. 557",ai-cyberattacks,https://lda.gov/filings/public/filing/a352a3d2-889c-4afd-bdf3-57e6af70c77f/print/
PAYPAL INC,"PAYPAL, INC.",2026,Q2,611000.0,H.R. 3633,,https://lda.gov/filings/public/filing/14d8ce4a-5edc-4300-ba3b-6c29845e8ecd/print/
AMERICAN UROLOGICAL ASSOCIATION,AMERICAN UROLOGICAL ASSOCIATION,2026,Q2,80000.0,,job-loss,https://lda.gov/filings/public/filing/eac8d153-712a-4d1d-87b8-5a198be0b24e/print/
CROWDSTRIKE INC.,FGS GLOBAL (US) LLC (FKA FGH HOLDINGS LLC),2026,Q2,150000.0,,ai-cyberattacks,https://lda.gov/filings/public/filing/60c3b94a-c7ae-49db-aa73-7b854beff467/print/
CENTENE CORPORATION,"BROWNSTEIN HYATT FARBER SCHRECK, LLP",2026,Q2,60000.0,H.R. 1,,https://lda.gov/filings/public/filing/3a48b3d5-8dca-4ae8-9d35-6c5a6ca7048c/print/
NVIDIA CORPORATION,"BROWNSTEIN HYATT FARBER SCHRECK, LLP",2026,Q2,90000.0,,,https://lda.gov/filings/public/filing/8d7cc835-4453-45e9-9d50-2fc840f6a31f/print/
FIDELITY NATIONAL INFORMATION SYSTEMS INC AND SUBSIDIARIES,"FIDELITY NATIONAL INFORMATION SYSTEMS, INC. AND SUBSIDIARIES",2026,Q2,150000.0,,ai-cyberattacks,https://lda.gov/filings/public/filing/5e7105a7-7ee5-4f97-b33f-8818604645a8/print/
"NYT MEDIA U.S., INC.","BROWNSTEIN HYATT FARBER SCHRECK, LLP",2026,Q2,80000.0,,,https://lda.gov/filings/public/filing/9f8381a7-cc1e-4a05-a9b6-4c93cd62ecc1/print/
RELX INC,"BROWNSTEIN HYATT FARBER SCHRECK, LLP",2026,Q2,50000.0,,,https://lda.gov/filings/public/filing/b0995eea-dbdf-49dc-8524-ff9335edc9ec/print/
CAPITAL ONE FINANCIAL CORPORATION,VENABLE LLP,2026,Q2,30000.0,,,https://lda.gov/filings/public/filing/75975243-5757-400a-a7f2-e59364ac5d15/print/
CENTERPOINT ENERGY,CENTERPOINT ENERGY,2026,Q2,110000.0,"H.R. 1047, H.R. 1355, H.R. 2613, H.R. 3616, H.R. 3632, H.R. 3638, H.R. 3668, H.R. 3699, S. 1945",ai-cyberattacks; power-bills,https://lda.gov/filings/public/filing/52708757-d864-454e-9c0d-b13f683408c1/print/
OCEAN CONSERVANCY,OCEAN CONSERVANCY,2026,Q2,260000.0,"H.R. 2556, H.R. 2673, H.R. 2848, H.R. 2881, H.R. 3071, H.R. 3742, H.R. 4018, H.R. 6068, H.R. 6098, H.R. 8099, H.R. 8919, H.R. 9034, H.R. 9035, S. 1445, S. 1486, S. 2860, S. 3082, S. 4213, S. 4239, S. 460, S. 4715, S. 818",power-bills,https://lda.gov/filings/public/filing/47544e46-7f1a-4dc7-90f1-f0e1fcc405f7/print/
"MERCARI, INC.",INVARIANT LLC,2026,Q2,50000.0,,,https://lda.gov/filings/public/filing/3bbfab6a-b0b8-4519-98fe-e2013e9e7d52/print/
U.S. CHAMBER OF COMMERCE,FULCRUM PUBLIC AFFAIRS LLC,2026,Q2,50000.0,,,https://lda.gov/filings/public/filing/9eca50de-396f-49eb-bc89-1f9974e490a0/print/
ELI LILLY AND COMPANY,ELI LILLY AND COMPANY,2026,Q2,3258850.0,H.R. 5376,,https://lda.gov/filings/public/filing/1961fe95-3ec7-4ba4-917d-4875d95aa7dd/print/
PRINCE WILLIAM SOUND REGIONAL CITIZENS ADVISORY COUNCIL,BLANK ROME GOVERNMENT RELATIONS,2026,Q2,40000.0,"H.R. 4275, S. 524",,https://lda.gov/filings/public/filing/b2555a2d-de30-4b64-ad0f-b644c12928b6/print/
AMERICANS FOR PROSPERITY,AMERICANS FOR PROSPERITY,2026,Q2,660000.0,"H.R. 7816, H.R. 8413, S. 4082",,https://lda.gov/filings/public/filing/43ec0d1a-11ba-40cf-b00f-51ecec0c68a2/print/
EMERGENT STRATEGIES ON BEHALF OF ZETA GLOBAL CORP.,MARBLE ARCH,2026,Q2,20000.0,,,https://lda.gov/filings/public/filing/fa13c9b4-76ba-4c02-8a2d-e7670203ccf4/print/
RECORDING INDUSTRY ASSOCIATION OF AMERICA,"ALPINE GROUP PARTNERS, LLC.",2026,Q2,50000.0,"H.R. 8915, S. 4591",,https://lda.gov/filings/public/filing/a44eca08-36ce-4eb2-aec2-d7f05455d433/print/
"CISCO SYSTEMS, INC.",EMPIRE CONSULTING GROUP,2026,Q2,30000.0,,,https://lda.gov/filings/public/filing/2cf12d06-3ca9-4004-8166-0b70292b2083/print/
EPIC SYSTEMS,MCDERMOTT+,2026,Q2,20000.0,,,https://lda.gov/filings/public/filing/658a61d9-967b-4976-872b-b407d3cddae4/print/
ADC TECH INC.,GRV STRATEGIES LLC,2026,Q2,50000.0,,,https://lda.gov/filings/public/filing/b1fecbec-f361-4f2d-9ee5-5edeef4211f4/print/
"NOTARIZE, INC. DBA PROOF.COM","NOTARIZE, INC. DBA PROOF.COM",2026,Q2,80000.0,"H.R. 1777, H.R. 3633, S. 1561",,https://lda.gov/filings/public/filing/eca5f862-69f8-474c-ab55-6da80ec3b985/print/
ZEBRA TECHNOLOGIES,121 STRATEGIES & GOVERNMENT RELATIONS,2026,Q2,40000.0,,ai-cyberattacks,https://lda.gov/filings/public/filing/b6899824-8953-4d52-8fbc-e3fff906bca0/print/
ASSOCIATION OF NATIONAL ADVERTISERS,VENABLE LLP,2026,Q2,50000.0,H.R. 8413,kids-chatbots,https://lda.gov/filings/public/filing/1afdcee3-6038-4ff5-8aa4-0715b8b6ade4/print/
"THE ACADEMY ADVISORS, INC.","THE ACADEMY ADVISORS, INC.",2026,Q2,50000.0,,job-loss,https://lda.gov/filings/public/filing/f58e45d8-cc78-4c24-a023-f2fc2c83a512/print/
AICPA ASSOCIATION OF INTERNATIONAL CERTIFIED PROFESSIONAL ACCOUNTANTS,"CROSSROADS STRATEGIES, LLC",2026,Q2,40000.0,,,https://lda.gov/filings/public/filing/d234d690-a52d-4ae5-8dfd-7d27a79d893c/print/
FIRSTENERGY CORP,FIRSTENERGY CORP,2026,Q2,290000.0,"H.R. 1047, H.R. 3015, H.R. 3157, H.R. 3616, H.R. 3628, H.R. 3632, H.R. 3638, H.R. 3843, H.R. 4503, H.R. 4776, H.R. 6336, H.R. 6983, H.R. 7977, H.R. 8568, H.R. 9340, S. 3034, S. 3585, S. 3682, S. 3947, S. 4559, S. 465",ai-cyberattacks; power-bills,https://lda.gov/filings/public/filing/a3f51d47-c52a-4a8b-a428-b9a2a88af9fd/print/
"BSA BUSINESS SOFTWARE ALLIANCE, INC.","CROSSROADS STRATEGIES, LLC",2026,Q2,50000.0,,ai-cyberattacks,https://lda.gov/filings/public/filing/a81cc004-5550-461b-8640-afec86f2f74f/print/
SEAGATE TECHNOLOGY LLC,"BROWNSTEIN HYATT FARBER SCHRECK, LLP",2026,Q2,80000.0,,china-race,https://lda.gov/filings/public/filing/568bf355-94f5-47d3-bdd5-4da9b374aeb9/print/
"SAMSUNG ELECTRONICS AMERICA, INC.","ROBERTI GLOBAL (FKA ROBERTI WHITE, LLC)",2026,Q2,60000.0,,ai-cyberattacks,https://lda.gov/filings/public/filing/6a185990-2459-41f3-95b5-65ecbd006d3c/print/
CONSENSUS CLOUD SOLUTIONS,"BROWNSTEIN HYATT FARBER SCHRECK, LLP",2026,Q2,20000.0,,,https://lda.gov/filings/public/filing/712c4fc8-76fa-4a4b-b4bd-f8c51160a204/print/
DATA CENTER COALITION,"CROSSROADS STRATEGIES, LLC",2026,Q2,60000.0,,power-bills,https://lda.gov/filings/public/filing/93be40cc-e8d6-40cb-9832-2a04be864383/print/
GSK (FKA GLAXOSMITHKLINE INC.),GSK (FKA GLAXOSMITHKLINE INC.),2026,Q2,890000.0,"H.R. 1, H.R. 1262, H.R. 1492, H.R. 2214, H.R. 3521, H.R. 4317, H.R. 5256, H.R. 5509, H.R. 6423, H.R. 6610, H.R. 7391, H.R. 7837, H.R. 7953, H.R. 8269, H.R. 946, S. 1414, S. 1954, S. 2296, S. 2658, S. 3014, S. 3345, S. 355, S. 3788, S. 4784, S. 652, S. 832, S. 864, S. 891",kids-chatbots,https://lda.gov/filings/public/filing/67b5714f-7362-43a2-86fd-22759280fe17/print/
IKEA US RETAIL LLC,INVARIANT LLC,2026,Q2,50000.0,,,https://lda.gov/filings/public/filing/ac655a5f-95c4-4ebe-afed-b87f37a61a16/print/
PNK DC LLC,"ROBERTI GLOBAL (FKA ROBERTI WHITE, LLC)",2026,Q2,80000.0,,power-bills,https://lda.gov/filings/public/filing/ed58bb68-c812-48fb-abc2-6712487ed883/print/
INTERNET WORKS ASSOCIATION,LOT SIXTEEN LLC,2026,Q2,50000.0,"S. 1586, S. 1829, S. 2153, S. 404",,https://lda.gov/filings/public/filing/e6d25a54-eae1-45f9-ba75-b8cb67bf619a/print/
"HITACHI, LTD","HITACHI, LTD",2026,Q2,140000.0,,ai-cyberattacks; job-loss,https://lda.gov/filings/public/filing/e5a3646f-5b61-4b6a-bb45-734ed96f2553/print/
"X, INC. F/K/A TWITTER, INC.","THE JOSEPH GROUP, LLC",2026,Q2,30000.0,,,https://lda.gov/filings/public/filing/cf728a1e-18fd-454a-a327-db7613e4778c/print/
Y COMBINATOR,"THE JOSEPH GROUP, LLC",2026,Q2,45000.0,,,https://lda.gov/filings/public/filing/49cc2456-0721-49ec-946b-2c1576a0d32f/print/
DUCKDUCKGO,"THE JOSEPH GROUP, LLC",2026,Q2,30000.0,,,https://lda.gov/filings/public/filing/73c098b1-664d-4eba-9a2a-4411aa11063c/print/
BOOKING HOLDINGS INC.,"CONVERGENCE STRATEGIES, LLC",2026,Q2,45000.0,,,https://lda.gov/filings/public/filing/d788c57d-7493-42e6-adc6-40344f27fa59/print/
BOOKING HOLDINGS INC.,BOOKING HOLDINGS INC.,2026,Q2,390000.0,,,https://lda.gov/filings/public/filing/00d1811c-e9f6-48ab-b9a9-663619a27317/print/
INFOSYS LIMITED,DGA GROUP GOVERNMENT RELATIONS LLC,2026,Q2,90000.0,,job-loss,https://lda.gov/filings/public/filing/b31d5e24-9a7d-4075-aab6-5970e8af42ac/print/
"FIGMA, INC.",INVARIANT LLC,2026,Q2,90000.0,,,https://lda.gov/filings/public/filing/8449263d-dbf5-42e6-8b2e-79b393f8bb57/print/
AMERICAN PSYCHOLOGICAL ASSOCIATION SERVICES INC.(FKA AMERICAN PSYCHOLOGICAL ASSN,AMERICAN PSYCHOLOGICAL ASSOCIATION SERVICES INC.(FKA AMERICAN PSYCHOLOGICAL ASSN,2026,Q2,340000.0,"S. 1820, S. 2703, S. 4916",bias; job-loss; loss-of-control,https://lda.gov/filings/public/filing/fe14a043-e538-415f-9e08-9dd655a0cc7c/print/
"TD BANK, NA","TD BANK, NA",2026,Q2,460000.0,,ai-cyberattacks,https://lda.gov/filings/public/filing/114648d3-48f7-4812-a857-7b3e14d97390/print/
"TOAST, INC.","BROWNSTEIN HYATT FARBER SCHRECK, LLP",2026,Q2,80000.0,,,https://lda.gov/filings/public/filing/c73270c0-c519-4ef1-aefc-6926062c35bf/print/
ALLIANCE FOR THE FUTURE,HILLTOP ADVOCACY,2026,Q2,20000.0,,,https://lda.gov/filings/public/filing/f56498bc-b77f-4c3e-954e-a123d0beee38/print/
"WORKDAY, LLC",HILLTOP ADVOCACY,2026,Q2,10000.0,,,https://lda.gov/filings/public/filing/45ecf553-556f-4b35-8bf7-7314b72a2b0b/print/
MOAPA BAND OF PAIUTE,RAGNAR GROUP LLC,2026,Q2,40000.0,,power-bills,https://lda.gov/filings/public/filing/2b226f1b-a868-4132-bede-a9c8c75ca61f/print/
LUMINA AI,"BROWNSTEIN HYATT FARBER SCHRECK, LLP",2026,Q2,30000.0,,,https://lda.gov/filings/public/filing/74c3e401-9fbb-4fc4-af0b-f7bdfc5f2996/print/
SUPERMICRO,BALLARD PARTNERS,2026,Q2,300000.0,,china-race; power-bills,https://lda.gov/filings/public/filing/714a4e6d-2951-4783-a072-a2b7c3cc5a0c/print/
RECORDING INDUSTRY ASSOCIATION OF AMERICA INC,OGR,2026,Q2,50000.0,"H.R. 2794, S. 1367",,https://lda.gov/filings/public/filing/354bf404-d328-428d-bb8a-f4f2b07c3f19/print/
ECOLAB INC. ON BEHALF OF NALCO COMPANY,OGR,2026,Q2,50000.0,,power-bills,https://lda.gov/filings/public/filing/b3ffca32-7113-4662-a059-310055c2d150/print/
AON SERVICE CORPORATION,OGR,2026,Q2,50000.0,"H.R. 7128, S. 4395",power-bills,https://lda.gov/filings/public/filing/7fa355c8-d639-45b6-880b-a4a94b155713/print/
ALLIANCE FOR A BETTER FUTURE,ACG ADVOCACY,2026,Q2,60000.0,,kids-chatbots,https://lda.gov/filings/public/filing/9775ff3a-b3c4-4d07-8f30-4b34da1e659e/print/
COMCAST CORPORATION,ACG ADVOCACY,2026,Q2,20000.0,,,https://lda.gov/filings/public/filing/77635f79-8e06-475e-ac37-c21c54e22468/print/
ZUFFA AND AFFILIATES FKA WME GROUP,ACG ADVOCACY,2026,Q2,20000.0,,,https://lda.gov/filings/public/filing/76be13e8-1177-4672-9ed1-4eabe976199d/print/
COALITION OF EPSCOR STATES,VAN SCOYOC ASSOCIATES,2026,Q2,210000.0,"H.R. 8845, S. 933",,https://lda.gov/filings/public/filing/5deacda9-115e-4a0a-add8-dd7afe0d4f38/print/
"SK AMERICAS, INC.",SQUIRE PATTON BOGGS,2026,Q2,180000.0,,,https://lda.gov/filings/public/filing/9a6d224f-112a-461f-96f9-e1adc82fc660/print/
MEDICAL DEVICE MANUFACTURERS ASSOCIATION,MEDICAL DEVICE MANUFACTURERS ASSOCIATION,2026,Q2,320000.0,"H.R. 3723, H.R. 5343, H.R. 5662, S. 1717",ai-cyberattacks,https://lda.gov/filings/public/filing/e5e6e1db-164f-47d5-b47a-8be2228d5bf9/print/
RELX INC,RELX INC.,2026,Q2,750000.0,H.R. 8495,,https://lda.gov/filings/public/filing/c46f7d3e-02cb-41bd-88e8-a3628fc897c9/print/
COLUMBIA UNIVERSITY,VAN SCOYOC ASSOCIATES,2026,Q2,50000.0,"H.R. 8462, S. 3597",,https://lda.gov/filings/public/filing/912a99a0-be50-42d1-a975-8ab171a92c4b/print/
"AMERESCO, INC.",HOLLAND & KNIGHT LLP,2026,Q2,60000.0,,power-bills,https://lda.gov/filings/public/filing/78d1bd22-b92f-419f-9ca6-9acc23bd3250/print/
NEVADA SYSTEM OF HIGHER EDUCATION,VAN SCOYOC ASSOCIATES,2026,Q2,60000.0,"H.R. 8845, H.R. 9022, H.R. 9170, H.R. 9171, H.R. 9260",job-loss; power-bills,https://lda.gov/filings/public/filing/24e3c9b8-67fc-4623-bdbc-d673a3711efb/print/
THE BUSINESS ROUNDTABLE,INVARIANT LLC,2026,Q2,60000.0,,ai-cyberattacks,https://lda.gov/filings/public/filing/286bea5a-807a-4807-9aec-25eca8b14858/print/
DOUBLEVERIFY,DOUBLEVERIFY,2026,Q2,75000.0,,,https://lda.gov/filings/public/filing/de98fffc-0190-4d1b-b936-d2015ac5fdad/print/
TEXAS A&M UNIVERSITY SYSTEM,VAN SCOYOC ASSOCIATES,2026,Q2,20000.0,"H.R. 5466, H.R. 8800, H.R. 8845, H.R. 9495",china-race,https://lda.gov/filings/public/filing/4e42f211-7a84-44eb-84b7-39b1382ae1a0/print/
THE UNIVERSITY OF UTAH,VAN SCOYOC ASSOCIATES,2026,Q2,50000.0,,,https://lda.gov/filings/public/filing/39de9d7d-799f-45bb-8871-9fc360fa33d0/print/
"CREDIT UNION NATIONAL ASSOCIATION, INC. DBA AMERICA'S CREDIT UNIONS",CREDIT UNION NATIONAL ASSOCIATION. INC. DBA AMERICA'S CREDIT UNIONS,2026,Q2,1290000.0,"H.R. 1606, H.R. 1652, H.R. 1653, H.R. 1777, H.R. 1791, H.R. 1799, H.R. 1919, H.R. 1944, H.R. 2064, H.R. 2094, H.R. 2152, H.R. 2183, H.R. 2331, H.R. 2513, H.R. 2702, H.R. 2808, H.R. 2978, H.R. 2987, H.R. 306, H.R. 3074, H.R. 3230, H.R. 3379, H.R. 3380, H.R. 3445, H.R. 3633, H.R. 3709, H.R. 3838, H.R. 4167, H.R. 425, H.R. 4437, H.R. 4460, H.R. 4544, H.R. 4568, H.R. 4735, H.R. 4801, H.R. 4936, H.R. 507, H.R. 5402, H.R. 5577, H.R. 5775, H.R. 654, H.R. 6544, H.R. 6644, H.R. 6955, H.R. 7035, H.R. 7056, H.R. 7484, H.R. 7588, H.R. 7866, H.R. 8075, H.R. 8088, H.R. 8141, H.R. 8671, H.R. 9331, H.R. 940, H.R. 941, H.R. 975, H.R. 976, S. 100, S. 110, S. 1124, S. 1465, S. 1467, S. 1561, S. 1880, S. 2019, S. 2113, S. 2419, S. 2486, S. 2544, S. 2545, S. 2651, S. 2704, S. 3017, S. 3575, S. 3623, S. 3660, S. 3734, S. 381, S. 3849, S. 3889, S. 3940, S. 522, S. 557, S. 875, S. 978, S.J.Res. 130, S.J.Res. 132, S.J.Res. 141",ai-cyberattacks; kids-chatbots; loss-of-control,https://lda.gov/filings/public/filing/2f54fa9e-112a-4932-a94a-d0cdfb37e3d6/print/
UNIVERSITY OF NEW MEXICO,VAN SCOYOC ASSOCIATES,2026,Q2,40000.0,,power-bills,https://lda.gov/filings/public/filing/95e8997b-4d29-4201-a7df-d8a746807de3/print/
"ADVANCED MICRO DEVICES, INC.","VENTURE GOVERNMENT STRATEGIES, LLC (FKA HOBART HALLAWAY & QUAYLE VENTURES, LLC)",2026,Q2,40000.0,,,https://lda.gov/filings/public/filing/847f5d07-161b-4c2f-8a21-66d765f70907/print/
THE MICHAEL J. FOX FOUNDATION FOR PARKINSON'S RESEARCH,THE MICHAEL J. FOX FOUNDATION FOR PARKINSON'S RESEARCH,2026,Q2,150000.0,"H.R. 138, H.R. 2036, H.R. 2491, H.R. 6130, H.R. 6766, H.R. 7567, H.R. 7779, H.R. 8469, H.R. 8646, H.R. 9150, H.R. 9260, H.R. 9357, S. 1227, S. 1565, S. 3267, S. 3492, S. 925",bias; china-race; job-loss; loss-of-control,https://lda.gov/filings/public/filing/4150fb21-6764-4629-a6d9-ed58dd4a4200/print/
AGILE DEFENSE LLC,"VENTURE GOVERNMENT STRATEGIES, LLC (FKA HOBART HALLAWAY & QUAYLE VENTURES, LLC)",2026,Q2,80000.0,H.R. 9495,,https://lda.gov/filings/public/filing/498c2725-6299-4365-a908-e93c71c78b05/print/
"LANCIUM, LLC",HOLLAND & KNIGHT LLP,2026,Q2,30000.0,,power-bills,https://lda.gov/filings/public/filing/895bccc2-cfe1-43d8-bea6-3638620ef794/print/
"ARMADA SYSTEMS, INC.","VENTURE GOVERNMENT STRATEGIES, LLC (FKA HOBART HALLAWAY & QUAYLE VENTURES, LLC)",2026,Q2,80000.0,"H.R. 9022, H.R. 9310, H.R. 9495",,https://lda.gov/filings/public/filing/3b3c3634-85db-4006-8e74-f0279d8eff91/print/
RECORDING INDUSTRY ASSOCIATION OF AMERICA,RECORDING INDUSTRY ASSOCIATION OF AMERICA,2026,Q2,2206361.0,"H.R. 2794, H.R. 7209, H.R. 8915, S. 2455, S. 3813",,https://lda.gov/filings/public/filing/03b3f6c1-f8d3-4e9b-85db-75864311aa76/print/
DUKE ENERGY,"ALPINE GROUP PARTNERS, LLC.",2026,Q2,80000.0,,ai-cyberattacks; power-bills,https://lda.gov/filings/public/filing/66e5acd6-11f0-4b5a-b969-cbb5079bcde0/print/
NEW YORK UNIVERSITY LANGONE MEDICAL CENTER,VAN SCOYOC ASSOCIATES,2026,Q2,30000.0,"H.R. 3178, H.R. 9504, S. 1600",job-loss,https://lda.gov/filings/public/filing/7c3fefe8-e166-4e47-b373-6e0eb539996c/print/
BATTELLE MEMORIAL INSTITUTE,"VENTURE GOVERNMENT STRATEGIES, LLC (FKA HOBART HALLAWAY & QUAYLE VENTURES, LLC)",2026,Q2,40000.0,,,https://lda.gov/filings/public/filing/1eaa589e-77e8-4ddf-8316-f154824dae99/print/
"MOTOROLA SOLUTIONS, INC.","CROSSROADS STRATEGIES, LLC",2026,Q2,60000.0,"H.R. 8800, H.R. 9170, H.R. 9310, H.R. 9495, S. 4784",,https://lda.gov/filings/public/filing/51c98248-353d-41ad-816b-72764e932fae/print/
"AGILITY ROBOTICS, INC.",SIO ADVOCACY LLC,2026,Q2,43750.0,"H.R. 7334, H.R. 8800, S. 4686, S. 4784",job-loss,https://lda.gov/filings/public/filing/3ce96b8e-8884-48ee-95e4-5ad64cca1f2f/print/
TRELLIX (FORMERLY MUSARUBA US LLC),TRELLIX (FORMERLY MUSARUBA US LLC),2026,Q2,220000.0,"H.R. 8800, H.R. 9624, S. 4615, S. 4784",ai-cyberattacks,https://lda.gov/filings/public/filing/02bee337-28e4-46a9-aa9e-7af4876cd7cc/print/
INTRINSIC INNOVATION LLC,CROWELL & MORING LLP,2026,Q2,20000.0,,,https://lda.gov/filings/public/filing/cb53c32d-1865-4493-8f0e-8d5650f3dcfe/print/
NRG ENERGY,LOT SIXTEEN LLC,2026,Q2,50000.0,,power-bills,https://lda.gov/filings/public/filing/1eba6d46-4954-4bd7-9f7b-4ea3899d149b/print/
"DOCUSIGN, INC.","DOCUSIGN, INC.",2026,Q2,140000.0,,,https://lda.gov/filings/public/filing/b388767e-5afe-490c-a581-f9e7df04c065/print/
ASSOCIATION OF AMERICAN PUBLISHERS,ASSOCIATION OF AMERICAN PUBLISHERS,2026,Q2,463947.0,,,https://lda.gov/filings/public/filing/8d931ab8-30cb-45a2-8a3f-09b1e2f77506/print/
CTIA THE WIRELESS ASSOCIATION,S-3 GROUP,2026,Q2,60000.0,,,https://lda.gov/filings/public/filing/7a16ac54-f95f-4bc0-af59-b8ead841c070/print/
KPMG LLP,KPMG LLP,2026,Q2,420000.0,,,https://lda.gov/filings/public/filing/e8f32b26-f829-4a0c-ad63-3f1fe3ec16b0/print/
LINKEDIN CORPORATION,LINKEDIN CORPORATION,2026,Q2,280000.0,"H.R. 5351, H.R. 6291, H.R. 6484, H.R. 7757, H.R. 8183, H.R. 9334, H.R. 9381, S. 1683, S. 1748, S. 278, S. 836",job-loss; kids-chatbots,https://lda.gov/filings/public/filing/2e6af2de-88d5-4077-9b11-34ec566ce451/print/
NETCHOICE,S-3 GROUP,2026,Q2,60000.0,,kids-chatbots,https://lda.gov/filings/public/filing/c8a8a8c3-94bd-4cac-a643-ee42588e92aa/print/
EDISON ELECTRIC INSTITUTE,EDISON ELECTRIC INSTITUTE,2026,Q2,1689193.0,"H.R. 1047, H.R. 1355, H.R. 3015, H.R. 3062, H.R. 3157, H.R. 3616, H.R. 3617, H.R. 3628, H.R. 3632, H.R. 3638, H.R. 3657, H.R. 3843, H.R. 4503, H.R. 5600, H.R. 6336, H.R. 6633, H.R. 6983, H.R. 7258, H.R. 7729, H.R. 7977, H.R. 8248, H.R. 8400, H.R. 8568, H.R. 9332, H.R. 9335, H.R. 9339, H.R. 9340, S. 1327, S. 3034, S. 3192, S. 3585, S. 3682, S. 3852, S. 3947, S. 4559, S. 465",ai-cyberattacks; power-bills,https://lda.gov/filings/public/filing/c91e3527-a013-4a53-b2ad-59d13c36f01a/print/
"SYNOPSYS, INC.","SYNOPSYS, INC.",2026,Q2,310000.0,"H.R. 8462, S. 3597",,https://lda.gov/filings/public/filing/c5eac179-c73b-44bb-aac7-d808fea0ced8/print/
BOYS & GIRLS CLUBS OF AMERICA,BOYS & GIRLS CLUBS OF AMERICA,2026,Q2,120000.0,H.R. 2910,job-loss; kids-chatbots,https://lda.gov/filings/public/filing/885aa8fe-2f17-4bea-af7a-fb7a827677d9/print/
"THE BUSINESS ROUNDTABLE, INC.",S-3 GROUP,2026,Q2,60000.0,,,https://lda.gov/filings/public/filing/dac77e18-a753-4b3c-9f40-990c53981bd0/print/
"RIOT PLATFORMS, INC.","RIOT PLATFORMS, INC.",2026,Q2,100000.0,,ai-cyberattacks; power-bills,https://lda.gov/filings/public/filing/e74fe365-2dff-43b5-9ab1-df6fd2500b59/print/
"LEO TECHNOLOGIES, LLC","BROWNSTEIN HYATT FARBER SCHRECK, LLP",2026,Q2,40000.0,,,https://lda.gov/filings/public/filing/68e47282-bd6b-4044-83d0-b5fc563eb1b2/print/
KATAHDIN IMPACT INC.,S-3 GROUP,2026,Q2,120000.0,,,https://lda.gov/filings/public/filing/83b435bd-6b76-4f62-98ef-540d2a636e55/print/
ACCENTURE LLP,INVARIANT LLC,2026,Q2,100000.0,,ai-cyberattacks,https://lda.gov/filings/public/filing/18928409-b556-4d08-b629-13c8e2c46a2d/print/
PARAMOUNT GLOBAL (FORMERLY VIACOMCBS),"BECKER & POLIAKOFF, P.A.",2026,Q2,10000.0,,,https://lda.gov/filings/public/filing/febbc562-ffd9-4c7e-a410-0c32f4e6f7b9/print/
DEFENDERS OF WILDLIFE,DEFENDERS OF WILDLIFE,2026,Q2,270000.0,"H.J.Res. 151, H.R. 1206, H.R. 142, H.R. 1555, H.R. 1705, H.R. 178, H.R. 184, H.R. 1897, H.R. 2235, H.R. 2673, H.R. 2709, H.R. 2820, H.R. 2848, H.R. 2849, H.R. 2862, H.R. 2865, H.R. 2881, H.R. 2882, H.R. 2886, H.R. 3067, H.R. 3188, H.R. 3329, H.R. 3715, H.R. 376, H.R. 3898, H.R. 3930, H.R. 4038, H.R. 41, H.R. 4503, H.R. 471, H.R. 4776, H.R. 556, H.R. 5587, H.R. 582, H.R. 598, H.R. 6078, H.R. 6268, H.R. 6300, H.R. 6747, H.R. 7147, H.R. 717, H.R. 7332, H.R. 7567, H.R. 7695, H.R. 7951, H.R. 7979, H.R. 8037, H.R. 8259, H.R. 8438, H.R. 8509, H.R. 8640, H.R. 8646, H.R. 8682, H.R. 8688, H.R. 8800, H.R. 8845, H.R. 8870, H.R. 8919, H.R. 9017, H.R. 9035, H.R. 9138, H.R. 9167, H.R. 9171, H.R. 9184, H.R. 9188, H.R. 9221, H.R. 9250, H.R. 9310, H.R. 9436, S. 140, S. 1432, S. 1445, S. 1449, S. 1462, S. 1472, S. 1486, S. 1519, S. 1547, S. 2, S. 2015, S. 2016, S. 2042, S. 211, S. 2554, S. 2787, S. 2967, S. 2968, S. 2969, S. 2970, S. 3503, S. 3947, S. 4146, S. 4412, S. 4455, S. 446, S. 4462, S. 4475, S. 4753, S. 530, S. 537, S. 6380, S. 90, S. 902, S. 919, S.J.Res. 109, S.Res. 782",china-race; job-loss; power-bills,https://lda.gov/filings/public/filing/b70a9884-c9c4-46c3-8b03-8c3d2ac4fb65/print/
CUMMINS INC.,INVARIANT LLC,2026,Q2,80000.0,,,https://lda.gov/filings/public/filing/5540ec5c-7a94-48c2-957a-b7490e1c5441/print/
"SK AMERICAS, INC.",INVARIANT LLC,2026,Q2,140000.0,,,https://lda.gov/filings/public/filing/26233565-d073-4545-964a-e0b30901b420/print/
NATIONAL ASSOCIATION OF SOCIAL WORKERS,WHEAT SHROYER GOVERNMENT RELATIONS LLC,2026,Q2,50000.0,"H.R. 3655, H.R. 4186, H.R. 6672",job-loss; kids-chatbots,https://lda.gov/filings/public/filing/ee785419-15f1-4360-aa2f-e88c8c2a28d5/print/
SCOUT AI INC.,STRATEGIC MARKETING INNOVATIONS,2026,Q2,40000.0,,,https://lda.gov/filings/public/filing/74e2b3a5-8dfa-4147-9ade-d7897fccec16/print/
PROFESSIONAL PHOTOGRAPHERS OF AMERICA,"R2P STRATEGIES, LLC",2026,Q2,60000.0,,,https://lda.gov/filings/public/filing/8d2de01b-a95f-4181-aac1-fd7291e1cdf3/print/
FOUNDATION FOR ADVANCING ALCOHOL RESPONSIBILITY (RESPONSIBILITY.ORG),WHEAT SHROYER GOVERNMENT RELATIONS LLC,2026,Q2,50000.0,"H.R. 1137, H.R. 6704, H.R. 8870, H.R. 9170",job-loss; loss-of-control,https://lda.gov/filings/public/filing/ca24423b-7334-4225-bb91-f881bd9afdfc/print/
"ADVANCED MICRO DEVICES, INC.","MEHLMAN CONSULTING, INC.",2026,Q2,80000.0,"H.R. 3447, H.R. 6875, H.R. 8800, S. 1705, S. 4784",,https://lda.gov/filings/public/filing/d84c1d37-0cf3-44df-a346-c78e27e17216/print/
PARASANTI,STRATEGIC MARKETING INNOVATIONS,2026,Q2,10000.0,,,https://lda.gov/filings/public/filing/8e42a39d-07bb-4d28-a4a5-bb25bff963df/print/
EDERA L3C,"BROWNSTEIN HYATT FARBER SCHRECK, LLP",2026,Q2,70000.0,,,https://lda.gov/filings/public/filing/d22eef53-6414-49fc-b78f-6a711779f8fa/print/
THE BUSINESS ROUNDTABLE,"MEHLMAN CONSULTING, INC.",2026,Q2,60000.0,,,https://lda.gov/filings/public/filing/f4a6d635-a921-4782-b857-fef92cf5292a/print/
CDW CORPORATION,"MEHLMAN CONSULTING, INC.",2026,Q2,60000.0,,,https://lda.gov/filings/public/filing/7316d4c3-2efd-4583-92a8-8b37d72ad24a/print/
"TRETE, INC.","INNOVATIVE POLICY, PLLC",2026,Q2,30000.0,,,https://lda.gov/filings/public/filing/010cf613-e188-4c51-a307-c0fcc98d7107/print/
HAVOCAI,"BROWNSTEIN HYATT FARBER SCHRECK, LLP",2026,Q2,50000.0,,,https://lda.gov/filings/public/filing/65ee6f74-d7bf-4268-b3b1-b7facabe894f/print/
BCBSM INC,"BCBSM, INC.",2026,Q2,28000.0,"H.R. 1197, H.R. 1627, H.R. 1909, H.R. 2509, H.R. 3841, H.R. 4710, H.R. 5629, H.R. 6248, S. 1851, S. 2355, S. 2420, S. 4027, S. 931, S. 958",ai-cyberattacks; job-loss,https://lda.gov/filings/public/filing/c895bce1-f798-4628-a41f-5708d871e49a/print/
CONCURRENT TECHNOLOGIES CORPORATION,PRASAM,2026,Q2,10000.0,"H.R. 8800, H.R. 9495, S. 4784",ai-cyberattacks,https://lda.gov/filings/public/filing/07767e59-6de2-4c77-8a55-2e6e015029cc/print/
PUGET SOUND ENERGY,PUGET SOUND ENERGY,2026,Q2,350000.0,"H.R. 1047, H.R. 1355, H.R. 3015, H.R. 3062, H.R. 3157, H.R. 3616, H.R. 3617, H.R. 3628, H.R. 3632, H.R. 3638, H.R. 3657, H.R. 3843, H.R. 4503, H.R. 5600, H.R. 6336, H.R. 6633, H.R. 6983, H.R. 7258, H.R. 7729, H.R. 7977, H.R. 8248, H.R. 8400, H.R. 8568, H.R. 9332, H.R. 9335, H.R. 9339, H.R. 9340, S. 1327, S. 3034, S. 3192, S. 3585, S. 3682, S. 3852, S. 3947, S. 4559, S. 465",ai-cyberattacks; power-bills,https://lda.gov/filings/public/filing/9679a2d4-168c-4c24-89f0-9b6b2721af26/print/
AMERICAN CLINICAL LABORATORY ASSN,AMERICAN CLINICAL LABORATORY ASSN,2026,Q2,890000.0,"H.R. 5269, S. 2761",job-loss,https://lda.gov/filings/public/filing/dee2f7a9-47ca-4dcf-ae12-4e397ab5d099/print/
"P STREET PROJECT, INC.","P STREET PROJECT, INC.",2026,Q2,10000.0,,,https://lda.gov/filings/public/filing/0f4e6387-a99e-4c14-b04f-7569d29ee372/print/
HP INC,HP INC.,2026,Q2,800000.0,,,https://lda.gov/filings/public/filing/3574a4e9-a6f0-4786-9b47-af18ff1e1898/print/
THOMSON REUTERS,HOLLAND & KNIGHT LLP,2026,Q2,60000.0,,ai-cyberattacks,https://lda.gov/filings/public/filing/55be6b7a-ae26-4a0f-9afe-ced88f30216c/print/
PARAMOUNT SKYDANCE CORPORATION,"INNOVATIVE POLICY, PLLC",2026,Q2,50000.0,,,https://lda.gov/filings/public/filing/3726fa67-7d43-4143-b2f8-501e74f0b539/print/
FIVETRAN INC.,"BROWNSTEIN HYATT FARBER SCHRECK, LLP",2026,Q2,60000.0,,,https://lda.gov/filings/public/filing/7b6f526d-5c42-4d47-bf53-1eb41a13434b/print/
AMERICAN EXPRESS COMPANY,AMERICAN EXPRESS COMPANY,2026,Q2,470000.0,"H.R. 3403, H.R. 5079, H.R. 7757, H.R. 8413, S. 1337, S. 394",ai-cyberattacks; kids-chatbots,https://lda.gov/filings/public/filing/f76ea2b7-0481-4635-a53f-ed6c8cbdf510/print/
AMERICAN PROPERTY CASUALTY INSURANCE ASSOCIATION,EMERGENT STRATEGIES,2026,Q2,50000.0,,china-race,https://lda.gov/filings/public/filing/72509cb3-8f1d-40f1-ae5d-80edcb2d5138/print/
"ELASTICSEARCH, INC.","ELASTICSEARCH, INC.",2026,Q2,60000.0,,ai-cyberattacks,https://lda.gov/filings/public/filing/4b100d04-ea4a-44fb-9798-0e2a090d2d89/print/
"AUTODESK, INC","CASSIDY & ASSOCIATES, INC.",2026,Q2,60000.0,,ai-cyberattacks; job-loss,https://lda.gov/filings/public/filing/e2a48251-f1ec-448d-b528-c1f2d1774b91/print/
HCA HEALTHCARE,"MEHLMAN CONSULTING, INC.",2026,Q2,60000.0,S. 2355,,https://lda.gov/filings/public/filing/eaedc706-efc5-4110-baf4-e317d07cc45d/print/
IBM CORPORATION,"MEHLMAN CONSULTING, INC.",2026,Q2,80000.0,"S. 3062, S. 3597",,https://lda.gov/filings/public/filing/9154821b-f1e3-4dcf-b388-b7d84e146e11/print/
INFORMATION TECHNOLOGY INDUSTRY COUNCIL (ITI),"MEHLMAN CONSULTING, INC.",2026,Q2,50000.0,S. 3597,ai-cyberattacks; china-race,https://lda.gov/filings/public/filing/797dd1d8-eb28-4586-8b11-54327b340809/print/
MAPLEBEAR INC. D/B/A INSTACART,EMERGENT STRATEGIES,2026,Q2,45000.0,S. 3892,,https://lda.gov/filings/public/filing/6fa1092a-bdb6-436c-b5e3-b0225ed4d009/print/
FANUC AMERICA CORPORATION,DLA PIPER LLP (US),2026,Q2,170000.0,"H.R. 7334, S. 4686",,https://lda.gov/filings/public/filing/f6f8d22b-65c4-456f-acfb-b23124252c86/print/
"TERADYNE, INC.",DLA PIPER LLP (US),2026,Q2,50000.0,,,https://lda.gov/filings/public/filing/d298f5e8-fbdb-4255-b592-b764ca9d16e1/print/
"FERMIFORWARD DISCOVERY GROUP, LLC","LEWIS-BURKE ASSOCIATES, LLC",2026,Q2,40000.0,"H.R. 4490, H.R. 4496, H.R. 8462, S. 1579, S. 2325, S. 3597, S. 579",job-loss,https://lda.gov/filings/public/filing/b4529697-3888-447a-922e-8afacfbebe5b/print/
"PINDROP SECURITY, INC.",DLA PIPER LLP (US),2026,Q2,80000.0,,deepfakes,https://lda.gov/filings/public/filing/de5b769a-6592-410f-9dd6-fccd696f5799/print/
MARVELL TECHNOLOGY,"MEHLMAN CONSULTING, INC.",2026,Q2,60000.0,"H.R. 8800, S. 4784",china-race; job-loss; power-bills,https://lda.gov/filings/public/filing/89c37f85-3f43-40b0-8803-6ad4193aa281/print/
NODA AI INC.,DLA PIPER LLP (US),2026,Q2,60000.0,H.R. 9495,china-race,https://lda.gov/filings/public/filing/f4602320-4000-4f18-86f3-aa5bb08c4c85/print/
MAYO CLINIC,"MEHLMAN CONSULTING, INC.",2026,Q2,60000.0,,,https://lda.gov/filings/public/filing/8644a3fb-cb5e-4811-8e49-296fb47feb00/print/
"AVATHON, INC.",DLA PIPER LLP (US),2026,Q2,80000.0,H.R. 9495,,https://lda.gov/filings/public/filing/fa07757f-51a5-47e7-bcf9-f04245dc0332/print/
"FIVETRAN, INC.",DLA PIPER LLP (US),2026,Q2,80000.0,,,https://lda.gov/filings/public/filing/36507229-8160-4c18-95b8-cf1d1b3aae6d/print/
"MEDTRONIC, INC.","MEHLMAN CONSULTING, INC.",2026,Q2,60000.0,,ai-cyberattacks,https://lda.gov/filings/public/filing/84db5531-9d06-4366-a23d-38631d01d07e/print/
"META PLATFORMS, INC.","MEHLMAN CONSULTING, INC.",2026,Q2,50000.0,H.R. 3149,kids-chatbots,https://lda.gov/filings/public/filing/d303a005-8271-4fcc-a749-304dec7d0a3f/print/
NATIONAL VENTURE CAPITAL ASSOCIATION,"MEHLMAN CONSULTING, INC.",2026,Q2,60000.0,,ai-cyberattacks,https://lda.gov/filings/public/filing/b69b8376-ed3c-42ee-a71d-f3c1ddd2ae2f/print/
VERTIV CORPORATION,VERTIV CORPORATION,2026,Q2,30000.0,,power-bills,https://lda.gov/filings/public/filing/2130eac8-7cff-4870-990d-399d62e63e8f/print/
"TNC (US) HOLDINGS, INC. (FORMERLY NIELSEN)","MEHLMAN CONSULTING, INC.",2026,Q2,40000.0,"H.R. 6291, H.R. 7757, S. 1628",ai-cyberattacks; kids-chatbots,https://lda.gov/filings/public/filing/a4a8d18c-d4c9-4382-8476-0f74a1d29db5/print/
CMS ENERGY CORP,CMS ENERGY CORP,2026,Q2,170000.0,"H.R. 1047, H.R. 1355, H.R. 3015, H.R. 3062, H.R. 3157, H.R. 3616, H.R. 3617, H.R. 3628, H.R. 3632, H.R. 3638, H.R. 3657, H.R. 3668, H.R. 3699, H.R. 3843, H.R. 3898, H.R. 4503, H.R. 4626, H.R. 4690, H.R. 5600, H.R. 6264, H.R. 6336, H.R. 6633, H.R. 6983, H.R. 7197, H.R. 7258, H.R. 7729, H.R. 7926, H.R. 7977, H.R. 8248, H.R. 8400, H.R. 8568, H.R. 9332, H.R. 9335, H.R. 9339, H.R. 9340, S. 1327, S. 3034, S. 3192, S. 3585, S. 3682, S. 3852, S. 3947, S. 4559, S. 465, S. 914",ai-cyberattacks; power-bills,https://lda.gov/filings/public/filing/767d3ebd-9d18-40c8-819c-be32109c8cba/print/
"NOTARIZE, INC. DBA PROOF.COM","MEHLMAN CONSULTING, INC.",2026,Q2,50000.0,H.R. 3633,,https://lda.gov/filings/public/filing/697edcb7-f891-4050-97b1-99113add9c99/print/
"PALO ALTO NETWORKS, INC.","MEHLMAN CONSULTING, INC.",2026,Q2,60000.0,,ai-cyberattacks,https://lda.gov/filings/public/filing/7921c480-2ee9-4527-b1de-884d117d9c23/print/
INTERNATIONAL UNION OF OPERATING ENGINEERS,INTERNATIONAL UNION OF OPERATING ENGINEERS,2026,Q2,140000.0,,power-bills,https://lda.gov/filings/public/filing/63f81f6b-11c8-4b85-80e4-76cbeee26230/print/
INTEL CORPORATION,INTEL CORPORATION,2026,Q2,700000.0,"H.R. 3447, H.R. 4920, H.R. 5885, H.R. 6207, H.R. 6322, H.R. 6875, H.R. 8170, H.R. 8595, H.R. 9022, H.R. 9495, S. 1473, S. 1705, S. 3150, S. 3301, S. 3374, S. 3597",china-race,https://lda.gov/filings/public/filing/d3c5f124-cbb7-4a36-879f-44c5b0d64634/print/
"SCALE AI, INC.","MEHLMAN CONSULTING, INC.",2026,Q2,60000.0,,,https://lda.gov/filings/public/filing/006eec38-47e5-4902-b739-894977f8dcfc/print/
TECHNOLOGY CEO COUNCIL,"MEHLMAN CONSULTING, INC.",2026,Q2,140000.0,,,https://lda.gov/filings/public/filing/def467e3-dae8-4812-b587-154f9aaa4b82/print/
PORTLAND GENERAL ELECTRIC,PORTLAND GENERAL ELECTRIC,2026,Q2,90000.0,"H.R. 1047, H.R. 1355, H.R. 3015, H.R. 3062, H.R. 3157, H.R. 3616, H.R. 3617, H.R. 3628, H.R. 3632, H.R. 3638, H.R. 3657, H.R. 3843, H.R. 4503, H.R. 5600, H.R. 6336, H.R. 6633, H.R. 6983, H.R. 7258, H.R. 7729, H.R. 7977, H.R. 8248, H.R. 8400, H.R. 8568, H.R. 9332, H.R. 9335, H.R. 9339, H.R. 9340, S. 1327, S. 3034, S. 3192, S. 3585, S. 3682, S. 3852, S. 3947, S. 4559, S. 465",ai-cyberattacks; power-bills,https://lda.gov/filings/public/filing/9e6d6878-88c0-4647-bca3-4090a9d8a29d/print/
INFORMATION TECHNOLOGY INDUSTRY COUNCIL,INFORMATION TECHNOLOGY INDUSTRY COUNCIL,2026,Q2,720000.0,"H.R. 8413, H.R. 9318, S. 3597",china-race; job-loss,https://lda.gov/filings/public/filing/b876a416-206e-4a6e-a122-f6af0b55269b/print/
ZETA GLOBAL CORP.,EMERGENT STRATEGIES,2026,Q2,75000.0,H.R. 8413,,https://lda.gov/filings/public/filing/2f988972-57a7-4467-8eaf-7934b6f3be4d/print/
EMPOWER RETIREMENT LLC,DAVIS & HARMAN LLP,2026,Q2,10000.0,"H.R. 6722, H.R. 9764, H.R. 9765, S. 1707, S. 1831, S. 5148, S. 5149",job-loss,https://lda.gov/filings/public/filing/47679246-6e1a-4a35-b2ee-942c2d573fd4/print/
NASDAQ INC,"NASDAQ, INC.",2026,Q2,760000.0,"H.R. 1, H.R. 2441, H.R. 2576, H.R. 2603, H.R. 2608, H.R. 2610, H.R. 2624, H.R. 3383, H.R. 4119, H.R. 6623, S. 1990, S. 2597",,https://lda.gov/filings/public/filing/807a5bfa-1ab2-4d69-9246-28febcdd3e19/print/
PRIVACY FOR AMERICA,VENABLE LLP,2026,Q2,140000.0,,kids-chatbots,https://lda.gov/filings/public/filing/d31106ba-4c2b-41a6-9e6e-9a975ede4fca/print/
BERKSHIRE HATHAWAY ENERGY,BERKSHIRE HATHAWAY ENERGY,2026,Q2,260000.0,"H.R. 1047, H.R. 3157, H.R. 3616, H.R. 3628, H.R. 3632, H.R. 3638, H.R. 3657, H.R. 3898, H.R. 4776, H.R. 6336, H.R. 6633, H.R. 9332, H.R. 9335, H.R. 9339, H.R. 9340",power-bills,https://lda.gov/filings/public/filing/f2632fe1-4d5e-4138-85f5-cb57c6c93510/print/
BLACK HILLS CORPORATION,BLACK HILLS CORPORATION,2026,Q2,8000.0,,power-bills,https://lda.gov/filings/public/filing/9e66d538-e3a5-44bf-b4ba-a592f00c39a5/print/
BURNS & MCDONNELL ENGINEERING COMPANY INC,VENN STRATEGIES,2026,Q2,120000.0,,power-bills,https://lda.gov/filings/public/filing/edd11173-2577-4afa-8ee1-50e6c67d6dcb/print/
"CONTROL AI US, INC.","CONTROL AI US, INC.",2026,Q2,80000.0,,loss-of-control,https://lda.gov/filings/public/filing/9b928c60-327c-47f7-9add-ac736a2fccf7/print/
PEARSON EDUCATION,VENABLE LLP,2026,Q2,60000.0,"H.R. 5800, H.R. 8183, H.R. 8210, H.R. 8870, S. 2114",job-loss,https://lda.gov/filings/public/filing/ebaead7f-7a83-45b3-a246-e89940305c2f/print/
BUILDING AND CONSTRUCTION TRADES DEPT AFL-CIO,"BUILDING AND CONSTRUCTION TRADES DEPT., AFL-CIO",2026,Q2,290000.0,"H.R. 1055, H.R. 20, H.R. 3474, H.R. 3944, H.R. 5408, H.R. 7115, H.R. 7977, H.R. 8477, H.R. 9340, H.R. 982, S. 3682, S. 3993, S. 4559, S. 844, S. 852",job-loss; kids-chatbots; power-bills,https://lda.gov/filings/public/filing/06fabb33-76ae-453c-8efb-b6f92006a9a0/print/
SUTTER HEALTH,VENABLE LLP,2026,Q2,80000.0,"H.R. 1708, H.R. 3164, H.R. 3514, H.R. 4206, H.R. 4581, H.R. 5269, S. 1087, S. 1261, S. 1816, S. 2372, S. 2426, S. 2761, S. 335",job-loss,https://lda.gov/filings/public/filing/35325de0-7f51-42bc-8d67-de45ad99c7ba/print/
ASSOCIATION OF AMERICAN MEDICAL COLLEGES,ASSOCIATION OF AMERICAN MEDICAL COLLEGES,2026,Q2,821438.0,"H.R. 1, H.R. 1048, H.R. 1153, H.R. 1201, H.R. 1585, H.R. 1802, H.R. 1835, H.R. 1863, H.R. 1864, H.R. 2106, H.R. 2314, H.R. 3178, H.R. 3514, H.R. 3593, H.R. 3838, H.R. 3885, H.R. 4016, H.R. 4262, H.R. 4313, H.R. 4371, H.R. 5100, H.R. 5269, H.R. 5304, H.R. 5428, H.R. 5582, H.R. 593, H.R. 6468, H.R. 7409, H.R. 7961, H.R. 8163, H.R. 8469, H.R. 8495, H.R. 879, H.R. 8800, H.R. 8845, H.R. 8942, H.R. 8943, H.R. 9260, H.R. 9390, H.R. 9393, H.R. 9504, H.Res. 708, H.Res. 745, S. 1071, S. 1296, S. 1816, S. 1874, S. 1941, S. 2355, S. 2439, S. 2587, S. 2600, S. 266, S. 2715, S. 2761, S. 331, S. 3348, S. 3385, S. 3386, S. 3757, S. 3971, S. 4110, S. 709, S. 854, S. 855, S. 862, S. 975",bias; job-loss; kids-chatbots,https://lda.gov/filings/public/filing/65248002-323b-42aa-a61b-71db4d224c7d/print/
THRIVENT FINANCIAL FOR LUTHERANS,VENN STRATEGIES,2026,Q2,80000.0,,,https://lda.gov/filings/public/filing/5915d36b-7071-4fde-9829-017b48a2db36/print/
ADVOCATE HEALTH,VENABLE LLP,2026,Q2,50000.0,"H.R. 1708, S. 1087",ai-cyberattacks; job-loss,https://lda.gov/filings/public/filing/c83e8fe5-145c-4ad4-85ba-bb361bb34519/print/
MICROSOFT CORPORATION,"VENTURE GOVERNMENT STRATEGIES, LLC (FKA HOBART HALLAWAY & QUAYLE VENTURES, LLC)",2026,Q2,60000.0,"H.R. 8800, H.R. 9022, H.R. 9495, S. 4784",ai-cyberattacks,https://lda.gov/filings/public/filing/3cdec2be-afff-483d-b04a-597fe681c1b3/print/
"IRON MOUNTAIN INFORMATION MANAGEMENT, LLC",AMERICAN DEFENSE INTERNATIONAL,2026,Q2,20000.0,,power-bills,https://lda.gov/filings/public/filing/140d7533-53de-419c-9492-6b9ab501f0b0/print/
PARALYZED VETERANS OF AMERICA,PARALYZED VETERANS OF AMERICA,2026,Q2,112137.0,"H.R. 1004, H.R. 1039, H.R. 1041, H.R. 1107, H.R. 1147, H.R. 1228, H.R. 1286, H.R. 1288, H.R. 1290, H.R. 1336, H.R. 1344, H.R. 1364, H.R. 1391, H.R. 14, H.R. 1404, H.R. 1423, H.R. 1458, H.R. 1578, H.R. 1644, H.R. 1663, H.R. 1685, H.R. 1732, H.R. 1733, H.R. 1741, H.R. 1793, H.R. 1803, H.R. 1814, H.R. 1815, H.R. 1823, H.R. 1860, H.R. 1872, H.R. 1912, H.R. 1957, H.R. 1960, H.R. 1965, H.R. 1970, H.R. 1971, H.R. 1972, H.R. 1987, H.R. 2034, H.R. 2055, H.R. 2068, H.R. 2077, H.R. 210, H.R. 2137, H.R. 2138, H.R. 2148, H.R. 217, H.R. 219, H.R. 2195, H.R. 220, H.R. 2201, H.R. 2245, H.R. 2264, H.R. 2576, H.R. 2605, H.R. 2625, H.R. 2717, H.R. 2720, H.R. 2721, H.R. 2722, H.R. 2791, H.R. 2954, H.R. 303, H.R. 3031, H.R. 3123, H.R. 3183, H.R. 3309, H.R. 333, H.R. 3386, H.R. 3400, H.R. 3481, H.R. 3579, H.R. 3627, H.R. 3643, H.R. 3710, H.R. 3720, H.R. 3726, H.R. 3752, H.R. 3753, H.R. 3767, H.R. 3833, H.R. 3834, H.R. 3854, H.R. 3855, H.R. 3863, H.R. 3869, H.R. 3886, H.R. 3951, H.R. 4026, H.R. 4077, H.R. 4105, H.R. 4114, H.R. 4271, H.R. 4322, H.R. 439, H.R. 4398, H.R. 4469, H.R. 4509, H.R. 4637, H.R. 472, H.R. 4805, H.R. 4855, H.R. 5096, H.R. 5203, H.R. 5261, H.R. 530, H.R. 5339, H.R. 5436, H.R. 553, H.R. 5634, H.R. 5992, H.R. 6001, H.R. 6024, H.R. 6032, H.R. 6033, H.R. 6038, H.R. 6047, H.R. 6224, H.R. 6376, H.R. 6377, H.R. 6453, H.R. 647, H.R. 6549, H.R. 658, H.R. 6580, H.R. 6583, H.R. 659, H.R. 6599, H.R. 668, H.R. 6698, H.R. 6733, H.R. 6740, H.R. 6755, H.R. 6764, H.R. 680, H.R. 6833, H.R. 6835, H.R. 6843, H.R. 6861, H.R. 6904, H.R. 6943, H.R. 7083, H.R. 7094, H.R. 7103, H.R. 7141, H.R. 7149, H.R. 7150, H.R. 7199, H.R. 7260, H.R. 740, H.R. 7411, H.R. 7472, H.R. 7841, H.R. 785, H.R. 8224, H.R. 8327, H.R. 8420, H.R. 8532, H.R. 8667, H.R. 8793, H.R. 9018, H.R. 9105, H.R. 9237, H.R. 9316, H.R. 9364, H.R. 9376, H.R. 9379, H.R. 9410, H.R. 9433, H.R. 9446, H.R. 9466, H.R. 9475, H.R. 9510, H.R. 9524, H.R. 9533, H.R. 965, H.R. 980, H.R. 982, S. 1116, S. 1127, S. 124, S. 1245, S. 1320, S. 1383, S. 1441, S. 1533, S. 1543, S. 1591, S. 1644, S. 1657, S. 1665, S. 1726, S. 1868, S. 1992, S. 201, S. 2055, S. 2061, S. 2107, S. 214, S. 2145, S. 2171, S. 2220, S. 2264, S. 2309, S. 2328, S. 2333, S. 2392, S. 2397, S. 2476, S. 2523, S. 2534, S. 2623, S. 2683, S. 2737, S. 275, S. 2807, S. 2988, S. 3000, S. 3033, S. 3098, S. 3119, S. 3170, S. 3253, S. 3286, S. 3303, S. 3308, S. 3311, S. 3388, S. 3395, S. 342, S. 3591, S. 3647, S. 3653, S. 3691, S. 3706, S. 3726, S. 3818, S. 3988, S. 3992, S. 3993, S. 3999, S. 4043, S. 410, S. 4108, S. 4131, S. 4140, S. 4162, S. 4183, S. 4197, S. 4217, S. 4220, S. 4247, S. 4400, S. 4694, S. 4744, S. 478, S. 506, S. 585, S. 599, S. 605, S. 607, S. 609, S. 610, S. 611, S. 635, S. 649, S. 654, S. 668, S. 701, S. 702, S. 749, S. 778, S. 784, S. 787, S. 800, S. 827, S. 831, S. 862, S. 879, S. 892, S. 926, S. 972",job-loss; kids-chatbots,https://lda.gov/filings/public/filing/490e6b30-13f3-4884-b6e8-031842e22c9e/print/
GE HEALTHCARE,RED+BLUE STRATEGIES,2026,Q2,70000.0,,,https://lda.gov/filings/public/filing/85c66875-733b-4b41-90ce-7c78670a9be0/print/
ECOLAB INC,ECOLAB INC.,2026,Q2,440000.0,H.R. 9022,power-bills,https://lda.gov/filings/public/filing/5b6dbf7e-5d00-46f8-a3ba-17ce39491c3a/print/
BITDEER TECHNOLOGIES GROUP,"TOWER STRATEGY, LLC",2026,Q2,75000.0,,power-bills,https://lda.gov/filings/public/filing/36cb243a-5957-49cb-a9e1-f512fbac7e96/print/
LAWYERS' COMMITTEE FOR CIVIL RIGHTS UNDER LAW,LAWYERS' COMMITTEE FOR CIVIL RIGHTS UNDER LAW,2026,Q2,40000.0,,bias; job-loss,https://lda.gov/filings/public/filing/ef682cb3-ad49-49ba-b138-8dce00399424/print/
THE ERISA INDUSTRY COMMITTEE,DYKEMA GOSSETT PLLC,2026,Q2,20000.0,,ai-cyberattacks; bias,https://lda.gov/filings/public/filing/71512a2b-5d5c-4f62-aa53-7c31910e0bf4/print/
"ANTHROPIC, PBC","KOUNTOUPES DENHAM CARR & REID, LLC",2026,Q2,60000.0,,,https://lda.gov/filings/public/filing/038ace8c-a981-4a85-91b2-a1bc556ab8dd/print/
TOOLS FOR HUMANITY CORPORATION,"TWINLOGIC STRATEGIES, LLP",2026,Q2,80000.0,,ai-cyberattacks,https://lda.gov/filings/public/filing/918cdb89-7aa3-40f6-aeec-990f1bf83fdc/print/
AMERICANS FOR RESPONSIBLE INNOVATION,"KOUNTOUPES DENHAM CARR & REID, LLC",2026,Q2,90000.0,,power-bills,https://lda.gov/filings/public/filing/5161fc33-40da-46c1-94e5-62c72e258f0a/print/
THE INTERNET INFRASTRUCTURE COALITION (I2COALITION),"TWINLOGIC STRATEGIES, LLP",2026,Q2,50000.0,,ai-cyberattacks; deepfakes; kids-chatbots,https://lda.gov/filings/public/filing/2899c4fb-52e3-41c7-b157-bb63e1cbf642/print/
LINKEDIN,"TWINLOGIC STRATEGIES, LLP",2026,Q2,50000.0,,kids-chatbots,https://lda.gov/filings/public/filing/5f234084-f8dc-4f48-ad59-578812e0270b/print/
"URAC, INC.",ARNOLD & PORTER KAYE SCHOLER LLP,2026,Q2,70000.0,"H.R. 5304, H.R. 6609, H.R. 6610, H.R. 9260",job-loss,https://lda.gov/filings/public/filing/8854bcec-a7f1-4a56-b3d7-2015b61f8221/print/
REINSURANCE ASSN OF AMERICA,REINSURANCE ASSN OF AMERICA,2026,Q2,370000.0,"H.R. 7132, H.R. 8398, H.R. 9471, S. 245, S. 3578, S. 3772, S. 4942",ai-cyberattacks,https://lda.gov/filings/public/filing/b0bf4977-7344-4ba9-be69-f402ef2943c7/print/
"X CORP. (FORMERLY TWITTER, INC.)","TWINLOGIC STRATEGIES, LLP",2026,Q2,40000.0,,kids-chatbots,https://lda.gov/filings/public/filing/2f398ed8-c15a-41b7-b749-23982c35e547/print/
"T-MOBILE USA, INC.","TWINLOGIC STRATEGIES, LLP",2026,Q2,40000.0,,ai-cyberattacks,https://lda.gov/filings/public/filing/b6417272-ee7a-46d9-8a28-c5798b9e4ebc/print/
GRAND CANYON UNIVERSITY,ARNOLD & PORTER KAYE SCHOLER LLP,2026,Q2,60000.0,,job-loss,https://lda.gov/filings/public/filing/fc866b66-8a54-4344-a6b4-1b6b9a24c62f/print/
SCIENCE APPLICATIONS INTERNATIONAL CORPORATION,"TWINLOGIC STRATEGIES, LLP",2026,Q2,30000.0,,ai-cyberattacks,https://lda.gov/filings/public/filing/7da35871-5461-45cf-8fd6-6a2c1a8e4166/print/
SIIA,"TWINLOGIC STRATEGIES, LLP",2026,Q2,25000.0,,deepfakes,https://lda.gov/filings/public/filing/82055c5a-6b2f-4c96-bcbd-255bc99b4aed/print/
"INDEPENDENT ELECTRICAL CONTRACTORS, INC.","GOVERNMENT AFFAIRS SOLUTIONS, LLC",2026,Q2,40000.0,,power-bills,https://lda.gov/filings/public/filing/effffae9-ead0-41f6-b0f9-0a9ae797a64b/print/
ENVIRONMENTAL POLICY INNOVATION CENTER,HIGH STREET STRATEGIES LLC,2026,Q2,7000.0,"H.R. 3898, H.R. 4503, H.R. 4776, H.R. 6256, S. 1564",,https://lda.gov/filings/public/filing/12651342-0a6a-4e9d-9400-0e0fe6b9ad99/print/
SOCIETY FOR HUMAN RESOURCE MANAGEMENT,SOCIETY FOR HUMAN RESOURCE MANAGEMENT,2026,Q2,270000.0,"H.R. 1611, H.R. 6621, H.R. 8210, S. 2740, S. 3339",job-loss,https://lda.gov/filings/public/filing/53b47c5e-0edf-4a79-a9b8-4a6c9cf87d2a/print/
AMERICAN PIPELINE CONTRACTORS ASSOCIATION,"GOVERNMENT AFFAIRS SOLUTIONS, LLC",2026,Q2,80000.0,"H.R. 1047, H.R. 3015, H.R. 3062, H.R. 3668, H.R. 3898, H.R. 4503, H.R. 4776, H.R. 5301, H.R. 573, H.R. 9338, S. 1355, S. 2975",power-bills,https://lda.gov/filings/public/filing/4eaa8599-6e14-42c9-b774-1a76a133e007/print/
POWER & COMMUNICATION CONTRACTORS ASSOCIATION,"GOVERNMENT AFFAIRS SOLUTIONS, LLC",2026,Q2,50000.0,"H.R. 1047, H.R. 3015, H.R. 3062, H.R. 3898, H.R. 4503, H.R. 4776, H.R. 5301, H.R. 573, H.R. 9338, S. 1355, S. 2975",power-bills,https://lda.gov/filings/public/filing/da886376-b0c0-4346-9b16-3e021786299b/print/
SANTA CLARA VALLEY WATER DISTRICT,SANTA CLARA VALLEY WATER DISTRICT,2026,Q2,130000.0,"H.R. 2344, H.R. 6984, S. 1118, S. 4213",power-bills,https://lda.gov/filings/public/filing/3d70f6bb-fe07-4ddf-8e17-b079a8140f6d/print/
"SALESFORCE, INC.",CHECKMATE GOVERNMENT RELATIONS,2026,Q2,150000.0,,ai-cyberattacks,https://lda.gov/filings/public/filing/f725f42b-c84d-4f69-841a-bc5adfedbede/print/
TRM LABS,DIROMA ECK & CO. LLP,2026,Q2,40000.0,,,https://lda.gov/filings/public/filing/a3f4b6c2-2212-411f-bbaf-9e3f48ce2b59/print/
VISTRA CORPORATE SERVICES COMPANY,"ALPINE GROUP PARTNERS, LLC.",2026,Q2,80000.0,,power-bills,https://lda.gov/filings/public/filing/763ff759-0657-446b-8531-4c1cfac551dc/print/
"PREMIER, INC.","PREMIER, INC.",2026,Q2,140000.0,"H.R. 1585, H.R. 2172, H.R. 2213, H.R. 2433, H.R. 3178, H.R. 3514, H.R. 4464, H.R. 4559, H.R. 4731, H.R. 483, H.R. 5031, H.R. 786, S. 1058, S. 1460, S. 1600, S. 1816, S. 2439, S. 709, S. 998",ai-cyberattacks; bioweapons; job-loss,https://lda.gov/filings/public/filing/08cc300a-2034-40e9-b82e-2d5250545e58/print/
MICROSOFT,TRACTION STRATEGIC,2026,Q2,30000.0,S. 3982,power-bills,https://lda.gov/filings/public/filing/1066dcce-34fe-4d92-87dd-839be0ceb287/print/
SIEMENS CORPORATION,"ALPINE GROUP PARTNERS, LLC.",2026,Q2,50000.0,,,https://lda.gov/filings/public/filing/59331eae-9536-430f-ae65-50027b82c364/print/
NVIDIA CORPORATION,NVIDIA CORPORATION,2026,Q2,1250000.0,"H.R. 2683, H.R. 3447, H.R. 6875, S. 1705, S. 3519",china-race; job-loss,https://lda.gov/filings/public/filing/4caec807-4163-44a7-9fbb-2001daedab24/print/
BROADCOM INC,BROADCOM INC.,2026,Q2,420000.0,"H.R. 2683, H.R. 3447, H.R. 6875, S. 1705, S. 3519",ai-cyberattacks; loss-of-control,https://lda.gov/filings/public/filing/362cc44f-d745-44f8-84a2-59dcfdc7eda2/print/
"CJ LAKE, LLC (ON BEHALF OF CALIFORNIA STATE SENATE)",HB STRATEGIES,2026,Q2,30000.0,,,https://lda.gov/filings/public/filing/e6ef4892-b3ea-4cbd-b32a-0cf57731634d/print/
ALTANA TECHNOLOGIES,TIBER CREEK GROUP,2026,Q2,40000.0,,,https://lda.gov/filings/public/filing/83b601cc-22ac-4c51-8918-7bd301bcd666/print/
CORETSU INC.,BAKER & HOSTETLER LLP,2026,Q2,160000.0,,,https://lda.gov/filings/public/filing/e8881236-890e-41de-b3aa-93ec75a50983/print/
PARASOL COOPERATIVE,"MERCURY PUBLIC AFFAIRS, LLC",2026,Q2,10000.0,,,https://lda.gov/filings/public/filing/fe758c1b-0481-49d6-a57a-add3ef7cf5d8/print/
OPEN AI,"MERCURY PUBLIC AFFAIRS, LLC",2026,Q2,50000.0,,,https://lda.gov/filings/public/filing/77c2b014-bdf8-40c8-a5b4-3bd3338ad4e3/print/
SOLVENTUM CORPORATION,TIBER CREEK GROUP,2026,Q2,60000.0,,,https://lda.gov/filings/public/filing/3ef76f40-e348-4049-aeff-24437a0cad95/print/
"COREWEAVE, INC.","CROSSROADS STRATEGIES, LLC",2026,Q2,80000.0,,power-bills,https://lda.gov/filings/public/filing/5c8699ce-abc1-4eb0-a76a-f35614326ee3/print/
MASSACHUSETTS INSTITUTE OF TECHNOLOGY,MASSACHUSETTS INSTITUTE OF TECHNOLOGY,2026,Q2,100000.0,,,https://lda.gov/filings/public/filing/58cc5fe2-c6e8-41d7-8881-1dedde9834dd/print/
THE NORTHWESTERN MUTUAL LIFE INSURANCE COMPANY,TIBER CREEK GROUP,2026,Q2,50000.0,"H.R. 8398, H.R. 8413",,https://lda.gov/filings/public/filing/8fa5e7c3-b38d-4039-83e4-e9b703d91392/print/
THE NORTHWESTERN MUTUAL LIFE INSURANCE COMPANY,THE NORTHWESTERN MUTUAL LIFE INSURANCE COMPANY,2026,Q2,1260000.0,"H.R. 8398, H.R. 8413",ai-cyberattacks,https://lda.gov/filings/public/filing/0a7a5990-1575-43ff-9a2b-0f53e776c50d/print/
BLUECROSS BLUESHIELD OF TENNESSEE,BLUECROSS BLUESHIELD OF TENNESSEE,2026,Q2,140000.0,"H.R. 2079, H.R. 4710, H.R. 6248, H.R. 8684, H.R. 9393, S. 2355, S. 2420, S. 4027",,https://lda.gov/filings/public/filing/fe761c58-0637-4199-9062-747a124fa71a/print/
COMPUTER & COMMUNICATIONS INDUSTRY ASSOCIATION,COMPUTER & COMMUNICATIONS INDUSTRY ASSOCIATION,2026,Q2,80000.0,"H.R. 633, H.R. 699, H.R. 9057, S. 2220",china-race; deepfakes; kids-chatbots,https://lda.gov/filings/public/filing/404ead46-6928-4d8a-8c03-4f93ba376995/print/
"C3.AI, INC.","CGCN GROUP, LLC",2026,Q2,80000.0,"H.R. 4016, S. 2572",,https://lda.gov/filings/public/filing/14b8a6e0-8930-4a00-8ceb-8800e6f83c19/print/
"THE TOY ASSOCIATION, INC.","ALPINE GROUP PARTNERS, LLC.",2026,Q2,30000.0,,,https://lda.gov/filings/public/filing/0e810bde-2654-4eb7-92c8-f8f9440f82b5/print/
ABRAWORKS LIMITED,BURRELL INTERNATIONAL GROUP LLC,2026,Q2,30000.0,,,https://lda.gov/filings/public/filing/10416227-dcd4-4927-8a55-e50861801859/print/
NATIONAL FUSION CENTER ASSOCIATION,"BROOKS BAWDEN MOORE, LLC, FORMERLY REPORTED AS BROOKS BAWDEN, LLC",2026,Q2,10000.0,,,https://lda.gov/filings/public/filing/5c9d813a-257e-49b3-8e69-8501c38be995/print/
MAJOR COUNTY SHERIFFS OF AMERICA (FORMERLY MAJOR COUNTY SHERIFFS' ASSOCIATION),"BROOKS BAWDEN MOORE, LLC, FORMERLY REPORTED AS BROOKS BAWDEN, LLC",2026,Q2,40000.0,,kids-chatbots; loss-of-control,https://lda.gov/filings/public/filing/4d88a6fd-0aa5-4144-9fd1-995079dc011d/print/
YWCA USA,YWCA USA,2026,Q2,79538.0,"H.J.Res. 80, H.R. 1, H.R. 17, H.R. 22, H.R. 28, H.R. 30, H.R. 38, H.R. 4040, H.R. 5390, H.R. 6938, H.R. 7148, H.R. 7296, H.R. 7300, H.R. 801, H.R. 909, S. 1115, S. 1383, S. 1892, S. 2823, S. 317, S. 5, S. 520, S. 9",job-loss; kids-chatbots,https://lda.gov/filings/public/filing/ee72ccea-05fb-4109-8ec4-e770be9f083a/print/
"ORACLE AMERICA, INC.","SIGHTLINE ADVOCACY, LLC",2026,Q2,60000.0,"H.R. 6875, H.R. 8152, H.R. 8800, S. 1705, S. 3519, S. 4380, S. 4615, S. 4784",ai-cyberattacks; china-race; power-bills,https://lda.gov/filings/public/filing/9c65762b-a6b4-42bf-8ee1-5d80aa273dd7/print/
TIBER CREEK GROUP OBO SIEMENS HEALTHINEERS,"B HALL STRATEGIES, LLC",2026,Q2,30000.0,,,https://lda.gov/filings/public/filing/e210cd7d-a6d8-46e0-86e5-feca060db6e2/print/
SAMSUNG ELECTRONICS AMERICA,"CONTINENTAL STRATEGY, LLC",2026,Q2,90000.0,,ai-cyberattacks,https://lda.gov/filings/public/filing/216860fe-11e5-43c2-a998-b627e6c1410a/print/
"MIG LANCASTER HOLDINGS, LLC",BELLWETHER GOVERNMENT AFFAIRS LLC,2026,Q2,10000.0,,power-bills,https://lda.gov/filings/public/filing/22cfff88-78c8-4ff6-83f1-142bfc8eadd1/print/
MIG CIG LPE 01 JV LLC,BELLWETHER GOVERNMENT AFFAIRS LLC,2026,Q2,10000.0,,power-bills,https://lda.gov/filings/public/filing/ae1c4063-2928-4a91-8ec0-1d7a2e6d2112/print/
"SB GROUP US DBA SOFTBANK GROUP US, INC.",TIBER CREEK GROUP,2026,Q2,60000.0,,,https://lda.gov/filings/public/filing/11ddae02-b0fc-480c-977d-1e6cbdcebd69/print/
ZURICH AMERICAN INSURANCE COMPANY,TIBER CREEK GROUP,2026,Q2,50000.0,,,https://lda.gov/filings/public/filing/d223ee22-a832-4061-aa77-512f56adcdfd/print/
NCTA - THE INTERNET & TELEVISION ASSOCIATION,"GUIDEPOSTSTRATEGIES, LLC",2026,Q2,50000.0,,,https://lda.gov/filings/public/filing/7635a31c-8f0b-45d2-876c-9189f3df760d/print/
ACADEMY OF TELEVISION ART & SCIENCES,VENABLE LLP,2026,Q2,10000.0,"H.R. 2794, S. 1367",deepfakes,https://lda.gov/filings/public/filing/bef32665-cd6d-43bf-8153-a50e0208590c/print/
"AGILITY ROBOTICS, INC.","NEW LANTERN, LLC",2026,Q2,30000.0,,job-loss,https://lda.gov/filings/public/filing/1bf5f4c4-cfdd-4b11-9afc-613d8d5818ec/print/
NEWS CORPORATION,"RESOLUTION PUBLIC AFFAIRS, LLC",2026,Q2,50000.0,,,https://lda.gov/filings/public/filing/5d635ac7-7a5a-4402-bdfe-396d7ae83323/print/
SPOTIFY,"RESOLUTION PUBLIC AFFAIRS, LLC",2026,Q2,50000.0,,,https://lda.gov/filings/public/filing/c2b6c82d-13fb-4c0b-8d5b-f2d50cb4f6e4/print/
BIPARTISAN POLICY CENTER ACTION,BIPARTISAN POLICY CENTER ACTION,2026,Q2,820000.0,,power-bills,https://lda.gov/filings/public/filing/b69d394b-33a0-46df-b804-8333b35a3c65/print/
HEALTHCARE LEADERSHIP COUNCIL,CAPITOL COUNSEL LLC,2026,Q2,30000.0,,ai-cyberattacks,https://lda.gov/filings/public/filing/2b530e6b-45fc-46df-950e-579dfaa5e420/print/
BRIA ARTIFICIAL INTELLIGENCE INC.,"RADIUS ADVOCACY, LLC",2026,Q2,40000.0,"H.R. 1, H.R. 2794, H.R. 3921, H.R. 8479, H.R. 8623, H.R. 9112, S. 1396, S. 1748, S. 1829, S. 2367, S. 2455, S. 278, S. 2937, S. 3062, S. 836",deepfakes; kids-chatbots,https://lda.gov/filings/public/filing/ce9be41c-8342-44e9-9640-77789667f07c/print/
"CAPITOL DOME ADVOCACY OBO AMERICAN SOCIETY OF COMPOSERS, AUTHORS, AND PUBLISHERS","RADIUS ADVOCACY, LLC",2026,Q2,30000.0,"H.R. 1927, S. 114, S. 2455",,https://lda.gov/filings/public/filing/e1263d1f-b1a0-4f60-8ede-6e247b1ea2fb/print/
COPYRIGHT CLEARANCE CENTER,"RADIUS ADVOCACY, LLC",2026,Q2,30000.0,"H.R. 1927, S. 114, S. 2455",,https://lda.gov/filings/public/filing/bfe0c658-70e7-41c5-9883-8b5e3458242a/print/
"COGNITION AI, INC.",INVARIANT LLC,2026,Q2,50000.0,,,https://lda.gov/filings/public/filing/999c12a9-b711-40ad-926c-fafecd073766/print/
MICROSOFT CORPORATION,TIBER CREEK GROUP,2026,Q2,90000.0,,,https://lda.gov/filings/public/filing/dd88e1d9-200e-4b31-a56c-7034b57672ec/print/
"META PLATFORMS, INC.",MCGINLEY LLC,2026,Q2,90000.0,,,https://lda.gov/filings/public/filing/8f89db71-4375-455e-868f-d2b7bc724bc8/print/
"LIGHTSPEED MANAGEMENT COMPANY, LLC.",INVARIANT LLC,2026,Q2,80000.0,,,https://lda.gov/filings/public/filing/f2dda0e1-8063-4f9f-87db-13c7b8c8ea79/print/
NVIDIA CORPORATION,TIBER CREEK GROUP,2026,Q2,80000.0,,,https://lda.gov/filings/public/filing/caf12566-ccc7-4e99-894a-467a0a503943/print/
DIRECTORS GUILD OF AMERICA,"RADIUS ADVOCACY, LLC",2026,Q2,30000.0,,deepfakes,https://lda.gov/filings/public/filing/8463120d-8151-424f-9b00-ce11731cadce/print/
INTERNATIONAL ALLIANCE OF THEATRICAL STAGE EMPLOYEES,"RADIUS ADVOCACY, LLC",2026,Q2,40000.0,,,https://lda.gov/filings/public/filing/9d2be970-54ba-49d3-b99a-762dd058a38f/print/
INTERNATIONAL TRADEMARK ASSOCIATION,"RADIUS ADVOCACY, LLC",2026,Q2,30000.0,"H.R. 2794, S. 1367",deepfakes,https://lda.gov/filings/public/filing/07c65246-d7d5-4427-b041-2cfecdc0663b/print/
ENTERGY SERVICES LLC,TIBER CREEK GROUP,2026,Q2,80000.0,"H.R. 5078, H.R. 5079, S. 2983, S. 3251",ai-cyberattacks,https://lda.gov/filings/public/filing/5b790116-c1bd-4348-8146-a49ff4e2805d/print/
INFORMATION TECHNOLOGY INDUSTRY COUNCIL,TIBER CREEK GROUP,2026,Q2,50000.0,H.R. 4776,power-bills,https://lda.gov/filings/public/filing/27b3f49b-b001-48b5-8a1e-b5a28bbc6e58/print/
MASTERCARD,TIBER CREEK GROUP,2026,Q2,70000.0,,,https://lda.gov/filings/public/filing/9fef0f67-81c2-4c69-a668-cb99b11b2baa/print/
SIEMENS HEALTHINEERS,TIBER CREEK GROUP,2026,Q2,60000.0,"H.R. 5269, H.R. 6197, S. 1399, S. 2761",job-loss,https://lda.gov/filings/public/filing/b6dd3acc-0866-4e17-9789-380a4e31f3a4/print/
DELL TECHNOLOGIES INC,DELL TECHNOLOGIES INC.,2026,Q2,1490000.0,"H.R. 3447, S. 1705, S. 2296",ai-cyberattacks,https://lda.gov/filings/public/filing/0c78116c-c41f-4da6-ae46-7da02dae9dde/print/
ANTHROPIC PBC,THORN RUN PARTNERS,2026,Q2,50000.0,,,https://lda.gov/filings/public/filing/049ae75f-8e37-4de2-8d0b-0010cef2fc17/print/
"AMERICAN SOCIETY OF COMPOSERS, AUTHORS AND PUBLISHERS (ASCAP)",THORN RUN PARTNERS,2026,Q2,110000.0,"H.R. 7209, S. 1367, S. 2455",,https://lda.gov/filings/public/filing/7f00cbee-62e9-4216-a7bc-2db15d6db6ac/print/
MICROSOFT CORPORATION,"POLARIS GOVERNMENT RELATIONS, LLC",2026,Q2,90000.0,,ai-cyberattacks,https://lda.gov/filings/public/filing/15a633a6-6b49-40a3-b7f0-abb16e16d976/print/
ERNST & YOUNG U.S. LLP (EY),THORN RUN PARTNERS,2026,Q2,50000.0,,,https://lda.gov/filings/public/filing/f0ff5013-c010-410d-b6a8-cd8b045e35db/print/
"THE HARTFORD FINANCIAL SERVICES GROUP, INC.",RICH FEUER ANDERSON,2026,Q2,50000.0,,,https://lda.gov/filings/public/filing/0ee1c248-0b41-4317-9e0e-a4b3b4b4dd8b/print/
"ANTHROPIC, PBC","AQUIA GROUP, LLC",2026,Q2,60000.0,H.R. 6875,china-race,https://lda.gov/filings/public/filing/eae91755-71b5-4876-89fa-b65a1e0fb75a/print/
IMBUE,"AQUIA GROUP, LLC",2026,Q2,40000.0,,,https://lda.gov/filings/public/filing/0cceac9b-aa92-4d83-8305-5e104982eec0/print/
INFINEON TECHNOLOGIES AMERICAS CORP.,INFINEON TECHNOLOGIES AMERICAS CORP.,2026,Q2,90000.0,,power-bills,https://lda.gov/filings/public/filing/9adf0c86-a599-40f4-90bf-d42e4b50c318/print/
"THE BUSINESS ROUNDTABLE, INC.","SIGHTLINE ADVOCACY, LLC",2026,Q2,40000.0,"H.R. 5079, H.R. 8800, S. 1337, S. 2983, S. 4784",ai-cyberattacks,https://lda.gov/filings/public/filing/c21d8725-478b-41e6-bc4f-aa5be52b71be/print/
PAYPAL,THORN RUN PARTNERS,2026,Q2,50000.0,,,https://lda.gov/filings/public/filing/74b4593f-42c3-42eb-acfb-eea5e2c64330/print/
"AMERICAN FAMILY MUTUAL INSURANCE COMPANY, S.I.","CONSCIENCE POINT CONSULTING, INC.",2026,Q2,22500.0,S. 2651,,https://lda.gov/filings/public/filing/0e8e8f3c-5599-4278-95bd-c5aa7dc64c66/print/
NATIONAL NURSES UNITED,NATIONAL NURSES UNITED,2026,Q2,110000.0,S. 4214,job-loss; power-bills,https://lda.gov/filings/public/filing/4acffd74-8864-4f70-9fd7-234d8ed22f9a/print/
"REBELLION DEFENSE, INC.","CROSSROADS STRATEGIES, LLC",2026,Q2,50000.0,"H.R. 8800, H.R. 9495, S. 4784",,https://lda.gov/filings/public/filing/71fc4395-4b12-46c9-8163-b4dab952ecf3/print/
MICROSOFT CORPORATION,ERNST & YOUNG LLP (WASHINGTON COUNCIL ERNST & YOUNG),2026,Q2,50000.0,,,https://lda.gov/filings/public/filing/810b5ac0-4637-4e8e-93b6-e106ec59512a/print/
CENTER FOR HUMANE TECHNOLOGY,HOLLAND & KNIGHT LLP,2026,Q2,80000.0,,,https://lda.gov/filings/public/filing/d765d7e7-5d54-4c19-a1c9-46787d6e6c06/print/
VISE TECHNOLOGIES,THORN RUN PARTNERS,2026,Q2,10000.0,,,https://lda.gov/filings/public/filing/718076b2-31f6-47f3-b3e3-7872cc30fbc9/print/
INDEPENDENT FILM & TELEVISION ALLIANCE,COGENT STRATEGIES LLC,2026,Q2,20000.0,"H.R. 10550, H.R. 2794, H.R. 791, H.R. 8915, S. 1367, S. 4591",deepfakes,https://lda.gov/filings/public/filing/53fb41ba-5a6a-440f-9e26-bdf87cd3add2/print/
"SAP AMERICA, INC.",GEOFFREY P. GRAY,2026,Q2,50000.0,,ai-cyberattacks,https://lda.gov/filings/public/filing/7a4dfcd1-27e7-4b9f-8df5-c6b3fa9e6cc1/print/
MITSUBISHI ELECTRIC US INC,"MITSUBISHI ELECTRIC US, INC.",2026,Q2,70000.0,H.R. 1,power-bills,https://lda.gov/filings/public/filing/c49fb647-d26a-4107-ae99-a81fe1f24856/print/
TAIWAN SEMICONDUCTOR MANUFACTURING COMPANY (TSMC),TAIWAN SEMICONDUCTOR MANUFACTURING COMPANY (TSMC),2026,Q2,970000.0,"H.R. 3447, H.R. 4346, H.R. 5885, H.R. 6207, H.R. 6875, S. 1705, S. 2296, S. 3150, S. 3301, S. 3374",china-race,https://lda.gov/filings/public/filing/68453749-ac5c-493f-80b3-926ade1f492f/print/
AMAZON WEB SERVICES,"MINDSET ADVOCACY, LLC",2026,Q2,50000.0,,ai-cyberattacks; power-bills,https://lda.gov/filings/public/filing/38f945a0-3beb-4d35-b386-399c1c0aeca2/print/
AMERICAN LIBRARY ASSOCIATION,PENN HILL GROUP,2026,Q2,30000.0,"H.R. 2616, H.R. 7661, S. 4028, S. 4689, S.J.Res. 196",kids-chatbots; loss-of-control,https://lda.gov/filings/public/filing/ff7f44ed-fd16-4c05-8eba-a3357b1fca5a/print/
AMERICANS FOR RESPONSIBLE INNOVATION,"MINDSET ADVOCACY, LLC",2026,Q2,80000.0,,,https://lda.gov/filings/public/filing/27d49724-3de5-423e-908e-4d69a40c78be/print/
WEC ENERGY GROUP,WEC ENERGY GROUP,2026,Q2,150000.0,,power-bills,https://lda.gov/filings/public/filing/831f71e2-a620-4871-89a2-e702f3214a10/print/
COALITION ON ADULT BASIC EDUCATION DBA COABE,PENN HILL GROUP,2026,Q2,20000.0,,job-loss,https://lda.gov/filings/public/filing/b3351598-0f46-4ee3-bef4-ae025cc8cba0/print/
"ACCENTURE, LLP",MONUMENT ADVOCACY,2026,Q2,50000.0,,ai-cyberattacks,https://lda.gov/filings/public/filing/e6784b32-1ea4-4cd0-a401-f543e5853687/print/
ALBERT INVENT,MONUMENT ADVOCACY,2026,Q2,60000.0,,,https://lda.gov/filings/public/filing/35c5ea2d-d920-4d3b-9a0b-144bbaf0be84/print/
NATIONAL APARTMENT ASSOCIATION,NATIONAL APARTMENT ASSOCIATION,2026,Q2,750000.0,"H.R. 1078, H.R. 6644, S. 1299, S. 1303, S. 1527, S. 2361, S. 2363, S. 2441, S. 2651, S. 470, S. 890, S. 948",,https://lda.gov/filings/public/filing/f8b09f94-1735-4789-9380-6d983ed43d46/print/
"META PLATFORMS, INC.","MINDSET ADVOCACY, LLC",2026,Q2,50000.0,,ai-cyberattacks; deepfakes; kids-chatbots,https://lda.gov/filings/public/filing/b40e7223-4e2a-47bb-8e60-5bad603c69fe/print/
JOHNS HOPKINS UNIVERSITY,"CORNERSTONE GOVERNMENT AFFAIRS, INC.",2026,Q2,60000.0,"H.R. 1048, H.R. 1864, H.R. 9102, S. 1296, S. 854",china-race; loss-of-control,https://lda.gov/filings/public/filing/feccdeab-d3ee-452f-a646-58ccb2b6a903/print/
NATIONAL FAIR HOUSING ALLIANCE,NATIONAL FAIR HOUSING ALLIANCE,2026,Q2,73057.0,"H.R. 4069, H.R. 6644, S. 2322, S. 967",bias,https://lda.gov/filings/public/filing/b172ebf7-686f-4de1-b580-f5718af73fdd/print/
BOOZ ALLEN HAMILTON INC.,MONUMENT ADVOCACY,2026,Q2,60000.0,,ai-cyberattacks,https://lda.gov/filings/public/filing/cac9a61f-d2a2-4b65-aad4-109b2ea89eb5/print/
"FISERV, INC.",RICH FEUER ANDERSON,2026,Q2,50000.0,,,https://lda.gov/filings/public/filing/e41d3240-e4eb-4d87-8bdc-38022c3ab6e3/print/
UNIVERSITY OF NOTRE DAME,UNIVERSITY OF NOTRE DAME,2026,Q2,190000.0,H.R. 9260,job-loss,https://lda.gov/filings/public/filing/73758abf-0c4d-4405-ae6c-3fa0d6cbc607/print/
MICROSOFT CORPORATION,PENN HILL GROUP,2026,Q2,80000.0,"H.R. 8170, H.R. 9381, S. 4382, S. 4414, S. 4476",job-loss,https://lda.gov/filings/public/filing/578a34cb-03e6-4e96-8c52-7229f13f0016/print/
NATIONAL PROPANE GAS ASSOCIATION,NATIONAL PROPANE GAS ASSOCIATION,2026,Q2,220000.0,,power-bills,https://lda.gov/filings/public/filing/1c8ee731-44f4-4a94-9299-d18749f0d5ba/print/
ADVANCED MEDICAL TECHNOLOGY ASSOCIATION (ADVAMED),"CROSSROADS STRATEGIES, LLC",2026,Q2,50000.0,H.R. 5343,ai-cyberattacks; china-race,https://lda.gov/filings/public/filing/0c0dec3d-d7b2-40c0-973f-61b363b7975a/print/
GRINDR LLC,"BROWNSTEIN HYATT FARBER SCHRECK, LLP",2026,Q2,80000.0,,,https://lda.gov/filings/public/filing/950c5f59-9e26-4c97-a917-39d63fdf93c2/print/
CONFERENCE OF PROVINCIALS OF NORTH AMERICA,NATIONAL ADVOCACY CENTER OF THE SISTERS OF THE GOOD SHEPHERD,2026,Q2,20000.0,"H.R. 1144, S. 1748, S. 2939, S. 4389, S. 4518, S. 4550",bioweapons; job-loss; kids-chatbots,https://lda.gov/filings/public/filing/94d94abf-5f5f-42a0-81d3-335549d819f1/print/
PALANTIR TECHNOLOGIES INC.,"BROWNSTEIN HYATT FARBER SCHRECK, LLP",2026,Q2,120000.0,,,https://lda.gov/filings/public/filing/b4521d09-00a2-4229-902e-5afe7e66b819/print/
"DELL TECHNOLOGIES, INC.","GREENBERG TRAURIG, LLP",2026,Q2,80000.0,"H.R. 2289, H.R. 2385, H.R. 2683, H.R. 3447, H.R. 6875, H.R. 6996, H.R. 7757, H.R. 8170, H.R. 8413, H.R. 8800, H.R. 9363, S. 1705, S. 4784",ai-cyberattacks; kids-chatbots,https://lda.gov/filings/public/filing/d5107e6d-b6da-472f-9cc3-8781954742e7/print/
S&P GLOBAL INC. (F/K/A MCGRAW HILL FINANCIAL INC.),S&P GLOBAL INC. (F/K/A MCGRAW HILL FINANCIAL INC.),2026,Q2,370000.0,"H.R. 3633, S. 1582",job-loss; kids-chatbots; power-bills,https://lda.gov/filings/public/filing/20f0a32a-8129-4926-8e60-6ff33ace6d77/print/
DELTA AIR LINES INC,"DELTA AIR LINES, INC.",2026,Q2,1460000.0,"H.R. 1, H.R. 1719, H.R. 3530, H.R. 4213, H.R. 5371, H.R. 5451, H.R. 5455, H.R. 5851, H.R. 6086, H.R. 6518, H.R. 7147, H.R. 7613, H.R. 9170, H.R. 9310, S. 1045, S. 144, S. 2503, S. 3031, S. 3387, S. 3759",ai-cyberattacks; job-loss,https://lda.gov/filings/public/filing/bac8848e-c32c-426e-9499-bec7dc8cffbe/print/
TRINE UNIVERSITY,DLA PIPER LLP (US),2026,Q2,60000.0,"H.R. 9495, S. 4784",,https://lda.gov/filings/public/filing/b4d7d96d-7f2a-44a5-8956-2befd037e01c/print/
INVESTMENT COMPANY INSTITUTE,INVESTMENT COMPANY INSTITUTE,2026,Q2,1190000.0,"H.R. 2478, H.R. 3383, H.R. 3633, H.R. 3682, H.R. 8338, H.R. 8398, S. 1808, S. 1877, S. 2840, S. 3578, S. 3671, S. 424",,https://lda.gov/filings/public/filing/c5be3b5f-3fb0-46fb-8ebf-9d4d9bba45f4/print/
VERIZON COMMUNICATIONS INC,"MINDSET ADVOCACY, LLC",2026,Q2,20000.0,,ai-cyberattacks; china-race,https://lda.gov/filings/public/filing/f3c04dc4-e89b-42bf-9b42-28ae23a8b169/print/
ELECTRONIC TRANSACTIONS ASSOCIATION,ELECTRONIC TRANSACTIONS ASSOCIATION,2026,Q2,550000.0,,ai-cyberattacks,https://lda.gov/filings/public/filing/df91ee03-f025-489a-8a5a-bcb027cfd159/print/
STRATEGIC EDUCATION INC (FKA CAPELLA EDUCATION COMPANY),"COOLEY, LLP",2026,Q2,50000.0,,job-loss,https://lda.gov/filings/public/filing/d4a9e06a-bc31-41c1-9650-2d01fe5f3c8e/print/
HIGHMARK INC,"HIGHMARK, INC.",2026,Q2,230000.0,"H.R. 247, H.R. 4710, H.R. 5145, H.R. 5243, H.R. 5582, H.R. 6248, H.R. 6501, H.R. 9396, H.R. 9397, S. 2355, S. 3385, S. 3386, S. 3822, S. 4027, S. 46",kids-chatbots,https://lda.gov/filings/public/filing/744e3be8-749f-4568-b4ba-9b39aac13d02/print/
LENOVO (UNITED STATES) INC.,LENOVO (UNITED STATES) INC.,2026,Q2,570000.0,"H.R. 3447, H.R. 5079, H.R. 5885, H.R. 6291, H.R. 6461, H.R. 6484, H.R. 6875, H.R. 7576, S. 1705, S. 2983, S. 3150, S. 3597, S. 3952, S. 836",ai-cyberattacks; bias; job-loss; kids-chatbots,https://lda.gov/filings/public/filing/3ee3b05d-e0cf-467e-91c8-8b02ac39d273/print/
INT'L ASSOCIATION OF BRIDGE STRUCTURAL ORNAMENTAL & REINFORCING IRON WORKERS,"INT'L. ASSOCIATION OF BRIDGE, STRUCTURAL, ORNAMENTAL & REINFORCING IRON WORKERS",2026,Q2,100000.0,S. 4214,power-bills,https://lda.gov/filings/public/filing/38adc19b-8717-48ff-9658-f414ef99ec75/print/
COMPETITIVE CARRIERS ASSOCIATION,COMPETITIVE CARRIERS ASSOCIATION,2026,Q2,170000.0,"H.J.Res. 33, H.R. 1, H.R. 1027, H.R. 1343, H.R. 1455, H.R. 1519, H.R. 1541, H.R. 1579, H.R. 1588, H.R. 1617, H.R. 1618, H.R. 1655, H.R. 1665, H.R. 1681, H.R. 1709, H.R. 1717, H.R. 1731, H.R. 1737, H.R. 1765, H.R. 1766, H.R. 1836, H.R. 1838, H.R. 1870, H.R. 1975, H.R. 1985, H.R. 2037, H.R. 2061, H.R. 2076, H.R. 2171, H.R. 2289, H.R. 2298, H.R. 2350, H.R. 2399, H.R. 2403, H.R. 2444, H.R. 2449, H.R. 2458, H.R. 2474, H.R. 2482, H.R. 278, H.R. 2784, H.R. 2817, H.R. 2975, H.R. 3119, H.R. 3125, H.R. 3212, H.R. 3280, H.R. 339, H.R. 3479, H.R. 3577, H.R. 3825, H.R. 3838, H.R. 3960, H.R. 4, H.R. 4032, H.R. 4211, H.R. 4240, H.R. 4503, H.R. 4506, H.R. 4776, H.R. 4950, H.R. 5037, H.R. 5079, H.R. 5147, H.R. 5154, H.R. 5166, H.R. 5200, H.R. 5201, H.R. 5264, H.R. 5266, H.R. 5273, H.R. 5318, H.R. 5358, H.R. 5419, H.R. 5460, H.R. 5550, H.R. 573, H.R. 5967, H.R. 6046, H.R. 6067, H.R. 6070, H.R. 6143, H.R. 6152, H.R. 6163, H.R. 6291, H.R. 6449, H.R. 6484, H.R. 6503, H.R. 6505, H.R. 651, H.R. 6621, H.R. 6746, H.R. 6920, H.R. 7006, H.R. 7022, H.R. 7031, H.R. 7045, H.R. 7294, H.R. 7386, H.R. 7963, H.R. 8031, H.R. 8144, H.R. 8145, H.R. 8146, H.R. 8147, H.R. 8255, H.R. 8311, H.R. 8320, H.R. 8354, H.R. 8367, H.R. 8389, H.R. 8413, H.R. 8576, H.R. 859, H.R. 866, H.R. 8936, H.R. 906, H.R. 9101, H.R. 9144, H.R. 9286, S. 1003, S. 1025, S. 1071, S. 1137, S. 1616, S. 1617, S. 1618, S. 1651, S. 1748, S. 1962, S. 2049, S. 2296, S. 2354, S. 244, S. 2480, S. 257, S. 2585, S. 259, S. 2610, S. 2615, S. 2666, S. 28, S. 2805, S. 2869, S. 290, S. 2983, S. 3084, S. 3184, S. 3199, S. 3224, S. 323, S. 3259, S. 3268, S. 3290, S. 3354, S. 3370, S. 3404, S. 3546, S. 3565, S. 3614, S. 3633, S. 3639, S. 3800, S. 3954, S. 4062, S. 4211, S. 4216, S. 4307, S. 4385, S. 4438, S. 4448, S. 4557, S. 4561, S. 4592, S. 4691, S. 4784, S. 507, S. 713, S. 725, S. 792, S. 794, S. 836, S. 866, S. 98, S.J.Res. 7",ai-cyberattacks; job-loss; kids-chatbots,https://lda.gov/filings/public/filing/3421d00f-8a38-4e4a-85fc-60466004c281/print/
"SHIELD AI, INC.","CROSSROADS STRATEGIES, LLC",2026,Q2,60000.0,"H.R. 8800, H.R. 9310, H.R. 9495, S. 4784",,https://lda.gov/filings/public/filing/61bb91dc-da98-4437-82aa-e1cf24e12230/print/
SOFTWARE & INFORMATION INDUSTRY ASSOCIATION (SIIA),"CROSSROADS STRATEGIES, LLC",2026,Q2,60000.0,"H.R. 1623, H.R. 2657, H.R. 2683, H.R. 3149, H.R. 5360, H.R. 6253, H.R. 6257, H.R. 6259, H.R. 6265, H.R. 6273, H.R. 6289, H.R. 6290, H.R. 6291, H.R. 6292, H.R. 6333, H.R. 6437, H.R. 6484, H.R. 6488, H.R. 6489, H.R. 6499, H.R. 7757, H.R. 8800, S. 1748, S. 2750, S. 278, S. 4784, S. 836",bias; kids-chatbots; loss-of-control,https://lda.gov/filings/public/filing/d4d06b1a-6a09-47c4-9f47-f471d98927ee/print/
THRIVENT FINANCIAL FOR LUTHERANS,THRIVENT FINANCIAL FOR LUTHERANS,2026,Q2,120000.0,,,https://lda.gov/filings/public/filing/0a899236-f175-4bc9-a6ba-370d7baed90e/print/
COGNIZANT TECHNOLOGY SOLUTIONS U.S. CORPORATION,COGNIZANT TECHNOLOGY SOLUTIONS U.S. CORPORATION,2026,Q2,510000.0,"H.R. 2385, S. 4441",,https://lda.gov/filings/public/filing/5e42b44b-ae35-4c1e-a9fb-3a1019b18706/print/
"AEROVIRONMENT, INC.",DLA PIPER LLP (US),2026,Q2,60000.0,"H.R. 8800, H.R. 9495",ai-cyberattacks,https://lda.gov/filings/public/filing/eb79e483-fad0-44e7-b428-7a1802fab28e/print/
"BOSTON DYNAMICS, INC.",DLA PIPER LLP (US),2026,Q2,270000.0,"H.R. 7334, H.R. 8189, H.R. 8800, H.R. 9129, S. 3275, S. 4235, S. 4686",,https://lda.gov/filings/public/filing/b0e0df7c-0b06-4017-8d15-e9cebc5e9e1f/print/
"SAMSUNG SEMICONDUCTOR, INC.","CORNERSTONE GOVERNMENT AFFAIRS, INC.",2026,Q2,80000.0,,ai-cyberattacks,https://lda.gov/filings/public/filing/ccdf397f-3f00-4545-a0eb-ec0a25f9cdbe/print/
GE HEALTHCARE TECHNOLOGIES INC.,GE HEALTHCARE TECHNOLOGIES INC.,2026,Q2,350000.0,"H.R. 2381, H.R. 3037, H.R. 3838, H.R. 4121, H.R. 4541, H.R. 5304, H.R. 6182, H.R. 6197, H.R. 8800, S. 1399, S. 1410, S. 1500, S. 1591, S. 1866, S. 2256, S. 2339, S. 2587, S. 4784",ai-cyberattacks; job-loss,https://lda.gov/filings/public/filing/1d58903f-7db0-4fc0-bd05-60b0390d31c5/print/
LONDON STOCK EXCHANGE GROUP,LONDON STOCK EXCHANGE GROUP,2026,Q2,250000.0,"H.R. 3633, H.R. 5234",,https://lda.gov/filings/public/filing/70a479b8-621e-4e57-97aa-c884ae3b500b/print/
SOUTHERN ENVIRONMENTAL LAW CENTER,SOUTHERN ENVIRONMENTAL LAW CENTER,2026,Q2,90000.0,"H.J.Res. 35, H.R. 1267, H.R. 1938, H.R. 3898, H.R. 8800, H.R. 9193, S. 3732, S.J.Res. 12",power-bills,https://lda.gov/filings/public/filing/c9334756-7442-4a3c-8207-45651ff6d15a/print/
"ZILLOW GROUP, INC.","ZILLOW GROUP, INC.",2026,Q2,520000.0,,,https://lda.gov/filings/public/filing/f64ef226-92da-4fc0-84b9-058806a3f7ec/print/
RTX CORPORATION AND AFFILIATES,RTX CORPORATION AND AFFILIATES,2026,Q2,3860000.0,,,https://lda.gov/filings/public/filing/96806e1a-c94e-472e-8fce-02431cadb201/print/
AI INTEGRATORS COUNCIL,"FRANKLIN SQUARE GROUP, LLC",2026,Q2,60000.0,"H.R. 7757, S. 2750, S. 3062",kids-chatbots,https://lda.gov/filings/public/filing/cb0280c7-6d52-4a54-b32f-30cbe8f826e8/print/
"YAHOO INC, AND VAR. SUBS/AFFILIATES (FKA COLLEGE PARENT, L.P. DBA ""YAHOO"")",H&M STRATEGIES LLP,2026,Q2,60000.0,,kids-chatbots,https://lda.gov/filings/public/filing/8c0e3bb7-a427-4307-bf32-8a50ba4f711d/print/
TOYOTA,H&M STRATEGIES LLP,2026,Q2,60000.0,,,https://lda.gov/filings/public/filing/ebc1cc72-95da-413a-aa2c-7ed2dad417bb/print/
SEMI,SEMI,2026,Q2,470000.0,"H.R. 2213, H.R. 3447, H.R. 4505, H.R. 4920, H.R. 6058, H.R. 8170, H.R. 8287, H.R. 8288, H.R. 8289, H.R. 8495, H.R. 8595, H.R. 8845, H.R. 9022, H.R. 9171, H.R. 9260, H.R. 9310, H.R. 9495, S. 1705, S. 2088, S. 3772, S. 744",ai-cyberattacks; china-race; job-loss,https://lda.gov/filings/public/filing/547bdee4-c7b9-437d-b2c6-fd3bda1019e4/print/
CISCO SYSTEMS INC,"FRANKLIN SQUARE GROUP, LLC",2026,Q2,50000.0,,ai-cyberattacks,https://lda.gov/filings/public/filing/6cd54993-f710-478d-b8dd-73d8a79f708a/print/
BOOKING HOLDINGS,H&M STRATEGIES LLP,2026,Q2,50000.0,,,https://lda.gov/filings/public/filing/cc4ed7d3-414b-471f-8913-9dc0f5af7291/print/
"COINBASE, INC.","FRANKLIN SQUARE GROUP, LLC",2026,Q2,80000.0,,ai-cyberattacks,https://lda.gov/filings/public/filing/12048ce7-5fc9-4070-aed7-bcdb280c40ac/print/
DROPBOX,H&M STRATEGIES LLP,2026,Q2,20000.0,,,https://lda.gov/filings/public/filing/ae2a218c-66df-4f47-809c-463f2ffbd39d/print/
HEALTH INNOVATION ALLIANCE,MONUMENT ADVOCACY,2026,Q2,20000.0,,,https://lda.gov/filings/public/filing/2e40708e-b3f7-43c6-b1f4-650753a944f8/print/
"ZOOM COMMUNICATIONS, INC. (F/K/A ZOOM VIDEO COMMUNICATION INC.)","MEHLMAN CONSULTING, INC.",2026,Q2,50000.0,,,https://lda.gov/filings/public/filing/c9d7012f-1216-420d-a88c-5d843a3cbe80/print/
NATIONAL RETAIL FEDERATION,NATIONAL RETAIL FEDERATION,2026,Q2,2246000.0,"H.R. 3149, H.R. 6291, H.R. 6484",ai-cyberattacks; kids-chatbots,https://lda.gov/filings/public/filing/229c9e31-578c-41b1-907a-baf8b9132bab/print/
CROWDSTRIKE,"FRANKLIN SQUARE GROUP, LLC",2026,Q2,50000.0,,ai-cyberattacks,https://lda.gov/filings/public/filing/8d08b259-12e8-4c3d-b2aa-88ef798e7398/print/
"SIEMENS HEALTHINEERS (FKA VARIAN MEDICAL SYSTEMS, INC.)",AKIN GUMP STRAUSS HAUER & FELD,2026,Q2,70000.0,"H.R. 6197, S. 1399",ai-cyberattacks,https://lda.gov/filings/public/filing/6d6019b3-780f-4fa3-9dc7-11386a5597c4/print/
BLUE CROSS BLUE SHIELD OF MICHIGAN,BLUE CROSS BLUE SHIELD OF MICHIGAN,2026,Q2,276347.0,"H.R. 2041, H.R. 2493, H.R. 4710, H.R. 6248, H.R. 8684, H.R. 9117, H.R. 9390, H.R. 9393, H.R. 9396, H.R. 9397, S. 2355, S. 2420, S. 4027",ai-cyberattacks,https://lda.gov/filings/public/filing/05f7ddf3-ffd4-46db-b82b-ac2f3fd2dd2f/print/
"HOPSKIPDRIVE, INC.","FRANKLIN SQUARE GROUP, LLC",2026,Q2,50000.0,,,https://lda.gov/filings/public/filing/452723c7-3746-4a0e-806d-8c855673348b/print/
KLA CORPORATION,"FRANKLIN SQUARE GROUP, LLC",2026,Q2,60000.0,,china-race,https://lda.gov/filings/public/filing/afb4bc30-770d-4491-923e-88e72ea89de4/print/
"MERCARI, INC.","MERCARI, INC.",2026,Q2,140000.0,,,https://lda.gov/filings/public/filing/9109adce-39b1-4975-8771-7717f626e1f7/print/
"OKTA, INC.","FRANKLIN SQUARE GROUP, LLC",2026,Q2,50000.0,,ai-cyberattacks,https://lda.gov/filings/public/filing/a3b7f138-fd63-456c-b955-fd92c73de11a/print/
"PAYPAL, INC.","FRANKLIN SQUARE GROUP, LLC",2026,Q2,50000.0,,ai-cyberattacks,https://lda.gov/filings/public/filing/95644e0e-5b41-423a-bd10-409240594328/print/
INFORMATION TECHNOLOGY INDUSTRY COUNCIL,"SIGHTLINE ADVOCACY, LLC",2026,Q2,50000.0,"H.R. 2683, H.R. 3447, H.R. 4505, H.R. 5079, H.R. 6058, H.R. 6875, H.R. 6996, H.R. 7003, H.R. 8170, H.R. 8283, H.R. 8284, H.R. 8288, H.R. 8289, H.R. 8800, S. 2983, S. 3519, S. 4784",ai-cyberattacks; china-race,https://lda.gov/filings/public/filing/cbb00e7c-dfc4-4252-90c8-8f21237c840c/print/
"REDDIT, INC.","FRANKLIN SQUARE GROUP, LLC",2026,Q2,60000.0,"H.R. 3921, H.R. 633, S. 146, S. 1829, S. 836",kids-chatbots,https://lda.gov/filings/public/filing/26abb244-3615-40e1-b803-fb529f1d9683/print/
ROBLOX CORPORATION,"FRANKLIN SQUARE GROUP, LLC",2026,Q2,80000.0,"H.R. 633, S. 146, S. 1748, S. 836",kids-chatbots,https://lda.gov/filings/public/filing/55a833de-8cb3-408f-873c-a0f7e8fffd56/print/
SALESFORCE.COM INC.,"FRANKLIN SQUARE GROUP, LLC",2026,Q2,60000.0,,ai-cyberattacks,https://lda.gov/filings/public/filing/9b71d2a0-eddd-40bc-8a5f-9152050b8e78/print/
MAYO CLINIC,MAYO CLINIC,2026,Q2,290000.0,,,https://lda.gov/filings/public/filing/ebb10520-e87a-444f-9934-446e03e9d920/print/
STUBHUB,"FRANKLIN SQUARE GROUP, LLC",2026,Q2,50000.0,,,https://lda.gov/filings/public/filing/04822343-2826-4e94-b1f7-f5b5fe75a54b/print/
TWILIO INC.,"FRANKLIN SQUARE GROUP, LLC",2026,Q2,40000.0,,,https://lda.gov/filings/public/filing/6442988a-ee5f-463f-b51d-a0be942c4c3d/print/
PANORAMA EDUCATION,BOSE PUBLIC AFFAIRS GROUP,2026,Q2,8000.0,,,https://lda.gov/filings/public/filing/6f83187a-eab8-4136-b89d-53c6474fc0e8/print/
"XERO, INC.","FRANKLIN SQUARE GROUP, LLC",2026,Q2,50000.0,,,https://lda.gov/filings/public/filing/b66294fe-fbca-4ba4-8429-145bbd033471/print/
AMERICAN MEDICAL ASSOCIATION,AMERICAN MEDICAL ASSOCIATION,2026,Q2,5130000.0,"H.R. 1, H.R. 1201, H.R. 1266, H.R. 1317, H.R. 1520, H.R. 1561, H.R. 1585, H.R. 1614, H.R. 1968, H.R. 2, H.R. 2004, H.R. 2028, H.R. 2120, H.R. 2191, H.R. 2234, H.R. 2314, H.R. 2332, H.R. 2433, H.R. 2483, H.R. 2757, H.R. 2767, H.R. 2794, H.R. 2850, H.R. 2902, H.R. 3022, H.R. 3069, H.R. 3108, H.R. 3164, H.R. 3170, H.R. 3514, H.R. 3878, H.R. 3890, H.R. 4002, H.R. 4074, H.R. 4206, H.R. 4541, H.R. 4583, H.R. 4681, H.R. 4710, H.R. 4731, H.R. 483, H.R. 4837, H.R. 4977, H.R. 5081, H.R. 5178, H.R. 5199, H.R. 5281, H.R. 5283, H.R. 5347, H.R. 539, H.R. 5467, H.R. 5861, H.R. 5940, H.R. 6100, H.R. 6121, H.R. 6160, H.R. 628, H.R. 6280, H.R. 6468, H.R. 6994, H.R. 7023, H.R. 7148, H.R. 7520, H.R. 786, H.R. 7868, H.R. 7884, H.R. 7905, H.R. 7961, H.R. 7964, H.R. 7970, H.R. 7994, H.R. 8031, H.R. 8129, H.R. 8163, H.R. 8201, H.R. 8209, H.R. 8261, H.R. 8335, H.R. 8375, H.R. 8413, H.R. 8487, H.R. 8500, H.R. 8622, H.R. 879, H.R. 8794, H.R. 8823, H.R. 8890, H.R. 8915, H.R. 9058, H.R. 9192, H.R. 9237, H.R. 929, H.R. 9393, H.R. 9396, H.R. 9504, S. 1031, S. 106, S. 1105, S. 1140, S. 1261, S. 1330, S. 1367, S. 1380, S. 1390, S. 1399, S. 141, S. 1419, S. 1460, S. 1535, S. 1552, S. 1640, S. 1767, S. 1782, S. 1816, S. 1996, S. 232, S. 2420, S. 2426, S. 2439, S. 2650, S. 266, S. 2709, S. 2715, S. 2759, S. 3097, S. 3315, S. 3480, S. 3599, S. 3607, S. 3750, S. 3762, S. 3822, S. 4070, S. 4384, S. 4591, S. 4637, S. 4916, S. 526, S. 527, S. 632, S. 665, S. 709, S. 721, S. 891, S. 942",ai-cyberattacks; bias; job-loss; kids-chatbots,https://lda.gov/filings/public/filing/4d6fdd91-60c5-4f87-9306-5835acfe09bf/print/
"BROADCAST MUSIC, INC.","BROADCAST MUSIC, INC.",2026,Q2,70000.0,"H.R. 2794, S. 1367",,https://lda.gov/filings/public/filing/4c27aa53-888d-4428-aba8-dd00500fae0d/print/
CONSUMER TECHNOLOGY ASSOCIATION,CONSUMER TECHNOLOGY ASSOCIATION,2026,Q2,1370000.0,"H.R. 3447, H.R. 7334, H.R. 973, S. 3069, S. 3597, S. 389",ai-cyberattacks; china-race,https://lda.gov/filings/public/filing/7a4905c3-c68b-4a28-9a9b-c43a7d5f873d/print/
"DROPBOX, INC.",AKIN GUMP STRAUSS HAUER & FELD,2026,Q2,60000.0,,,https://lda.gov/filings/public/filing/fa82daaf-d522-4659-8cc0-263f1c2400a9/print/
AMERICAN ASSOCIATION OF COLLEGES OF OSTEOPATHIC MEDICINE,AMERICAN ASSOCIATION OF COLLEGES OF OSTEOPATHIC MEDICINE,2026,Q2,140000.0,,,https://lda.gov/filings/public/filing/70b13372-e80d-4fdb-b6b9-5ac9a5fc779d/print/
SWITCH,"CASSIDY & ASSOCIATES, INC.",2026,Q2,60000.0,H.R. 9340,power-bills,https://lda.gov/filings/public/filing/1dd6c9f6-688c-4f8a-a900-fd750e3e8f45/print/
"PEPSICO, INC.",MONUMENT ADVOCACY,2026,Q2,50000.0,,,https://lda.gov/filings/public/filing/ea06f667-ecf6-44b8-b9f5-0acb6eafe66b/print/
UNITED AUTOMOBILE AEROSPACE & AGRICULTURAL IMPLEMENT WORKERS,"UNITED AUTOMOBILE, AEROSPACE & AGRICULTURAL IMPLEMENT WORKERS",2026,Q2,230000.0,"H.R. 2550, H.R. 5390, H.R. 5408, H.R. 7531, H.R. 8868, S. 2823, S. 4551",job-loss,https://lda.gov/filings/public/filing/1e802cea-f7ba-45fb-9584-c432c4874e98/print/
"METLIFE GROUP, INC.","METLIFE GROUP, INC.",2026,Q2,370000.0,,ai-cyberattacks,https://lda.gov/filings/public/filing/629d67ae-6f59-4f64-948d-4e004e1d2e6f/print/
MICROSOFT CORPORATION,AKIN GUMP STRAUSS HAUER & FELD,2026,Q2,50000.0,,,https://lda.gov/filings/public/filing/abb434bd-62fc-4fdf-a1ec-f1995508fd6e/print/
"OPENAI OPCO, LLC",AKIN GUMP STRAUSS HAUER & FELD,2026,Q2,80000.0,,,https://lda.gov/filings/public/filing/0a1dce63-5b6f-44d2-91fd-e638906c0d3f/print/
TSMC ARIZONA,"SIGHTLINE ADVOCACY, LLC",2026,Q2,50000.0,"H.R. 3447, H.R. 4346, H.R. 8800, H.R. 9340, S. 1705, S. 4784",china-race; power-bills,https://lda.gov/filings/public/filing/1cbf984e-3dfc-4a0f-8df4-39576a37c706/print/
ARKEMA INC. AND ITS AFFILIATES (FKA ARKEMA INC.),ARKEMA INC. AND ITS AFFILIATES (FKA ARKEMA INC.),2026,Q2,260000.0,,power-bills,https://lda.gov/filings/public/filing/19f184ed-f87c-4214-b233-33e8814ee135/print/
"ICIVICS, INC.","LINCHPIN STRATEGIES, LLC",2026,Q2,20000.0,,job-loss,https://lda.gov/filings/public/filing/723ffaa2-5db3-47ce-9ace-5ba7c31d403c/print/
AMERICAN PSYCHIATRIC ASSOCIATION,AMERICAN PSYCHIATRIC ASSOCIATION,2026,Q2,137391.0,"H.R. 1, H.R. 1107, H.R. 1153, H.R. 1197, H.R. 1227, H.R. 1305, H.R. 1448, H.R. 1585, H.R. 1735, H.R. 1867, H.R. 1902, H.R. 1909, H.R. 1987, H.R. 2028, H.R. 2223, H.R. 2483, H.R. 2509, H.R. 2586, H.R. 2587, H.R. 2630, H.R. 3164, H.R. 3266, H.R. 3492, H.R. 3505, H.R. 3514, H.R. 3624, H.R. 3655, H.R. 3863, H.R. 3884, H.R. 3885, H.R. 3890, H.R. 4206, H.R. 4331, H.R. 4619, H.R. 4681, H.R. 4723, H.R. 4837, H.R. 498, H.R. 5074, H.R. 5281, H.R. 5434, H.R. 5482, H.R. 5509, H.R. 5557, H.R. 5629, H.R. 5630, H.R. 5706, H.R. 5725, H.R. 593, H.R. 6226, H.R. 6249, H.R. 6396, H.R. 6468, H.R. 6672, H.R. 6817, H.R. 7092, H.R. 7324, H.R. 7394, H.R. 7787, H.R. 786, H.R. 7875, H.R. 7961, H.R. 7994, H.R. 8044, H.R. 8122, H.R. 8124, H.R. 8163, H.R. 8201, H.R. 8234, H.R. 8261, H.R. 8487, H.R. 879, H.R. 8811, H.R. 8961, H.R. 8989, H.R. 9044, H.R. 912, H.R. 9257, H.R. 929, H.R. 957, H.Res. 1329, H.Res. 792, S. 1056, S. 1062, S. 1261, S. 1379, S. 1460, S. 1640, S. 1673, S. 1816, S. 1874, S. 1924, S. 2011, S. 2121, S. 2439, S. 2446, S. 2621, S. 266, S. 2826, S. 2903, S. 3064, S. 3401, S. 3486, S. 3783, S. 3989, S. 4076, S. 4110, S. 4552, S. 4640, S. 475, S. 683, S. 709, S. 779, S. 926, S. 931, S. 942",ai-cyberattacks; job-loss; kids-chatbots,https://lda.gov/filings/public/filing/9167f1d4-5db1-473f-905f-43c00690167b/print/
"BNP PARIBAS RCC, INC.","BNP PARIBAS RCC, INC.",2026,Q2,70000.0,,,https://lda.gov/filings/public/filing/f58cd557-5cdf-4c59-830a-48f11656650e/print/
ZILLOW INC,MONUMENT ADVOCACY,2026,Q2,60000.0,,,https://lda.gov/filings/public/filing/6fc8edc3-7758-424a-90a4-b45d827a8387/print/
NEWS MEDIA ALLIANCE,FIERCE GOVERNMENT RELATIONS,2026,Q2,40000.0,"H.R. 6484, H.R. 7757, S. 1748",kids-chatbots,https://lda.gov/filings/public/filing/18bfd4ee-aba1-499d-a5b4-f9236c6fd3b4/print/
340B HEALTH,340B HEALTH,2026,Q2,240000.0,"H.R. 4581, H.R. 7391, H.R. 9504, H.R. 9599, S. 2372",,https://lda.gov/filings/public/filing/e66bad40-e50e-40ef-928b-f2d2e3a08469/print/
AMERICAN CIVIL LIBERTIES UNION,AMERICAN CIVIL LIBERTIES UNION,2026,Q2,670000.0,"H.R. 1028, H.R. 1041, H.R. 12, H.R. 1266, H.R. 1329, H.R. 14, H.R. 15, H.R. 1511, H.R. 1589, H.R. 1689, H.R. 1954, H.R. 2, H.R. 2029, H.R. 22, H.R. 2487, H.R. 2616, H.R. 2617, H.R. 28, H.R. 2853, H.R. 3492, H.R. 3708, H.R. 4104, H.R. 4250, H.R. 4393, H.R. 4611, H.R. 4696, H.R. 498, H.R. 5068, H.R. 51, H.R. 5415, H.R. 5507, H.R. 6091, H.R. 6092, H.R. 6155, H.R. 6262, H.R. 6371, H.R. 6570, H.R. 6890, H.R. 7147, H.R. 7148, H.R. 7247, H.R. 7651, H.R. 7661, H.R. 775, H.R. 7970, H.R. 8035, H.R. 8175, H.R. 8239, H.R. 8365, H.R. 8469, H.R. 8595, H.R. 8646, H.R. 8720, H.R. 8800, H.R. 8825, H.R. 8884, H.R. 9022, H.R. 9125, H.R. 9171, H.R. 9260, H.R. 9306, H.R. 9402, H.R. 9432, H.R. 9495, H.Res. 1058, H.Res. 1285, H.Res. 1383, H.Res. 1398, H.Res. 965, S. 1071, S. 128, S. 1318, S. 1367, S. 1383, S. 1404, S. 1503, S. 1572, S. 1748, S. 1957, S. 2, S. 2149, S. 2150, S. 2212, S. 2256, S. 2377, S. 2468, S. 2523, S. 3054, S. 3076, S. 3077, S. 3186, S. 3187, S. 3206, S. 3234, S. 3663, S. 3674, S. 3803, S. 3961, S. 4369, S. 4407, S. 4438, S. 4701, S. 4784, S. 4814, S. 4879, S. 51, S. 894, S. 9, S. 951, S.J.Res. 99, S.Res. 604, S.Res. 732",bias; kids-chatbots,https://lda.gov/filings/public/filing/f87b3a79-e43d-4eca-93a5-fcd50d994e18/print/
TECHNET,"CROSSROADS STRATEGIES, LLC",2026,Q2,80000.0,"H.R. 1623, H.R. 2657, H.R. 2683, H.R. 3149, H.R. 5360, H.R. 6253, H.R. 6257, H.R. 6259, H.R. 6265, H.R. 6273, H.R. 6289, H.R. 6290, H.R. 6291, H.R. 6292, H.R. 6333, H.R. 6437, H.R. 6484, H.R. 6488, H.R. 6489, H.R. 6499, H.R. 7757, H.R. 8800, S. 1748, S. 2750, S. 278, S. 4784, S. 836",bias; kids-chatbots; loss-of-control,https://lda.gov/filings/public/filing/f0e841d0-e09f-48b7-88e6-5d40047c640f/print/
ERNST & YOUNG LLP (WASHINGTON COUNCIL ERNST & YOUNG),ERNST & YOUNG LLP (WASHINGTON COUNCIL ERNST & YOUNG),2026,Q2,480000.0,"H.R. 2911, H.R. 3633, S. 1582",,https://lda.gov/filings/public/filing/0a57e98f-b523-41bc-b662-d2d138d7d965/print/
RECORDING INDUSTRY ASSOCIATION OF AMERICA,FIERCE GOVERNMENT RELATIONS,2026,Q2,50000.0,"H.R. 8915, S. 4591",,https://lda.gov/filings/public/filing/8537e686-3d0d-4620-98cb-f84fa732c471/print/
LOWE'S COMPANIES INC.,LOWE'S COMPANIES INC.,2026,Q2,630000.0,,,https://lda.gov/filings/public/filing/52436d2f-665d-4f2e-9176-3d656a2455e8/print/
"NETFLIX, INC.",MONUMENT ADVOCACY,2026,Q2,50000.0,,,https://lda.gov/filings/public/filing/c94c29e2-f9d6-4b32-85b2-6a1bfe6f3931/print/
"SIEMENS ENERGY, INC.",FIERCE GOVERNMENT RELATIONS,2026,Q2,50000.0,,power-bills,https://lda.gov/filings/public/filing/66857ff9-bec9-4a6d-b51d-5fd314916025/print/
"AMERICAN CONSERVATION COALITION ACTION, INC.","AMERICAN CONSERVATION COALITION ACTION, INC.",2026,Q2,100000.0,,power-bills,https://lda.gov/filings/public/filing/ce24b3e0-cce7-4155-83ff-33f97b015ab4/print/
INSULET CORPORATION,INSULET CORPORATION,2026,Q2,220000.0,S. 4037,,https://lda.gov/filings/public/filing/051121b4-ed04-4248-84d7-b2f484b75619/print/
NEC CORPORATION OF AMERICA,NEC CORPORATION OF AMERICA,2026,Q2,85000.0,,,https://lda.gov/filings/public/filing/33c2e8a8-8e19-471a-8be5-648a91d04bfa/print/
SIEMENS CORPORATION,FIERCE GOVERNMENT RELATIONS,2026,Q2,60000.0,,,https://lda.gov/filings/public/filing/13d386d5-9dc3-49f4-90e0-34bb8630b58b/print/
"INTERACTIVE ADVERTISING BUREAU, INC.","INTERACTIVE ADVERTISING BUREAU, INC.",2026,Q2,160000.0,,,https://lda.gov/filings/public/filing/38f8cc73-92d8-43eb-a6bb-0cc3b382cfc1/print/
DIGITAL DIAGNOSTICS INC.,DIGITAL DIAGNOSTICS INC.,2026,Q2,10000.0,,,https://lda.gov/filings/public/filing/edfd0b81-0714-4772-a70d-bb3cb34caa59/print/
"CISCO SYSTEMS, INC",FIERCE GOVERNMENT RELATIONS,2026,Q2,60000.0,"H.R. 8800, S. 1362, S. 4784",,https://lda.gov/filings/public/filing/2980cf11-10b9-476a-8993-1062b28d7875/print/
HARTFORD FINANCIAL SERVICES GROUP,FIERCE GOVERNMENT RELATIONS,2026,Q2,50000.0,"H.R. 7128, S. 4395",,https://lda.gov/filings/public/filing/1b8da4da-9a9a-4234-9509-1a118d82b054/print/
CLOUD SOFTWARE GROUP,FIERCE GOVERNMENT RELATIONS,2026,Q2,80000.0,,ai-cyberattacks,https://lda.gov/filings/public/filing/fc42669b-f484-4920-916a-6c3dc75d5e12/print/
AMERICAN COUNCIL OF LIFE INSURERS,AMERICAN COUNCIL OF LIFE INSURERS,2026,Q2,1103598.0,"H.R. 4173, H.R. 5511, H.R. 6356, H.R. 8398, H.R. 8413, S. 1582, S. 2750, S. 3308",ai-cyberattacks; bias,https://lda.gov/filings/public/filing/49b72d85-b0c7-4dae-b54b-7afde4c1ff5f/print/
NATIONAL ASSOCIATION OF MANUFACTURERS,NATIONAL ASSOCIATION OF MANUFACTURERS,2026,Q2,2030000.0,"H.R. 6207, H.R. 7334",job-loss,https://lda.gov/filings/public/filing/e471ab86-a6ab-4886-be40-4fb7edea16c1/print/
REGIONS FINANCIAL CORP,REGIONS FINANCIAL CORP,2026,Q2,450000.0,,,https://lda.gov/filings/public/filing/84d544d2-ab5d-4635-8017-1ff034412258/print/
SPACE EXPLORATION TECHNOLOGIES,SPACE EXPLORATION TECHNOLOGIES,2026,Q2,750000.0,,,https://lda.gov/filings/public/filing/75fa3463-170e-4227-b368-f1a3e82a28ac/print/
"WORLDQUANT, LLC",BGR GOVERNMENT AFFAIRS,2026,Q2,60000.0,,,https://lda.gov/filings/public/filing/d789047b-1894-4391-84e5-03a8b2b62a40/print/
"CORASCLOUD, INC.",ATLAS CROSSING LLC,2026,Q2,50000.0,,,https://lda.gov/filings/public/filing/f94b83fd-93e7-41bc-be6f-eda68c260d39/print/
SMACK TECHNOLOGIES INC.,AKIN GUMP STRAUSS HAUER & FELD,2026,Q2,50000.0,,,https://lda.gov/filings/public/filing/f825f2b8-ba1b-4422-b1ec-b9261b0f9256/print/
APPLE INC.,FIERCE GOVERNMENT RELATIONS,2026,Q2,90000.0,"H.R. 3149, H.R. 3209, S. 1586, S. 2153, S. 4746",,https://lda.gov/filings/public/filing/b1b09132-bbb0-4be5-aea3-f6fa84e494bf/print/
"AMERICAN ELECTRIC POWER COMPANY, INC. AND AFFILIATED CORPORATIONS","AMERICAN ELECTRIC POWER COMPANY, INC. AND AFFILIATED CORPORATIONS",2026,Q2,380000.0,"H.R. 1047, H.R. 1355, H.R. 3015, H.R. 3062, H.R. 3616, H.R. 3632, H.R. 3638, H.R. 3657, H.R. 3843, H.R. 4503, H.R. 5549, H.R. 5600, H.R. 6336, H.R. 6633, H.R. 7977, H.R. 8400, H.R. 9332, H.R. 9335, H.R. 9339, H.R. 9340, S. 1327, S. 1757, S. 3034, S. 3585, S. 3814, S. 3852, S. 3947, S. 4559, S. 465",ai-cyberattacks; china-race; power-bills,https://lda.gov/filings/public/filing/f99c9718-b609-4ba8-b0c5-83c2c578bf88/print/
ANTHROPIC,FIERCE GOVERNMENT RELATIONS,2026,Q2,80000.0,"H.R. 3447, H.R. 6875, H.R. 8170, S. 1705, S. 4281, S. 4456",ai-cyberattacks; china-race; job-loss,https://lda.gov/filings/public/filing/9389667a-a5ea-4572-bf77-a71207627990/print/
"H&R BLOCK MANAGEMENT, LLC, A SUBSIDIARY OF H&R BLOCK, INC.","H&R BLOCK MANAGEMENT, LLC, A SUBSIDIARY OF H&R BLOCK, INC.",2026,Q2,790000.0,,,https://lda.gov/filings/public/filing/d8a2d112-fa11-46e0-924f-d52703a1dc78/print/
"TELADOC HEALTH, INC.","TELADOC HEALTH, INC.",2026,Q2,170000.0,"H.R. 4206, S. 1261",,https://lda.gov/filings/public/filing/e5fc6587-9e9a-4224-be3a-b85c26ac52a7/print/
"SHIELD AI, INC.",ATLAS CROSSING LLC,2026,Q2,60000.0,"H.R. 8800, S. 4784",,https://lda.gov/filings/public/filing/4ca5ab44-e489-46b3-92b4-b5261009ceea/print/
JOHN HANCOCK LIFE INSURANCE COMPANY (U.S.A),JOHN HANCOCK LIFE INSURANCE COMPANY (U.S.A),2026,Q2,400000.0,,,https://lda.gov/filings/public/filing/30676e90-0d4c-46ef-a50d-a42fc31e0c2d/print/
BLUE CROSS AND BLUE SHIELD ASSOCIATION,BLUE CROSS AND BLUE SHIELD ASSOCIATION,2026,Q2,990000.0,"H.R. 1254, H.R. 2041, H.R. 2493, H.R. 3302, H.R. 3419, H.R. 4710, H.R. 6248, H.R. 7973, H.R. 8201, H.R. 8209, H.R. 8684, H.R. 9117, H.R. 9389, H.R. 9390, H.R. 9393, H.R. 9396, H.R. 9397, S. 2355, S. 2420, S. 3799, S. 380, S. 4027, S. 4694",ai-cyberattacks,https://lda.gov/filings/public/filing/196c730e-b68a-4318-9473-6ddbc64f3c26/print/
HARVARD UNIVERSITY--PRESIDENT AND FELLOWS OF HARVARD COLLEGE,HARVARD UNIVERSITY--PRESIDENT AND FELLOWS OF HARVARD COLLEGE,2026,Q2,210000.0,H.R. 8800,china-race; job-loss,https://lda.gov/filings/public/filing/09bf2e23-6951-4d0d-9b38-00d2faf95ef2/print/
GOOGLE CLIENT SERVICES LLC,"THE SIMMONS & RUSSELL GROUP, LLC",2026,Q2,20000.0,,ai-cyberattacks,https://lda.gov/filings/public/filing/8adbd719-37a2-44bd-91fb-c3761ef8157f/print/
AMERICAN ASSOCIATION FOR JUSTICE,AMERICAN ASSOCIATION FOR JUSTICE,2026,Q2,1840000.0,"H.R. 1941, H.R. 2481, H.R. 2794, H.R. 3149, H.R. 3921, H.R. 5511, H.R. 6149, H.R. 6253, H.R. 6257, H.R. 6265, H.R. 6273, H.R. 6291, H.R. 633, H.R. 6333, H.R. 6484, H.R. 6488, H.R. 6489, H.R. 7757, H.R. 8413, S. 1291, S. 1367, S. 146, S. 1586, S. 1748, S. 1829, S. 278, S. 281, S. 2937, S. 3023, S. 3062, S. 3546, S. 4199, S. 4349, S. 4407, S. 4855, S. 836, S. 841",bias; deepfakes; kids-chatbots,https://lda.gov/filings/public/filing/dde35be7-3c36-4789-bb68-1a726433b537/print/
HEWLETT PACKARD ENTERPRISE COMPANY,SALT POINT STRATEGIES,2026,Q2,50000.0,,,https://lda.gov/filings/public/filing/5b7e95d6-6497-4c11-ae01-0b47a35121a4/print/
"MOTOROLA SOLUTIONS, INC.",SALT POINT STRATEGIES,2026,Q2,60000.0,,,https://lda.gov/filings/public/filing/99452b0a-992f-4180-947a-0f83fc140dc6/print/
GEN1,GRAYROBINSON PA,2026,Q2,10000.0,,,https://lda.gov/filings/public/filing/7bbab5c2-e8b3-4e9b-b012-9960edd52abd/print/
INTERNET WORKS,INTERNET WORKS,2026,Q2,45000.0,"H.R. 1275, H.R. 2657, H.R. 3149, H.R. 3209, H.R. 6333, H.R. 6719, H.R. 7757, H.R. 7890, H.R. 8143, S. 1367, S. 146, S. 1478, S. 1586, S. 1829, S. 2153, S. 3397, S. 3398",kids-chatbots,https://lda.gov/filings/public/filing/0cd6e543-28e6-41cd-8f09-97ed216a1934/print/
PUBLIC CITIZEN,PUBLIC CITIZEN,2026,Q2,99577.0,"H.R. 4305, H.R. 6145, H.R. 7219, S. 3210, S. 4545",job-loss; kids-chatbots,https://lda.gov/filings/public/filing/643c0f7e-adb0-4a35-8cf8-1d17f9855961/print/
NVIDIA CORPORATION,BGR GOVERNMENT AFFAIRS,2026,Q2,120000.0,,,https://lda.gov/filings/public/filing/3957d54f-b6e4-4c6a-b308-219cb9e9f072/print/
AMERICAN FEDERATION OF STATE COUNTY AND MUNICIPAL EMPLOYEES,"AMERICAN FEDERATION OF STATE, COUNTY AND MUNICIPAL EMPLOYEES",2026,Q2,630000.0,"H.R. 2305, H.R. 2550, H.R. 3139, H.R. 4443, H.R. 7917, H.R. 8210, H.R. 9216",job-loss,https://lda.gov/filings/public/filing/d86ecb7c-dcac-4b9a-876a-f3546cda0fe0/print/
UNITED ASSN OF JOURNEYMEN & APPRENTICES OF THE PLUMBING & PIPEFITTING INDUSTRY,UNITED ASSN OF JOURNEYMEN & APPRENTICES OF THE PLUMBING & PIPEFITTING INDUSTRY,2026,Q2,260000.0,"H.R. 1687, H.R. 4776, H.R. 5631, H.R. 573, H.R. 5862",job-loss; power-bills,https://lda.gov/filings/public/filing/7f5588a2-cc02-4337-bb32-bae058cae2d0/print/
ASSOCIATION OF INTERNATIONAL CERTIFIED PROFESSIONAL ACCOUNTANTS (AICPA),FS VECTOR LLC,2026,Q2,60000.0,,,https://lda.gov/filings/public/filing/5027d94a-2b8b-4ae7-b89a-ca88d9f7b58b/print/
VEEAM SOFTWARE CORP,"WILLIAMS AND JENSEN, PLLC",2026,Q2,50000.0,,ai-cyberattacks,https://lda.gov/filings/public/filing/00b6fd83-8373-402d-ae90-b02a331bc2e9/print/
BROAD INSTITUTE INC.,BROAD INSTITUTE INC.,2026,Q2,70000.0,,,https://lda.gov/filings/public/filing/ea5c6de6-30bc-43f2-8cc1-34b97332b99a/print/
ADOBE INC,ADOBE INC,2026,Q2,450000.0,"H.R. 6571, H.R. 8479, H.R. 9112",ai-cyberattacks; deepfakes,https://lda.gov/filings/public/filing/36910437-a834-4e63-a66e-9807c9c9aef4/print/
NEWS/MEDIA ALLIANCE,INVARIANT LLC,2026,Q2,60000.0,,,https://lda.gov/filings/public/filing/3b66caa5-ff9c-4086-a96c-2dfa25525228/print/
DIGITAL CURRENCY GROUP,BGR GOVERNMENT AFFAIRS,2026,Q2,60000.0,,,https://lda.gov/filings/public/filing/4a7e3936-fb1e-435b-9353-20ab596823ac/print/
COMCAST CORPORATION,VAN SCOYOC ASSOCIATES,2026,Q2,20000.0,,ai-cyberattacks,https://lda.gov/filings/public/filing/8d78057a-2529-4a1d-8c76-fee571609a96/print/
"CROWDSTRIKE, INC.",VAN SCOYOC ASSOCIATES,2026,Q2,50000.0,H.R. 9310,ai-cyberattacks,https://lda.gov/filings/public/filing/87c8bdea-03f1-41f2-a4c9-9a2d38df0997/print/
UNIVERSITY OF ALASKA,UNIVERSITY OF ALASKA,2026,Q2,100000.0,"S. 1296, S. 4688",deepfakes; job-loss; loss-of-control,https://lda.gov/filings/public/filing/008fa03d-1790-4fd6-84ed-def067ebb66e/print/
ALLIANCE FOR AUTOMOTIVE INNOVATION,ALLIANCE FOR AUTOMOTIVE INNOVATION,2026,Q2,1502541.0,"H.R. 2110, H.R. 4948, H.R. 5221, H.R. 6687, H.R. 7181, S. 161, S. 315",china-race,https://lda.gov/filings/public/filing/89237668-8c41-4819-a40a-fe3977a2c08c/print/
NATIONAL COMMITTEE TO PRESERVE SOCIAL SECURITY AND MEDICARE,NATIONAL COMMITTEE TO PRESERVE SOCIAL SECURITY AND MEDICARE,2026,Q2,210000.0,"H.J.Res. 139, H.R. 1, H.R. 1303, H.R. 1526, H.R. 17, H.R. 1700, H.R. 1834, H.R. 1876, H.R. 1877, H.R. 2023, H.R. 2045, H.R. 2142, H.R. 22, H.R. 222, H.R. 2491, H.R. 2540, H.R. 2999, H.R. 3271, H.R. 3289, H.R. 3467, H.R. 3517, H.R. 3522, H.R. 3954, H.R. 4734, H.R. 4849, H.R. 4968, H.R. 500, H.R. 5115, H.R. 5345, H.R. 6084, H.R. 609, H.R. 6237, H.R. 6424, H.R. 6455, H.R. 6703, H.R. 7096, H.R. 7296, H.R. 7567, H.R. 7806, H.R. 7828, H.R. 8100, H.R. 8464, H.R. 8490, H.R. 8540, H.R. 8884, H.R. 9296, H.R. 9415, H.Res. 1013, H.Res. 195, H.Res. 657, S. 1023, S. 1115, S. 1227, S. 1234, S. 1383, S. 1666, S. 1690, S. 1820, S. 2120, S. 2556, S. 2587, S. 2614, S. 2703, S. 2763, S. 3059, S. 3255, S. 3357, S. 3462, S. 3886, S. 3948, S. 4001, S. 4012, S. 4396, S. 4886, S. 770, S. 988",job-loss,https://lda.gov/filings/public/filing/83d82565-271d-400b-92e2-bd1bcaa4568b/print/
"SIEMENS ENERGY, INC","SIEMENS ENERGY, INC",2026,Q2,290000.0,,power-bills,https://lda.gov/filings/public/filing/5fec2cd1-38cb-443e-a961-29f3720101e4/print/
FDD ACTION,FDD ACTION,2026,Q2,240000.0,"H.J.Res. 176, H.J.Res. 200, H.R. 1048, H.R. 1422, H.R. 1736, H.R. 1800, H.R. 2158, H.R. 2212, H.R. 2505, H.R. 2658, H.R. 2683, H.R. 3307, H.R. 3447, H.R. 3463, H.R. 3563, H.R. 36, H.R. 4142, H.R. 425, H.R. 4397, H.R. 4505, H.R. 4530, H.R. 4531, H.R. 4920, H.R. 4930, H.R. 5490, H.R. 5853, H.R. 6058, H.R. 6105, H.R. 6106, H.R. 6107, H.R. 6230, H.R. 6309, H.R. 6322, H.R. 6331, H.R. 6469, H.R. 6624, H.R. 6875, H.R. 6988, H.R. 6996, H.R. 7003, H.R. 7037, H.R. 7126, H.R. 7146, H.R. 7178, H.R. 7184, H.R. 7273, H.R. 7380, H.R. 7540, H.R. 7552, H.R. 7567, H.R. 7622, H.R. 7625, H.R. 7668, H.R. 7924, H.R. 8019, H.R. 8022, H.R. 8036, H.R. 8069, H.R. 8106, H.R. 8168, H.R. 8169, H.R. 8170, H.R. 8177, H.R. 8202, H.R. 8283, H.R. 8284, H.R. 8433, H.R. 8516, H.R. 8558, H.R. 8559, H.R. 8595, H.R. 8649, H.R. 8665, H.R. 8693, H.R. 8700, H.R. 8718, H.R. 8730, H.R. 8787, H.R. 8800, H.R. 881, H.R. 8901, H.R. 9020, H.R. 9087, H.R. 9102, H.R. 9129, H.R. 9147, H.R. 9227, H.R. 9232, H.R. 9256, H.R. 9322, H.R. 9366, H.R. 9450, H.R. 9451, H.R. 9495, H.R. 9550, H.R. 9592, H.Res. 1246, H.Res. 1379, H.Res. 564, S. 1296, S. 1473, S. 1490, S. 1705, S. 1744, S. 1824, S. 1889, S. 1962, S. 2132, S. 2222, S. 2293, S. 2677, S. 2904, S. 3050, S. 3172, S. 3181, S. 3249, S. 3360, S. 3404, S. 3452, S. 3496, S. 3519, S. 3659, S. 3855, S. 3900, S. 4192, S. 4219, S. 4281, S. 4296, S. 4379, S. 4380, S. 4392, S. 4423, S. 4424, S. 4429, S. 4443, S. 4446, S. 4456, S. 4525, S. 4544, S. 4565, S. 4570, S. 4600, S. 4665, S. 4711, S. 4723, S. 4784, S. 4826, S. 4835, S. 4853, S. 556, S. 63, S. 933, S.J.Res. 114, S.J.Res. 123, S.J.Res. 163, S.J.Res. 184, S.J.Res. 185, S.Res. 236",ai-cyberattacks; china-race,https://lda.gov/filings/public/filing/7f892462-d586-4f79-a9fa-8025deea583d/print/
AON CORPORATION,AON CORPORATION,2026,Q2,170000.0,"H.R. 7128, S. 4395",power-bills,https://lda.gov/filings/public/filing/ba1e7e06-b185-4e73-9416-7f743045faab/print/
DTE ENERGY,DTE ENERGY,2026,Q2,160000.0,,power-bills,https://lda.gov/filings/public/filing/623ae4fb-07f7-4f6e-bf1d-2c1fa3d37429/print/
HARTFORD INSURANCE GROUP (FKA HARTFORD FINANCIAL SERVICES GROUP),HARTFORD INSURANCE GROUP (FKA HARTFORD FINANCIAL SERVICES GROUP),2026,Q2,330000.0,"H.R. 7128, H.R. 8800, H.R. 900, S. 245, S. 4784",ai-cyberattacks,https://lda.gov/filings/public/filing/9c609a55-7e02-4293-8455-6af3cd2d4700/print/
PPL CORPORATION,PPL CORPORATION,2026,Q2,70000.0,"H.R. 1047, H.R. 3015, H.R. 3062, H.R. 3157, H.R. 3616, H.R. 3617, H.R. 3628, H.R. 3632, H.R. 3638, H.R. 3843, H.R. 4503, H.R. 5600, H.R. 6336, H.R. 6633, H.R. 6983, H.R. 7258, H.R. 7729, H.R. 7977, H.R. 8248, H.R. 8400, H.R. 8568, H.R. 9332, H.R. 9335, H.R. 9339, H.R. 9340, H.R. 9630, S. 1327, S. 3034, S. 3192, S. 3585, S. 3682, S. 3852, S. 3947, S. 4559, S. 465",ai-cyberattacks; power-bills,https://lda.gov/filings/public/filing/3821d1cf-4218-46c3-9e36-ad14fff51413/print/
MASTERCARD WORLDWIDE,"CGCN GROUP, LLC",2026,Q2,80000.0,"H.R. 1944, H.R. 7035, S. 3623, S. 381",ai-cyberattacks,https://lda.gov/filings/public/filing/fd97b092-a27d-4aa8-b166-5b9b4a520797/print/
"DEXCOM, INC.","DEXCOM, INC.",2026,Q2,370000.0,H.R. 1539,,https://lda.gov/filings/public/filing/394c9600-f0d9-45bc-a40a-e8e44cc254c9/print/
FOUNDATION FOR ADVANCING ALCOHOL RESPONSIBILITY (FKA THE CENTURY COUNCIL),THE FOUNDATION FOR ADVANCING ALCOHOL RESPONSIBILITY (FKA THE CENTURY COUNCIL),2026,Q2,109692.0,"H.R. 1137, H.R. 4552, H.R. 6704, H.R. 870, S. 2465",job-loss; loss-of-control,https://lda.gov/filings/public/filing/cae0e8f6-03ab-4704-a138-cb26c528251b/print/
AIR LINE PILOTS ASSOCIATION,AIR LINE PILOTS ASSOCIATION,2026,Q2,266000.0,,job-loss,https://lda.gov/filings/public/filing/543ba997-3c5c-44d8-8f06-f11d50bb7c55/print/
AFL-CIO,AFL-CIO,2026,Q2,760000.0,"H.R. 3460, H.R. 6356, H.R. 6371, H.R. 7296, H.R. 7334, H.R. 8893, H.R. 9125, H.R. 9363, H.R. 9438, S. 1213, S. 1748, S. 262, S. 2750, S. 3319, S. 3339, S. 3752, S. 3952, S. 4046, S. 4098, S. 4214, S. 4369, S. 4476, S. 4591",bias; job-loss; kids-chatbots; power-bills,https://lda.gov/filings/public/filing/98ca4ae4-cbcd-4332-89aa-4d7e0964c5fc/print/
HALEON US HOLDINGS LLC,HALEON US HOLDINGS LLC,2026,Q2,260000.0,,,https://lda.gov/filings/public/filing/d38c6bcf-0cd5-4a09-a510-950ba61fa76f/print/
"LG ELECTRONICS USA, INC.",LAW OFFICES OF KEVIN G. CURTIN,2026,Q2,30000.0,"H.R. 7757, S. 4691",kids-chatbots,https://lda.gov/filings/public/filing/abdb3be1-e2ca-43a6-aee5-9c94ea87b6b3/print/
"GENERAL CATALYST GROUP MANAGEMENT, LLC","PORTERFIELD, FETTIG & SEARS, LLC",2026,Q2,90000.0,,,https://lda.gov/filings/public/filing/e4a823a1-1e76-42c4-95bc-ddb7ed12d0c1/print/
"SIX CONTINENTS HOTELS, INC.","SIX CONTINENTS HOTELS, INC.",2026,Q2,100000.0,"H.R. 1479, S. 314",,https://lda.gov/filings/public/filing/a64cc0bf-090d-4ad6-8a42-a9be891bad8a/print/
MASSACHUSETTS MUTUAL LIFE INSURANCE COMPANY (MASSMUTUAL FINANCIAL GROUP),BGR GOVERNMENT AFFAIRS,2026,Q2,40000.0,H.R. 1,ai-cyberattacks,https://lda.gov/filings/public/filing/907d3652-f802-4b95-a831-144ccee67ec9/print/
LEIDOS INC,"LEIDOS, INC.",2026,Q2,1110000.0,,,https://lda.gov/filings/public/filing/dd5f50c8-b8e8-4b87-acf9-a3aab8401443/print/
NATIONAL WOMEN'S LAW CENTER ACTION FUND,NATIONAL WOMEN'S LAW CENTER ACTION FUND,2026,Q2,75000.0,"H.R. 1385, H.R. 6334, H.R. 8175, H.R. 8800, H.R. 9155, S. 3966, S. 4784, S. 785",bias; deepfakes; kids-chatbots,https://lda.gov/filings/public/filing/910b00c0-3e34-4b49-8e99-45e7d6b8536e/print/
NOVARTIS,NOVARTIS,2026,Q2,1410000.0,"H.R. 1262, H.R. 2214, H.R. 3037, H.R. 5256, H.R. 8800, H.R. 946, H.R. 9504, H.R. 9599, S. 1500, S. 1682, S. 3788, S. 4784, S. 864, S. 932",china-race; kids-chatbots,https://lda.gov/filings/public/filing/cb76bfb5-8577-4487-a413-a9e8b217d053/print/
NATIONAL TREASURY EMPLOYEES UNION,NATIONAL TREASURY EMPLOYEES UNION,2026,Q2,340000.0,"H.R. 107, H.R. 1075, H.R. 1101, H.R. 1106, H.R. 1280, H.R. 1294, H.R. 1295, H.R. 1460, H.R. 15, H.R. 1511, H.R. 1522, H.R. 1535, H.R. 1548, H.R. 1569, H.R. 1571, H.R. 1603, H.R. 1637, H.R. 1807, H.R. 1835, H.R. 1930, H.R. 1943, H.R. 195, H.R. 1989, H.R. 200, H.R. 2006, H.R. 201, H.R. 202, H.R. 2207, H.R. 2255, H.R. 2285, H.R. 2324, H.R. 236, H.R. 242, H.R. 2421, H.R. 2470, H.R. 25, H.R. 2532, H.R. 2601, H.R. 2677, H.R. 2737, H.R. 2742, H.R. 2743, H.R. 2829, H.R. 2880, H.R. 2894, H.R. 2905, H.R. 2906, H.R. 2921, H.R. 2962, H.R. 3046, H.R. 3072, H.R. 3093, H.R. 3094, H.R. 3120, H.R. 3144, H.R. 3170, H.R. 3171, H.R. 3226, H.R. 3267, H.R. 3305, H.R. 3317, H.R. 3346, H.R. 3364, H.R. 3404, H.R. 3435, H.R. 3445, H.R. 3468, H.R. 3555, H.R. 3560, H.R. 357, H.R. 371, H.R. 3733, H.R. 3853, H.R. 3891, H.R. 3965, H.R. 4052, H.R. 4057, H.R. 4176, H.R. 435, H.R. 4440, H.R. 4582, H.R. 4672, H.R. 4683, H.R. 4727, H.R. 473, H.R. 4823, H.R. 4854, H.R. 489, H.R. 4893, H.R. 4907, H.R. 4908, H.R. 491, H.R. 492, H.R. 4974, H.R. 4996, H.R. 5000, H.R. 5091, H.R. 51, H.R. 514, H.R. 5397, H.R. 5572, H.R. 5599, H.R. 5653, H.R. 5674, H.R. 5676, H.R. 5679, H.R. 5689, H.R. 5708, H.R. 5720, H.R. 5724, H.R. 5750, H.R. 5771, H.R. 5810, H.R. 5816, H.R. 5843, H.R. 5908, H.R. 6023, H.R. 6284, H.R. 6323, H.R. 6330, H.R. 6371, H.R. 6548, H.R. 6791, H.R. 6818, H.R. 687, H.R. 6926, H.R. 6929, H.R. 697, H.R. 6971, H.R. 7039, H.R. 7067, H.R. 7098, H.R. 7102, H.R. 7228, H.R. 7256, H.R. 7357, H.R. 743, H.R. 7471, H.R. 7480, H.R. 7505, H.R. 7507, H.R. 7531, H.R. 7567, H.R. 7583, H.R. 759, H.R. 7706, H.R. 7934, H.R. 7971, H.R. 7972, H.R. 800, H.R. 8096, H.R. 8134, H.R. 8173, H.R. 8180, H.R. 8207, H.R. 8312, H.R. 8428, H.R. 8466, H.R. 8555, H.R. 8587, H.R. 8663, H.R. 8800, H.R. 8823, H.R. 8831, H.R. 8844, H.R. 8898, H.R. 9199, H.R. 9200, H.R. 9214, H.R. 9237, H.R. 925, H.R. 9261, H.R. 9327, H.R. 9346, H.R. 9382, H.R. 9402, H.R. 9444, H.R. 9498, H.R. 9519, H.R. 9566, H.R. 977, H.Res. 1253, H.Res. 186, H.Res. 187, H.Res. 259, H.Res. 286, H.Res. 302, H.Res. 807, H.Res. 825, S. 102, S. 1059, S. 1075, S. 1120, S. 1138, S. 1154, S. 1171, S. 1185, S. 1332, S. 134, S. 135, S. 1368, S. 1427, S. 1444, S. 1491, S. 1503, S. 1585, S. 1625, S. 1678, S. 1768, S. 1771, S. 1819, S. 1871, S. 1923, S. 1991, S. 2039, S. 2078, S. 2091, S. 21, S. 2163, S. 2173, S. 22, S. 23, S. 2418, S. 2429, S. 2473, S. 2542, S. 2549, S. 2595, S. 2597, S. 26, S. 2605, S. 2645, S. 27, S. 2732, S. 2786, S. 279, S. 2816, S. 2838, S. 2948, S. 295, S. 2953, S. 2966, S. 2977, S. 2982, S. 2995, S. 3005, S. 3070, S. 3091, S. 3141, S. 3156, S. 3263, S. 3277, S. 3283, S. 3296, S. 3487, S. 3504, S. 353, S. 354, S. 3547, S. 3553, S. 357, S. 359, S. 3609, S. 3619, S. 3622, S. 3699, S. 3755, S. 382, S. 3823, S. 3844, S. 3865, S. 3869, S. 3931, S. 3996, S. 3997, S. 4079, S. 4099, S. 4100, S. 4117, S. 4271, S. 4290, S. 4302, S. 4343, S. 4378, S. 4447, S. 4478, S. 452, S. 4545, S. 4589, S. 4596, S. 4684, S. 4744, S. 4784, S. 4831, S. 490, S. 51, S. 578, S. 583, S. 591, S. 624, S. 662, S. 67, S. 677, S. 691, S. 703, S. 727, S. 82, S. 914, S. 918, S. 949, S.Res. 165, S.Res. 166, S.Res. 324, S.Res. 579, S.Res. 733",ai-cyberattacks; job-loss,https://lda.gov/filings/public/filing/e96722f1-6d28-49ab-ad04-160376d554ec/print/
ACCENTURE LLP,"ACCENTURE, LLP",2026,Q2,560000.0,,ai-cyberattacks; job-loss; power-bills,https://lda.gov/filings/public/filing/34a46f10-9a1c-4f62-baf4-06d9c2e57787/print/
DOW CHEMICAL COMPANY DBA DOW,"THE DOW CHEMICAL COMPANY, DBA DOW",2026,Q2,1050000.0,"H.R. 5079, S. 1337",ai-cyberattacks,https://lda.gov/filings/public/filing/83ac3583-e0e9-4b29-a2eb-0e2913c566b5/print/
RELX INC.,KLEIN/JOHNSON GROUP,2026,Q2,50000.0,,,https://lda.gov/filings/public/filing/8ffc0a42-5410-42ee-89e7-e682c10cb097/print/
GE VERNOVA INTERNATIONAL LLC,GE VERNOVA INTERNATIONAL LLC,2026,Q2,310000.0,,ai-cyberattacks,https://lda.gov/filings/public/filing/5e366ec2-fcc3-4450-b124-0929120b48b9/print/
MICROSOFT CORPORATION,"FIFESTRATEGIES, LLC",2026,Q2,30000.0,"H.R. 8800, H.R. 9495",ai-cyberattacks,https://lda.gov/filings/public/filing/da72a2f0-8c0f-4c57-9fe2-143d960ee000/print/
"SALESFORCE, INC.","SALESFORCE, INC.",2026,Q2,1540000.0,"H.R. 8800, S. 4784",china-race; job-loss,https://lda.gov/filings/public/filing/7f080c11-5d6c-45d9-abf8-33454f2f19f6/print/
"ALLIANCE OF COMMUNITY HEALTH PLANS, INC.","ALLIANCE OF COMMUNITY HEALTH PLANS, INC.",2026,Q2,610000.0,,job-loss,https://lda.gov/filings/public/filing/6c380923-e3d0-4f5a-8f79-3efce9e94dbd/print/
ANTI-DEFAMATION LEAGUE,ANTI-DEFAMATION LEAGUE,2026,Q2,320000.0,"H.R. 5681, H.Res. 963, S. 3292",,https://lda.gov/filings/public/filing/810db7fc-e860-4acf-8d0f-505a5cdc6b5d/print/
"ANTHROPIC, PBC",AVENUE SOLUTIONS,2026,Q2,60000.0,,,https://lda.gov/filings/public/filing/4ebe1bae-e70b-4df7-83d1-bd39890b565c/print/
SAMSARA INC.,KLEIN/JOHNSON GROUP,2026,Q2,50000.0,,,https://lda.gov/filings/public/filing/6fc087c9-5697-4442-a5a5-c874abc0e08d/print/
NATIONAL RETAIL FEDERATION,FEROX STRATEGIES,2026,Q2,30000.0,,,https://lda.gov/filings/public/filing/01f0e038-adee-4f88-a484-556a44271320/print/
ASSOCIATION OF NATIONAL ADVERTISERS,LAW OFFICES OF KEVIN G. CURTIN,2026,Q2,20000.0,"H.R. 1736, H.R. 7757, H.R. 8413",ai-cyberattacks; deepfakes; kids-chatbots,https://lda.gov/filings/public/filing/e52b380f-0e91-4fb0-8a1d-9d644e762033/print/
"SAMSUNG SEMICONDUCTOR, INC.","CGCN GROUP, LLC",2026,Q2,50000.0,,ai-cyberattacks,https://lda.gov/filings/public/filing/09fc9f73-ca76-4e09-86bc-88c0b49b2a73/print/
NEBIUS GROUP N.V.,BGR GOVERNMENT AFFAIRS,2026,Q2,200000.0,,power-bills,https://lda.gov/filings/public/filing/1eec3123-f41e-4d6f-baf3-924f417cbede/print/
"HEALTHCARE PRIVACY FORUM, LLC DBA, HEALTHCARE TRUST INSTITUTE",AVENUE SOLUTIONS,2026,Q2,30000.0,,ai-cyberattacks,https://lda.gov/filings/public/filing/97b823e1-3162-4eed-9b5e-4eef4d3794ee/print/
"DATABRICKS, INC.",BGR GOVERNMENT AFFAIRS,2026,Q2,60000.0,,,https://lda.gov/filings/public/filing/14aa779c-0feb-40b1-bdca-c61cfecb04bd/print/
ATLASSIAN,MONUMENT ADVOCACY,2026,Q2,10000.0,,,https://lda.gov/filings/public/filing/4dd40f3f-d17c-4096-a8c9-fa8877099125/print/
CALIFORNIA STATE UNIVERSITY,CALIFORNIA STATE UNIVERSITY,2026,Q2,70000.0,S. 1071,ai-cyberattacks; china-race; job-loss; kids-chatbots,https://lda.gov/filings/public/filing/c0079acc-7341-4a85-919a-cdb713a64f02/print/
CISCO SYSTEMS,KLEIN/JOHNSON GROUP,2026,Q2,50000.0,,,https://lda.gov/filings/public/filing/f2483100-f886-4282-9ae0-86fa333d1ddf/print/
OPENAI,"MILLER STRATEGIES, LLC",2026,Q2,150000.0,,,https://lda.gov/filings/public/filing/7cb40d72-7a0c-44b6-ac62-ca8e81ee60e1/print/
NEWS CORPORATION,"CGCN GROUP, LLC",2026,Q2,50000.0,,,https://lda.gov/filings/public/filing/a08ecb27-371a-4b3a-b5b8-16676470b1e9/print/
EDGECONNEX,MONUMENT ADVOCACY,2026,Q2,90000.0,,power-bills,https://lda.gov/filings/public/filing/571b1b54-706d-4a4e-a2fb-c369903bd6e1/print/
REGIONS FINANCIAL CORPORATION,"CGCN GROUP, LLC",2026,Q2,30000.0,,,https://lda.gov/filings/public/filing/a8c7a5cb-4150-487b-a455-edc45c16ec96/print/
"DYNAMOFL, INC.",TIGER HILL PARTNERS LLC,2026,Q2,20000.0,,,https://lda.gov/filings/public/filing/c866fcd3-c2e9-46e9-b145-c3133960b304/print/
ENTERGY SERVICES LLC,"ENTERGY SERVICES, LLC",2026,Q2,610000.0,"H.R. 1047, H.R. 2548, H.R. 3978, H.R. 6336, H.R. 6633, H.R. 8400, H.R. 9340, H.R. 9612, S. 1241, S. 2082, S. 3585, S. 3814, S. 3852, S. 3947, S. 4284, S. 465",power-bills,https://lda.gov/filings/public/filing/ce320739-8624-4a5d-821d-2b710249ad96/print/
"DISCOVERY COMMUNICATIONS, LLC","DISCOVERY COMMUNICATIONS, LLC",2026,Q2,370000.0,,deepfakes,https://lda.gov/filings/public/filing/6257d84a-7440-4faf-bbc4-c6eeb5cb57fa/print/
PILOT TRAVEL CENTERS LLC,PILOT TRAVEL CENTERS LLC,2026,Q2,160000.0,,,https://lda.gov/filings/public/filing/757ff204-b639-42a4-9506-6af766a2c106/print/
SMALL BUSINESS & ENTREPRENEURSHIP COUNCIL (SBE COUNCIL),SMALL BUSINESS & ENTREPRENEURSHIP COUNCIL (SBE COUNCIL),2026,Q2,45000.0,"H.R. 1163, H.R. 1340, H.R. 1515, H.R. 1778, H.R. 1897, H.R. 2262, H.R. 2270, H.R. 2312, H.R. 2870, H.R. 3383, H.R. 3898, H.R. 425, H.R. 4366, H.R. 4776, H.R. 5408, H.R. 6329, H.R. 6398, H.R. 6431, H.R. 6495, H.R. 6506, H.R. 6644, H.R. 6703, H.R. 6855, H.R. 7681, H.R. 8293, H.R. 8413, H.R. 8415, H.R. 8624, H.R. 8871, H.R. 8872, H.R. 8873, H.R. 8883, H.R. 9498, H.R. 9500, H.R. 9501, H.Res. 1156, H.Res. 1182, S. 1954, S. 2658, S. 3014, S. 3332, S. 3931, S. 4207, S. 4463, S. 4746",job-loss; kids-chatbots,https://lda.gov/filings/public/filing/d7c45bae-3ef1-4a39-b77b-6192d65049d9/print/
"DAYFORCE US, INC (FKA CERIDIAN HCM, INC.)",FS VECTOR LLC,2026,Q2,20000.0,,,https://lda.gov/filings/public/filing/1fdc8264-91cf-4a80-a7e8-7b26c8d10a4e/print/
BLOCK INC.,"CROSSROADS STRATEGIES, LLC",2026,Q2,60000.0,S. 1582,,https://lda.gov/filings/public/filing/92752fc5-32c7-4586-9067-a732c3396388/print/
ECS,BGR GOVERNMENT AFFAIRS,2026,Q2,60000.0,,,https://lda.gov/filings/public/filing/4624ba9e-404d-44c9-a7bf-c49d528fd391/print/
"QUANTUMSCAPE BATTERY, INC.",TIGER HILL PARTNERS LLC,2026,Q2,30000.0,,china-race,https://lda.gov/filings/public/filing/decaef87-c638-4431-abc6-2bd5dbb8f008/print/
HORIZON BLUE CROSS BLUE SHIELD OF NEW JERSEY,HORIZON BLUE CROSS BLUE SHIELD OF NEW JERSEY,2026,Q2,40000.0,"H.R. 4710, H.R. 7973, H.R. 8684, H.R. 9393, H.R. 9396, S. 2420",,https://lda.gov/filings/public/filing/7f6b63f3-60dc-406f-aac7-4e78d913a8af/print/
ORACLE CORPORATION,AVENUE SOLUTIONS,2026,Q2,60000.0,,ai-cyberattacks,https://lda.gov/filings/public/filing/19679108-8043-4ae6-94af-600ad6a19e93/print/
CALBRIGHT COLLEGE,ARNOLD & PORTER KAYE SCHOLER LLP,2026,Q2,50000.0,,job-loss,https://lda.gov/filings/public/filing/d87ba183-2f11-45b6-a072-e0d5a9e722e7/print/
"ORACLE AMERICA, INC.",KLEIN/JOHNSON GROUP,2026,Q2,80000.0,,ai-cyberattacks; power-bills,https://lda.gov/filings/public/filing/de177170-751b-4e7c-9967-329a4ce5ac41/print/
RAVEN,KLEIN/JOHNSON GROUP,2026,Q2,20000.0,,,https://lda.gov/filings/public/filing/7b39efa8-c961-4dc7-bd61-a6a32373de7b/print/
ELECTRONIC TRANSACTIONS ASSOCIATION,FS VECTOR LLC,2026,Q2,10000.0,,,https://lda.gov/filings/public/filing/6a8ef681-7841-4dca-bf8b-61f1692cab43/print/
"SIEMENS MEDICAL SOLUTIONS USA, INC.",AVENUE SOLUTIONS,2026,Q2,70000.0,"H.R. 6197, S. 1399",,https://lda.gov/filings/public/filing/08f8d541-c05d-4585-a36c-494d3a40272e/print/
"ARENA PHYSICA (FKA ARENA TECHNOLOGIES, INC.)",BGR GOVERNMENT AFFAIRS,2026,Q2,80000.0,,,https://lda.gov/filings/public/filing/23cfce59-6dde-469c-9c09-71302cf32fb6/print/
COMPLETE COLLEGE AMERICA,ARNOLD & PORTER KAYE SCHOLER LLP,2026,Q2,30000.0,"H.R. 4806, H.R. 9300, S. 2511, S. 4778",job-loss,https://lda.gov/filings/public/filing/77472f02-5d99-44de-a80d-e501a20f5200/print/
AMERICAN NURSES ASSOCIATION,AMERICAN NURSES ASSOCIATION,2026,Q2,270000.0,"H.R. 1317, H.R. 1616, H.R. 3415, H.R. 3593, H.R. 6607, H.R. 6894, H.R. 7279, S. 1482, S. 1709, S. 1805, S. 1874, S. 2954, S. 3435, S. 3707, S. 575, S. 717",job-loss,https://lda.gov/filings/public/filing/dbdde1bb-13e3-44a8-a13a-54754336ce9e/print/
"AMERICAN INTERNATIONAL GROUP, INC.",INVARIANT LLC,2026,Q2,70000.0,,ai-cyberattacks,https://lda.gov/filings/public/filing/94dccbab-9be6-4fff-a3d3-6f4982c68597/print/
MANAGED FUNDS ASSOCIATION,MANAGED FUNDS ASSOCIATION,2026,Q2,1100000.0,"H.R. 3383, H.R. 3633, H.R. 3682, H.R. 3838, H.R. 5748, H.R. 6161, S. 2296, S. 3578",bias,https://lda.gov/filings/public/filing/3ac34a38-655a-47eb-9bba-156915420ade/print/
MAGICSCHOOL AI,ARNOLD & PORTER KAYE SCHOLER LLP,2026,Q2,40000.0,"H.R. 2385, H.R. 5584, S. 1748, S. 2740, S. 4407, S. 4855, S. 836",kids-chatbots,https://lda.gov/filings/public/filing/53eb1d15-95db-4d7f-bfc9-4f749c52ec84/print/
MCGRAW-HILL EDUCATION,ARNOLD & PORTER KAYE SCHOLER LLP,2026,Q2,80000.0,"H.R. 8183, H.R. 8210, S. 3063",job-loss,https://lda.gov/filings/public/filing/5961d821-564d-4691-a2ef-3b6c0a5dd4e2/print/
WAYMO LLC,MONUMENT ADVOCACY,2026,Q2,50000.0,,,https://lda.gov/filings/public/filing/e4db96b9-a74c-44c7-8f2c-8ae14e8f69cd/print/
"INTUIT, INC. AND AFFILIATES",FS VECTOR LLC,2026,Q2,50000.0,"H.R. 3679, H.R. 5784",,https://lda.gov/filings/public/filing/ec91f3fc-9764-451e-8037-4290ffdaf04d/print/
AMERICAN APPAREL & FOOTWEAR ASSOCIATION,AMERICAN APPAREL & FOOTWEAR ASSOCIATION,2026,Q2,372780.0,"H.R. 2548, H.R. 2665, H.R. 4930, H.R. 5371, H.R. 7502, H.R. 7548, H.R. 960, S. 1241, S. 1272, S. 2677, S. 3774, S. 3841, S. 4782, S. 626",ai-cyberattacks; china-race; job-loss; kids-chatbots,https://lda.gov/filings/public/filing/b9de3112-1225-41df-997b-aca4692c1d7f/print/
NORC AT THE UNIVERSITY OF CHICAGO,ARNOLD & PORTER KAYE SCHOLER LLP,2026,Q2,70000.0,,,https://lda.gov/filings/public/filing/f970e57d-810c-4ce4-88bd-49e1a13dadb8/print/
SAN DIEGO STATE UNIVERSITY RESEARCH FOUNDATION,SAN DIEGO STATE UNIVERSITY RESEARCH FOUNDATION,2026,Q2,180000.0,,,https://lda.gov/filings/public/filing/6a9aac13-4850-4d52-98d8-b54041592b46/print/
TRAVEL GOODS ASSOCIATION,AMERICAN APPAREL & FOOTWEAR ASSOCIATION,2026,Q2,7729.0,"H.R. 4930, H.R. 7548, S. 2677, S. 3774, S. 4782, S. 626",china-race; job-loss,https://lda.gov/filings/public/filing/c626bf0f-70ab-41ee-ab3d-efc0580382eb/print/
DISNEY WORLDWIDE SERVICES INC,"DISNEY WORLDWIDE SERVICES, INC.",2026,Q2,1400000.0,"H.R. 2794, H.R. 6028, H.R. 791, S. 1367",,https://lda.gov/filings/public/filing/93db6729-498f-4992-98dc-09d88773d6cf/print/
WILLIAM & MARY FOUNDATION,ARNOLD & PORTER KAYE SCHOLER LLP,2026,Q2,60000.0,,,https://lda.gov/filings/public/filing/6cf79f66-03f7-4cc9-8cb1-6bb667475488/print/
APPLE INC.,INVARIANT LLC,2026,Q2,180000.0,,,https://lda.gov/filings/public/filing/aff0145a-e5bb-420e-83d6-7efc81e334a4/print/
THE WALT DISNEY CORPORATION,ALPINE ADVISORS,2026,Q2,50000.0,,,https://lda.gov/filings/public/filing/d08ed31f-4317-4fd2-b9cb-e3ce14c091aa/print/
AMERICAN FINTECH COUNCIL,AMERICAN FINTECH COUNCIL,2026,Q2,110000.0,"H.R. 2152, H.R. 2702, H.R. 2978, H.R. 306, H.R. 3380, H.R. 3709, H.R. 4437, H.R. 4478, H.R. 4801, H.R. 5317, H.R. 5402, H.R. 6552, H.R. 6955, H.R. 7866, H.R. 8278, H.R. 8398, H.R. 8671, H.R. 9330, H.R. 9331, H.R. 940, S. 1465, S. 1582, S. 3721, S. 3830, S. 3889, S. 4144, S. 427, S. 875",loss-of-control,https://lda.gov/filings/public/filing/bd9527e7-f8ce-4264-b41f-5676004e8450/print/
"VMWARE, INC. OBO BROADCOM INC.","CROSSROADS STRATEGIES, LLC",2026,Q2,50000.0,S. 2750,,https://lda.gov/filings/public/filing/c72b55ed-a097-49d7-a282-1556d1982729/print/
"CROWDSTRIKE, INC.","CROWDSTRIKE, INC.",2026,Q2,380000.0,,ai-cyberattacks,https://lda.gov/filings/public/filing/7a060b1c-a337-42bf-a28d-ad0c4f2066e8/print/
ADVANCED MEDICAL TECHNOLOGY ASSN,ADVANCED MEDICAL TECHNOLOGY ASSN,2026,Q2,971000.0,"H.R. 1539, S. 3315, S. 4939",ai-cyberattacks; china-race,https://lda.gov/filings/public/filing/43838072-033e-49a4-86fe-b0a0576ba05d/print/
ISACA,IMPERIUM GLOBAL ADVISORS,2026,Q2,60000.0,,ai-cyberattacks,https://lda.gov/filings/public/filing/d5f21caf-a183-4bff-99c2-5a5a94044ad0/print/
AMERICANS FOR RESPONSIBLE INNOVATION,AMERICANS FOR RESPONSIBLE INNOVATION,2026,Q2,620000.0,,china-race,https://lda.gov/filings/public/filing/4030f996-05ba-4b4f-bd25-afe841930b06/print/
CONSTELLATION,ALPINE ADVISORS,2026,Q2,60000.0,,power-bills,https://lda.gov/filings/public/filing/1cc3ca49-b17b-478e-bf21-103fddaa7566/print/
WALKME,IMPERIUM GLOBAL ADVISORS,2026,Q2,25000.0,,,https://lda.gov/filings/public/filing/fd866201-c382-4ae8-b1d4-444c14ddd3d2/print/
"WORKDAY, INC.",INVARIANT LLC,2026,Q2,70000.0,,,https://lda.gov/filings/public/filing/f2694765-4f4e-46a9-b5b2-2b72417d9a72/print/
EPIC SYSTEMS CORPORATION,"MEHLMAN CONSULTING, INC.",2026,Q2,60000.0,,,https://lda.gov/filings/public/filing/b184933d-abeb-4d46-bef8-942eb29e0827/print/
NATIONAL ASSOCIATION OF BROADCASTERS,NATIONAL ASSOCIATION OF BROADCASTERS,2026,Q2,2620000.0,"H.R. 2794, H.R. 861, S. 326, S. 4875",,https://lda.gov/filings/public/filing/c14e1105-ef81-4e2d-b873-586e4b56ea23/print/
EDISON ELECTRIC INSTITUTE,"MEHLMAN CONSULTING, INC.",2026,Q2,60000.0,,job-loss,https://lda.gov/filings/public/filing/8c3cb316-c928-4e44-9575-313c9faf9c43/print/
CLEAN ENERGY BUYERS ASSOCIATION (FORMERLY RENEWABLE ENERGY BUYERS ALLIANCE),CLEAN ENERGY BUYERS ASSOCIATION (FORMERLY RENEWABLE ENERGY BUYERS ALLIANCE),2026,Q2,200000.0,"H.R. 1077, H.R. 1687, H.R. 2072, H.R. 301, H.R. 4128, H.R. 4776, H.R. 5631, H.R. 6633, H.R. 7977, H.R. 8308, H.R. 8437, S. 1020, S. 3814, S. 3947, S. 4116, S. 456, S. 4795",power-bills,https://lda.gov/filings/public/filing/4cbbe2df-68d4-40e6-b2fa-ca08e4fad4b2/print/
ZURICH AMERICAN INSURANCE COMPANY,ZURICH AMERICAN INSURANCE COMPANY,2026,Q2,480000.0,"H.R. 1285, H.R. 469, H.R. 471, H.R. 643, H.R. 7128, H.R. 8800, S. 4395, S. 570, S. 985",ai-cyberattacks; deepfakes; power-bills,https://lda.gov/filings/public/filing/9f941036-e395-4073-baed-08243e632af0/print/
"KAISER FOUNDATION HEALTH PLAN, INC.","MEHLMAN CONSULTING, INC.",2026,Q2,90000.0,,,https://lda.gov/filings/public/filing/8dacc5d4-9bf5-40ea-9e00-ca39c847c678/print/
"DELTA AIR LINES, INC.","SIGHTLINE ADVOCACY, LLC",2026,Q2,30000.0,"H.R. 9170, H.R. 9310, S. 4784",,https://lda.gov/filings/public/filing/b86083cc-354d-4e92-9ba6-8ad1f1578af4/print/
NATIONAL ASSOCIATION OF REALTORS,INVARIANT LLC,2026,Q2,80000.0,,,https://lda.gov/filings/public/filing/2f119a4c-63b6-4623-97ee-f812cf31c22d/print/
ORACLE CORPORATION,ORACLE CORPORATION,2026,Q2,2000000.0,"H.R. 2683, H.R. 3447, H.R. 5885, H.R. 6875, H.R. 8413, H.R. 8800, H.R. 9340, S. 1705, S. 2296, S. 3150, S. 3519",ai-cyberattacks; china-race; job-loss; power-bills,https://lda.gov/filings/public/filing/2ae5a225-62f5-4d47-98c2-df701b39737b/print/
NATIONAL ALLIANCE ON MENTAL ILLNESS,NATIONAL ALLIANCE ON MENTAL ILLNESS,2026,Q2,20000.0,"H.R. 1, H.R. 1096, H.R. 1141, H.R. 1290, H.R. 1305, H.R. 1392, H.R. 1448, H.R. 1492, H.R. 1509, H.R. 1510, H.R. 1582, H.R. 1598, H.R. 1649, H.R. 169, H.R. 1735, H.R. 1867, H.R. 1902, H.R. 1906, H.R. 1987, H.R. 2028, H.R. 2036, H.R. 2044, H.R. 2082, H.R. 2085, H.R. 2102, H.R. 2223, H.R. 2263, H.R. 2305, H.R. 241, H.R. 2426, H.R. 247, H.R. 2483, H.R. 2495, H.R. 2502, H.R. 2509, H.R. 2540, H.R. 2586, H.R. 2587, H.R. 2590, H.R. 2630, H.R. 2668, H.R. 2711, H.R. 2741, H.R. 2879, H.R. 2904, H.R. 2936, H.R. 2942, H.R. 2945, H.R. 2957, H.R. 3103, H.R. 3130, H.R. 3243, H.R. 3260, H.R. 3262, H.R. 3266, H.R. 3305, H.R. 3308, H.R. 3312, H.R. 3316, H.R. 3320, H.R. 3363, H.R. 3372, H.R. 3384, H.R. 3419, H.R. 3420, H.R. 3505, H.R. 3514, H.R. 3520, H.R. 3534, H.R. 3567, H.R. 3601, H.R. 3621, H.R. 3624, H.R. 3627, H.R. 3655, H.R. 3658, H.R. 3689, H.R. 3743, H.R. 3757, H.R. 3758, H.R. 3884, H.R. 3907, H.R. 3939, H.R. 4022, H.R. 4024, H.R. 4028, H.R. 4037, H.R. 4120, H.R. 4186, H.R. 4313, H.R. 438, H.R. 4400, H.R. 4619, H.R. 4723, H.R. 4745, H.R. 4805, H.R. 5040, H.R. 5045, H.R. 5081, H.R. 5145, H.R. 5306, H.R. 5357, H.R. 5417, H.R. 5420, H.R. 5434, H.R. 5462, H.R. 5482, H.R. 5509, H.R. 553, H.R. 5553, H.R. 5557, H.R. 5662, H.R. 5725, H.R. 5733, H.R. 577, H.R. 5828, H.R. 5859, H.R. 5861, H.R. 5944, H.R. 6000, H.R. 6002, H.R. 6016, H.R. 6024, H.R. 608, H.R. 6096, H.R. 6133, H.R. 6226, H.R. 6249, H.R. 6283, H.R. 6296, H.R. 6383, H.R. 6396, H.R. 6403, H.R. 6408, H.R. 6454, H.R. 6548, H.R. 6617, H.R. 6630, H.R. 6672, H.R. 6679, H.R. 6680, H.R. 6727, H.R. 6760, H.R. 6817, H.R. 6841, H.R. 6858, H.R. 6940, H.R. 7019, H.R. 7030, H.R. 7049, H.R. 7092, H.R. 71, H.R. 7227, H.R. 7309, H.R. 7324, H.R. 7394, H.R. 7447, H.R. 7496, H.R. 7497, H.R. 7535, H.R. 7602, H.R. 7735, H.R. 7787, H.R. 7798, H.R. 7828, H.R. 7875, H.R. 7911, H.R. 7994, H.R. 8070, H.R. 8081, H.R. 8115, H.R. 8122, H.R. 8124, H.R. 8149, H.R. 8160, H.R. 8201, H.R. 8209, H.R. 8261, H.R. 8486, H.R. 8487, H.R. 8493, H.R. 8499, H.R. 8504, H.R. 8676, H.R. 8690, H.R. 8743, H.R. 8776, H.R. 8916, H.R. 8961, H.R. 8976, H.R. 912, H.R. 929, H.R. 9396, H.R. 957, H.Res. 1256, H.Res. 1290, H.Res. 1327, H.Res. 1329, H.Res. 441, H.Res. 542, H.Res. 671, H.Res. 684, H.Res. 697, H.Res. 764, H.Res. 792, S. 1007, S. 1056, S. 1062, S. 1074, S. 1261, S. 1264, S. 1266, S. 1329, S. 139, S. 1448, S. 1477, S. 1611, S. 1655, S. 1663, S. 1673, S. 1676, S. 1689, S. 1720, S. 1748, S. 1797, S. 1816, S. 1843, S. 1878, S. 1895, S. 1897, S. 1912, S. 1924, S. 2005, S. 2011, S. 2024, S. 2037, S. 2050, S. 2069, S. 2131, S. 219, S. 2248, S. 2282, S. 2336, S. 2401, S. 2446, S. 2532, S. 2556, S. 266, S. 2709, S. 2825, S. 2826, S. 2847, S. 3042, S. 3076, S. 3139, S. 3199, S. 3230, S. 3245, S. 3271, S. 3300, S. 332, S. 3402, S. 3431, S. 3448, S. 3461, S. 3486, S. 3521, S. 3522, S. 3690, S. 3698, S. 3714, S. 3750, S. 3758, S. 3783, S. 3840, S. 4001, S. 4061, S. 4076, S. 414, S. 4149, S. 4202, S. 4210, S. 4261, S. 4288, S. 4468, S. 4481, S. 4514, S. 454, S. 4552, S. 46, S. 4640, S. 473, S. 4754, S. 4819, S. 585, S. 600, S. 607, S. 609, S. 665, S. 683, S. 702, S. 752, S. 768, S. 779, S. 825, S. 906, S. 921, S. 925, S. 926, S. 931, S.Res. 208, S.Res. 249, S.Res. 385, S.Res. 710, S.Res. 714, S.Res. 727",job-loss; kids-chatbots,https://lda.gov/filings/public/filing/b6bf93d2-122a-48cc-b764-5a08244af46a/print/
COREWEAVE,FORBES-TATE,2026,Q2,80000.0,,power-bills,https://lda.gov/filings/public/filing/ded23bf8-17fe-4a09-9a5a-f7d84fd1b2a2/print/
COMCAST CORPORATION,"STEWART STRATEGIES AND SOLUTIONS, LLC",2026,Q2,30000.0,,,https://lda.gov/filings/public/filing/fc64c2fc-ba67-4e66-9516-41220359b201/print/
NATIONAL FAIR HOUSING ALLIANCE,"MEHLMAN CONSULTING, INC.",2026,Q2,50000.0,,bias,https://lda.gov/filings/public/filing/3a8ccd1a-688e-4694-9057-e6c173f60123/print/
HEWLETT PACKARD ENTERPRISE COMPANY & AFFILIATES,HEWLETT PACKARD ENTERPRISE COMPANY,2026,Q2,640000.0,"H.R. 1118, H.R. 2385, H.R. 3838, H.R. 856, H.R. 8800, S. 2296, S. 4615, S. 4784",loss-of-control,https://lda.gov/filings/public/filing/db0bdc2e-7831-466b-83de-989e23b23000/print/
META PLATFORMS INC (FORMERLY FACEBOOK INC & VARIOUS SUBSIDIARIES),"STEWART STRATEGIES AND SOLUTIONS, LLC",2026,Q2,60000.0,H.R. 3149,ai-cyberattacks; power-bills,https://lda.gov/filings/public/filing/5b29371f-252a-4d72-a320-631a5e1e8bd5/print/
DELL TECHNOLOGIES,"THEGROUP DC, LLC",2026,Q2,80000.0,,ai-cyberattacks,https://lda.gov/filings/public/filing/743b2ab7-a93b-45c7-9414-b6bf8b9fb687/print/
NEWS MEDIA ALLIANCE,"WILLIAMS AND JENSEN, PLLC",2026,Q2,60000.0,,,https://lda.gov/filings/public/filing/0b773c15-ab8f-4daf-be4d-a572427e883d/print/
MICROSOFT CORPORATION,"STEWART STRATEGIES AND SOLUTIONS, LLC",2026,Q2,60000.0,,ai-cyberattacks; power-bills,https://lda.gov/filings/public/filing/981bff7e-8c8e-47ca-be47-be194875c56d/print/
ERICSSON INC.,INVARIANT LLC,2026,Q2,80000.0,,,https://lda.gov/filings/public/filing/66612ab6-8dd5-4cd9-8aa3-4f2f1c3db6f7/print/
RETAIL INDUSTRY LEADERS ASSOCIATION (RILA),"MEHLMAN CONSULTING, INC.",2026,Q2,50000.0,"H.R. 2853, S. 1404",ai-cyberattacks,https://lda.gov/filings/public/filing/576ddc18-c5df-4479-93ae-b97a8a8d81e6/print/
"NASDAQ OMX GROUP (FORMERLY ""THE NASDAQ STOCK MARKET"")","PUBLIC STRATEGIES WASHINGTON, INC.",2026,Q2,60000.0,,,https://lda.gov/filings/public/filing/853e6600-7a80-4c87-a75c-07ff4c348114/print/
POPLICUS INCORPORATED D/B/A GOVINI,POPLICUS INCORPORATED D/B/A GOVINI,2026,Q2,230000.0,"H.R. 8800, S. 4784",china-race,https://lda.gov/filings/public/filing/930bacdf-db1f-46e9-8771-5da06a0b9c7f/print/
UNIVERSITY OF ROCHESTER,UNIVERSITY OF ROCHESTER,2026,Q2,220000.0,"H.R. 8462, S. 3597, S. 579",job-loss,https://lda.gov/filings/public/filing/e4debafb-a593-4b5f-92d9-0e301ab9f0e5/print/
WALMART INC,"MEHLMAN CONSULTING, INC.",2026,Q2,90000.0,"H.R. 2853, S. 1404",,https://lda.gov/filings/public/filing/62cedb4b-4ea4-42f9-926e-92e22fce5f1a/print/
IRON MOUNTAIN INCORPORATED,IRON MOUNTAIN INCORPORATED,2026,Q2,380000.0,,ai-cyberattacks; power-bills,https://lda.gov/filings/public/filing/81c8dd50-cb7d-4c7d-a9e8-3fe76ea8e4e6/print/
AMERICAN PETROLEUM INSTITUTE,AMERICAN PETROLEUM INSTITUTE,2026,Q2,2780000.0,"H.R. 161, H.R. 4305, H.R. 6336, H.R. 6529, H.R. 6633, H.R. 7831, H.R. 8330, H.R. 8870, H.R. 9332, H.R. 9335, H.R. 9338, H.R. 9339, H.R. 9340",job-loss; power-bills,https://lda.gov/filings/public/filing/c7026a86-44fd-4412-9f7e-7de9162a6e4c/print/
"TD BANK, N.A.","PUBLIC STRATEGIES WASHINGTON, INC.",2026,Q2,20000.0,,,https://lda.gov/filings/public/filing/0cbc80a7-05b9-4f9c-a316-acdf14448e87/print/
MICROSOFT CORPORATION,MICROSOFT CORPORATION,2026,Q2,2690000.0,"H.R. 8880, H.R. 9624, S. 1367, S. 2253, S. 4615, S. 4784",ai-cyberattacks; deepfakes; kids-chatbots,https://lda.gov/filings/public/filing/0c02bfae-fbda-4455-965b-7c0733b643ca/print/
"YURTS TECHNOLOGIES, INC. D/B/A LEGION INTELLIGENCE",VAN SCOYOC ASSOCIATES,2026,Q2,30000.0,"H.R. 8800, H.R. 9495, S. 4784",,https://lda.gov/filings/public/filing/3f29a6e7-c402-4209-8e91-e6cc36095fa9/print/
PARALLAX ADVANCED RESEARCH,"INNOVATIVE FEDERAL STRATEGIES, LLC",2026,Q2,40000.0,"H.R. 8800, H.R. 9495, S. 4784",,https://lda.gov/filings/public/filing/174101b7-876f-43fc-83c2-d27dc97af86f/print/
INSURED RETIREMENT INSTITUTE,INSURED RETIREMENT INSTITUTE,2026,Q2,180000.0,"H.R. 1013, H.R. 1165, H.R. 1177, H.R. 1469, H.R. 1777, H.R. 20, H.R. 2082, H.R. 2089, H.R. 2441, H.R. 2478, H.R. 2696, H.R. 2718, H.R. 2799, H.R. 2891, H.R. 2988, H.R. 3383, H.R. 3469, H.R. 3482, H.R. 3942, H.R. 4177, H.R. 4237, H.R. 4548, H.R. 4637, H.R. 4718, H.R. 4763, H.R. 5337, H.R. 5338, H.R. 5339, H.R. 5748, H.R. 5887, H.R. 5914, H.R. 6084, H.R. 6324, H.R. 6722, H.R. 6729, H.R. 6757, H.R. 6772, H.R. 7130, H.R. 7362, H.R. 7556, H.R. 8273, H.R. 8274, H.R. 8314, H.R. 8944, H.R. 9515, S. 1198, S. 1323, S. 1526, S. 1561, S. 1696, S. 1707, S. 1773, S. 1831, S. 1839, S. 1877, S. 2007, S. 2281, S. 2282, S. 2335, S. 2365, S. 2387, S. 2461, S. 2512, S. 2840, S. 2860, S. 3086, S. 3715, S. 4055, S. 424, S. 427, S. 4291, S. 4292, S. 4498, S. 5139, S. 852",job-loss,https://lda.gov/filings/public/filing/2fe92921-4f0b-4fd3-b8e6-ed7e0eca942e/print/
ANTHROPIC PBC,"NAVIGATORS GLOBAL LLC (FORMERLY DC NAVIGATORS, LLC)",2026,Q2,60000.0,,,https://lda.gov/filings/public/filing/e9f20834-c97d-47da-bf85-890683dca9f1/print/
AMERICAN BANKERS ASSOCIATION,AMERICAN BANKERS ASSOCIATION,2026,Q2,3510000.0,"H.R. 1181, H.R. 1602, H.R. 1606, H.R. 1652, H.R. 1653, H.R. 1799, H.R. 1900, H.R. 1919, H.R. 1944, H.R. 2183, H.R. 2331, H.R. 2392, H.R. 2513, H.R. 2702, H.R. 2835, H.R. 2885, H.R. 306, H.R. 3230, H.R. 3379, H.R. 3380, H.R. 3390, H.R. 3445, H.R. 3446, H.R. 3633, H.R. 3709, H.R. 3716, H.R. 4437, H.R. 4460, H.R. 4478, H.R. 4544, H.R. 478, H.R. 5262, H.R. 5270, H.R. 5276, H.R. 5291, H.R. 6536, H.R. 654, H.R. 6544, H.R. 6546, H.R. 6550, H.R. 6551, H.R. 6553, H.R. 6554, H.R. 6555, H.R. 6570, H.R. 6955, H.R. 7035, H.R. 7056, H.R. 8087, H.R. 8278, H.R. 8287, H.R. 8395, H.R. 9331, H.R. 940, H.R. 941, H.R. 9471, H.R. 976, H.R. 987, S. 1124, S. 113, S. 2019, S. 3017, S. 3623, S. 381, S. 394, S. 3940, S. 401, S. 4198, S. 4942, S. 557, S. 875, S. 919",ai-cyberattacks; kids-chatbots,https://lda.gov/filings/public/filing/df162c7a-6e02-4a81-ab5d-5aaa4d22a60f/print/
GOOGLE CLIENT SERVICES LLC,GOOGLE CLIENT SERVICES LLC,2026,Q2,3570000.0,"H.R. 1077, H.R. 1534, H.R. 1623, H.R. 1941, H.R. 2122, H.R. 2152, H.R. 2321, H.R. 2385, H.R. 2503, H.R. 2583, H.R. 2657, H.R. 2683, H.R. 2703, H.R. 301, H.R. 3149, H.R. 3209, H.R. 3447, H.R. 3838, H.R. 471, H.R. 5173, H.R. 5272, H.R. 5360, H.R. 5885, H.R. 5900, H.R. 5967, H.R. 6253, H.R. 6257, H.R. 6259, H.R. 6265, H.R. 6273, H.R. 6289, H.R. 6290, H.R. 6291, H.R. 6333, H.R. 6334, H.R. 6425, H.R. 6437, H.R. 6484, H.R. 6488, H.R. 6489, H.R. 6499, H.R. 6633, H.R. 6875, H.R. 6983, H.R. 6984, H.R. 7151, H.R. 7158, H.R. 7215, H.R. 7757, H.R. 8306, H.R. 8516, H.R. 859, S. 1106, S. 1235, S. 1269, S. 1327, S. 1462, S. 1586, S. 1633, S. 1699, S. 1705, S. 1748, S. 1792, S. 2153, S. 2381, S. 2714, S. 278, S. 28, S. 2950, S. 3062, S. 3150, S. 3355, S. 3374, S. 456, S. 737, S. 836",ai-cyberattacks; bias; china-race; deepfakes; kids-chatbots; loss-of-control; power-bills,https://lda.gov/filings/public/filing/0676fd59-1d30-4323-aad2-83e03d2ff407/print/
AMERICAN FEDERATION OF TEACHERS,AMERICAN FEDERATION OF TEACHERS,2026,Q2,410000.0,"H.J.Res. 155, H.J.Res. 189, H.R. 1, H.R. 1197, H.R. 1834, H.R. 1909, H.R. 2038, H.R. 22, H.R. 2555, H.R. 2616, H.R. 28, H.R. 3063, H.R. 3262, H.R. 3907, H.R. 4120, H.R. 4253, H.R. 4795, H.R. 4849, H.R. 5084, H.R. 5505, H.R. 5557, H.R. 593, H.R. 6124, H.R. 6361, H.R. 6392, H.R. 6529, H.R. 6574, H.R. 6677, H.R. 6703, H.R. 6718, H.R. 6771, H.R. 6806, H.R. 6984, H.R. 7032, H.R. 7296, H.R. 7300, H.R. 7340, H.R. 7726, H.R. 7757, H.R. 7858, H.R. 7890, H.R. 7891, H.R. 7892, H.R. 7893, H.R. 7985, H.R. 8310, H.R. 8351, H.R. 8356, H.R. 8361, H.R. 8475, H.R. 8476, H.R. 8484, H.R. 8488, H.R. 8606, H.R. 8676, H.R. 8800, H.R. 8830, H.R. 8872, H.R. 8978, H.R. 8979, H.R. 9166, H.R. 9203, H.R. 9289, H.R. 9320, H.Res. 1384, S. 1220, S. 1383, S. 1558, S. 1562, S. 1748, S. 2024, S. 2451, S. 2481, S. 2556, S. 2621, S. 278, S. 3010, S. 3323, S. 3480, S. 3589, S. 3682, S. 3747, S. 3904, S. 4085, S. 4086, S. 4261, S. 4269, S. 4297, S. 4407, S. 4468, S. 4689, S. 558, S. 788, S. 836, S. 9, S. 934, S.J.Res. 182, S.J.Res. 192, S.J.Res. 198",bias; job-loss; kids-chatbots; loss-of-control; power-bills,https://lda.gov/filings/public/filing/2671c81b-6bd7-45be-ab6b-0e91e943e629/print/
OPEN POLICY ASSOCIATION,OPEN POLICY ASSOCIATION,2026,Q2,50000.0,,ai-cyberattacks; china-race,https://lda.gov/filings/public/filing/f71a834b-12c4-4365-a0f8-0582656dab7f/print/
MCKESSON CORPORATION & AFFILIATES U.S. ONCOLOGY AND RX SAVINGS SOLUTIONS,MCKESSON CORPORATION & AFFILIATES U.S. ONCOLOGY AND RX SAVINGS SOLUTIONS (FORMERLY MCKESSON CORP),2026,Q2,530000.0,"H.R. 2120, H.R. 2484, H.R. 3514, H.R. 4299, H.R. 879, S. 1816",,https://lda.gov/filings/public/filing/d97532a4-158d-4e42-b6f6-76d21bbdd36f/print/
COGNIZANT TECHNOLOGY SOLUTIONS,"THEGROUP DC, LLC",2026,Q2,60000.0,,,https://lda.gov/filings/public/filing/f06119b8-0250-4144-95d0-f6078c9dc288/print/
NVIDIA CORPORATION,"THE NICKLES GROUP, LLC",2026,Q2,100000.0,,,https://lda.gov/filings/public/filing/6228b1d5-726a-466e-bc48-266a7f678bf8/print/
EDISON ELECTRIC INSTITUTE,CAPITOL COUNSEL LLC,2026,Q2,50000.0,"H.R. 1047, H.R. 1355, H.R. 3015, H.R. 3062, H.R. 3157, H.R. 3616, H.R. 3617, H.R. 3628, H.R. 3632, H.R. 3638, H.R. 3657, H.R. 3843, H.R. 4503, H.R. 5600, H.R. 6336, H.R. 6633, H.R. 6983, H.R. 7258, H.R. 7729, H.R. 7977, H.R. 8248, H.R. 8400, H.R. 8568, H.R. 9332, H.R. 9335, H.R. 9339, H.R. 9340, S. 1327, S. 3034, S. 3192, S. 3585, S. 3682, S. 3852, S. 3947, S. 4559, S. 465",ai-cyberattacks; power-bills,https://lda.gov/filings/public/filing/9374fd5b-17be-46de-8266-c0b2aa2c3193/print/
COMCAST CORPORATION,"AQUIA GROUP, LLC",2026,Q2,50000.0,,,https://lda.gov/filings/public/filing/639a3a78-4ea9-4a2c-92d3-96118b0e06f1/print/
CTIA-THE WIRELESS ASSOCIATION,CTIA-THE WIRELESS ASSOCIATION,2026,Q2,3640000.0,"H.R. 2289, H.R. 3149, H.R. 6291, H.R. 7022, H.R. 7757, H.R. 8320, H.R. 8413, S. 1748, S. 3062, S. 3199, S. 3495, S. 3639, S. 4322, S. 4407",ai-cyberattacks; kids-chatbots,https://lda.gov/filings/public/filing/0c6dc24c-732c-4ff7-a357-a6df5c619e4f/print/
"COREWEAVE, INC.","COREWEAVE, INC.",2026,Q2,180000.0,S. 3519,power-bills,https://lda.gov/filings/public/filing/a49a90d4-1d3d-496e-ae90-1b8133457fbe/print/
SHOPIFY INC.,INVARIANT LLC,2026,Q2,50000.0,,,https://lda.gov/filings/public/filing/c11a948f-ce39-47ca-8aec-cf7b099d42d4/print/
PHARMACEUTICAL RESEARCH AND MANUFACTURERS OF AMERICA,PHARMACEUTICAL RESEARCH AND MANUFACTURERS OF AMERICA,2026,Q2,7360000.0,"H.R. 1, H.R. 1262, H.R. 1492, H.R. 2214, H.R. 3521, H.R. 4317, H.R. 5256, H.R. 6423, H.R. 6610, H.R. 7837, H.R. 7953, H.R. 8269, H.R. 946, H.R. 9661, S. 1387, S. 1414, S. 1954, S. 2296, S. 2658, S. 3014, S. 3345, S. 355, S. 3788, S. 652, S. 832, S. 864",kids-chatbots,https://lda.gov/filings/public/filing/956076c6-86a3-42ed-bf18-8375d3295b7b/print/
SHI INTERNATIONAL CORP.,"NAVIGATORS GLOBAL LLC (FORMERLY DC NAVIGATORS, LLC)",2026,Q2,60000.0,"H.R. 8800, S. 4784",,https://lda.gov/filings/public/filing/257c149b-50ce-49fc-a26e-b6b5a91e20ad/print/
SOUTHERN METHODIST UNIVERSITY,AXADVOCACY GOVERNMENT RELATIONS,2026,Q2,40000.0,,,https://lda.gov/filings/public/filing/49bf4e1a-42eb-4dd5-ae1c-dbe54bd47df7/print/
"WORKDAY, INC.","WORKDAY, INC.",2026,Q2,260000.0,"H.R. 6655, H.R. 8345, H.R. 8413, H.R. 8819, S. 4046, S. 4382",ai-cyberattacks; job-loss,https://lda.gov/filings/public/filing/4fe7c17a-e7bf-420f-af79-292876519e9e/print/
UNIVERSITY OF TULSA,"SBL STRATEGIES, LLC",2026,Q2,40000.0,,,https://lda.gov/filings/public/filing/5b208975-7423-4b9e-9b58-259c8dbbf549/print/
AMERICAN HEALTH CARE ASSOCIATION,AMERICAN HEALTH CARE ASSOCIATION,2026,Q2,840000.0,"H.R. 1, H.R. 1689, H.R. 3000, H.R. 3954, H.R. 4393, H.R. 4407, H.R. 5052, H.R. 5057, H.R. 5283, H.R. 5370, H.R. 5494, H.R. 5621, H.R. 6644, H.R. 7096, H.R. 7106, H.R. 7961, H.R. 8375, H.R. 8626, H.R. 929, S. 1482, S. 266, S. 2759, S. 2954, S. 3532, S. 4384, S. 4467, S. 4641, S. 547",china-race; job-loss; loss-of-control,https://lda.gov/filings/public/filing/bd37b63b-c50b-4cf1-89d2-10b7fcd09832/print/
EASTERN MICHIGAN UNIVERSITY,VAN SCOYOC ASSOCIATES,2026,Q2,10000.0,"H.R. 4312, H.R. 9137, S. 4668",job-loss,https://lda.gov/filings/public/filing/3720a0dd-39e5-4b38-8a31-65b817aa1193/print/
NATIONAL ASSOCIATION OF REALTORS,NATIONAL ASSOCIATION OF REALTORS,2026,Q2,14580000.0,"H.R. 1777, H.R. 2808, H.R. 5404, H.R. 9471, S. 1465, S. 1467, S. 1561, S. 2651, S. 4942",,https://lda.gov/filings/public/filing/f87c36b2-3ce4-45cf-be60-b3c9722b08c3/print/
GEORGIA STATE UNIVERSITY RESEARCH FOUNDATION,VAN SCOYOC ASSOCIATES,2026,Q2,30000.0,"H.R. 8845, H.R. 9260",job-loss; kids-chatbots,https://lda.gov/filings/public/filing/ff3234be-3be7-4740-82de-e73488d901d3/print/
NATIONAL SMALL BUSINESS ASSOCIATION,NATIONAL SMALL BUSINESS ASSOCIATION,2026,Q2,16000.0,"H.R. 1, H.R. 1163, H.R. 1804, H.R. 1816, H.R. 1968, H.R. 2513, H.R. 2804, H.R. 2853, H.R. 2966, H.R. 3169, H.R. 425, H.R. 4366, H.R. 5100, H.R. 5371, H.R. 6453, H.R. 6855, H.R. 703, H.R. 736, H.R. 754, H.R. 788, H.R. 789, H.R. 804, H.R. 818, H.R. 825, H.R. 828, H.R. 832, H.R. 872, H.R. 919, S. 100, S. 1210, S. 1211, S. 1978, S. 202, S. 213, S. 2777, S. 305, S. 3971, S. 4038, S. 495, S. 505",ai-cyberattacks; job-loss; kids-chatbots,https://lda.gov/filings/public/filing/ed18cc30-7094-4d57-9f4c-e1d18428e088/print/
JOHNSON & JOHNSON SERVICES INC,"JOHNSON & JOHNSON SERVICES, INC.",2026,Q2,1440000.0,H.R. 8413,ai-cyberattacks,https://lda.gov/filings/public/filing/31a9f398-c7a7-43ef-a970-78313480cf30/print/
OREGON INSTITUTE OF TECHNOLOGY,VAN SCOYOC ASSOCIATES,2026,Q2,20000.0,"H.R. 8845, H.R. 9171, H.R. 9260, H.R. 9495",job-loss,https://lda.gov/filings/public/filing/15d6fb0b-8a18-41a8-8e92-ed5af5da9b73/print/
UNIVERSITY OF TOLEDO,VAN SCOYOC ASSOCIATES,2026,Q2,30000.0,"H.R. 8646, H.R. 8845, H.R. 9022, H.R. 9170, H.R. 9260, H.R. 9495",job-loss; power-bills,https://lda.gov/filings/public/filing/98b4bdb9-2b8d-4472-960c-66515a9adfee/print/
TORCH.AI,"INNOVATIVE FEDERAL STRATEGIES, LLC",2026,Q2,60000.0,"H.R. 8800, H.R. 9022, H.R. 9495, S. 4784",,https://lda.gov/filings/public/filing/4e2b0fa9-e035-48b8-926b-ef1cfa54e3cf/print/
DELTA AIRLINES,"RESOLUTION PUBLIC AFFAIRS, LLC",2026,Q2,80000.0,,,https://lda.gov/filings/public/filing/d0d45c40-65d5-4b33-bf03-49bc5133081a/print/
UNIVERSITY OF GEORGIA,UNIVERSITY OF GEORGIA,2026,Q2,80000.0,,,https://lda.gov/filings/public/filing/6fe066ec-1855-4e17-8d06-36e9ac2af37b/print/
GREATER NEW YORK HOSPITAL ASSOCIATION,GREATER NEW YORK HOSPITAL ASSOCIATION,2026,Q2,580000.0,"H.R. 1, H.R. 3178, H.R. 4875, H.R. 4942, H.R. 6980, H.R. 8324, H.R. 8702, S. 1600, S. 1929, S. 2719, S. 4532, S. 665",job-loss,https://lda.gov/filings/public/filing/e102f9e4-8eea-4417-b6f6-15dd5179f1cd/print/
AICPA ASSOCIATION OF INTERNATIONAL CERTIFIED PROFESSIONAL ACCOUNTANTS,AICPA ASSOCIATION OF INTERNATIONAL CERTIFIED PROFESSIONAL ACCOUNTANTS,2026,Q2,1550000.0,,,https://lda.gov/filings/public/filing/a1318689-3c99-4a85-b164-e8aa93dd1c95/print/
HUMANA INC,"HUMANA, INC.",2026,Q2,440000.0,"H.R. 1732, H.R. 3467, H.R. 3514, H.R. 5454, S. 1105, S. 1816, S. 2789",ai-cyberattacks; job-loss,https://lda.gov/filings/public/filing/3cbcbd0d-fdb4-4896-b22b-f505f9033e48/print/
"SIEMENS MEDICAL SOLUTIONS USA, INC","SIEMENS MEDICAL SOLUTIONS USA, INC",2026,Q2,860000.0,"H.R. 2120, H.R. 2477, H.R. 4417, H.R. 5269, H.R. 5343, H.R. 6197, S. 1031, S. 1168, S. 1399, S. 1717, S. 2761, S. 2927",,https://lda.gov/filings/public/filing/799e5a99-25ab-4e63-ab62-1b4c5261b642/print/
COMCAST CORPORATION,COMCAST CORPORATION,2026,Q2,3020000.0,,,https://lda.gov/filings/public/filing/581e5369-e910-4c83-8f43-e0afd61fe39a/print/
MASS GENERAL BRIGHAM (FORMERLY KNOWN AS PARTNERS HEALTHCARE),MASS GENERAL BRIGHAM (FORMERLY KNOWN AS PARTNERS HEALTHCARE),2026,Q2,171000.0,,,https://lda.gov/filings/public/filing/c01e3350-2c16-4f90-ab40-f03f4f0ec82f/print/
NATIONAL ASSOCIATION OF VOICE ACTORS,ACG ADVOCACY,2026,Q2,20000.0,,,https://lda.gov/filings/public/filing/48ed5616-7b96-4993-8274-2a8de4ae9888/print/
CHUBB INA HOLDINGS INC.,CHUBB INA HOLDINGS INC.,2026,Q2,750000.0,"H.R. 1285, H.R. 3437, H.R. 7130, H.R. 8398, H.R. 8413, S. 1544, S. 570",ai-cyberattacks; china-race,https://lda.gov/filings/public/filing/77206d49-4a5a-49b8-818b-93ece35ab387/print/
NATIONAL ASSOCIATION OF CHILDREN'S HOSPITALS (N.A.C.H.),NATIONAL ASSOCIATION OF CHILDRENS HOSPITALS AND AFFILIATES,2026,Q2,1370000.0,"H.R. 1262, H.R. 1509, H.R. 169, H.R. 1735, H.R. 2483, H.R. 2587, H.R. 3255, H.R. 3505, H.R. 3890, H.R. 4262, H.R. 4768, H.R. 5582, H.R. 6396, S. 1266, S. 1673, S. 2355, S. 2448, S. 357, S. 752, S. 779, S. 932",bioweapons; job-loss; kids-chatbots,https://lda.gov/filings/public/filing/70e3776a-de02-416b-b541-8781e2dbb8d1/print/
AMERICAN FED OF GOVERNMENT EMPLOYEES AFL-CIO,"AMERICAN FED OF GOVERNMENT EMPLOYEES, AFL-CIO",2026,Q2,390000.0,"H.R. 2137, H.R. 2303, H.R. 2550, H.R. 3261, H.R. 3944, H.R. 4077, H.R. 472, H.R. 491, H.R. 493, H.R. 6014, H.R. 6015, H.R. 657, H.R. 659, H.R. 740, H.R. 7948, H.R. 7950, H.R. 8010, H.R. 8041, H.R. 8052, H.R. 9237, H.R. 932, S. 1068, S. 124, S. 126, S. 2196, S. 275, S. 2837, S. 3174, S. 3466, S. 4744, S. 624",job-loss,https://lda.gov/filings/public/filing/63301048-fb05-4f66-9dae-4c20fc07c5ce/print/
MATTEL,"MEHLMAN CONSULTING, INC.",2026,Q2,60000.0,,,https://lda.gov/filings/public/filing/cecd5ef8-69de-4737-bdc4-5cfafaf19a56/print/
ENERGY FREEDOM FUND,ENERGY FREEDOM FUND,2026,Q2,50000.0,,power-bills,https://lda.gov/filings/public/filing/64b9ea7e-e8a6-4a22-9a05-50c9c559756e/print/
PHILIPS HOLDING USA INC.,"PHILIPS HOLDING USA, INC.",2026,Q2,640000.0,"H.R. 1539, S. 4519",ai-cyberattacks,https://lda.gov/filings/public/filing/1f83cd21-b004-44fa-b4fb-14775e4033d5/print/
PWC US GROUP LLP,PWC US GROUP LLP,2026,Q2,740000.0,"H.R. 2392, S. 394",,https://lda.gov/filings/public/filing/36d849dc-9063-4063-9054-e838884312d6/print/
FISERV (FKA FIRST DATA CORPORATION),FISERV (FKA FIRST DATA CORPORATION),2026,Q2,180000.0,,ai-cyberattacks,https://lda.gov/filings/public/filing/42ec28db-7fd3-4f71-85c7-e6d226147d9d/print/
RAMP BUSINESS CORPORATION,INVARIANT LLC,2026,Q2,80000.0,,,https://lda.gov/filings/public/filing/dbb8a429-c248-44cc-b93d-101394fee192/print/
ENTERTAINMENT SOFTWARE ASSOCIATION,ENTERTAINMENT SOFTWARE ASSOCIATION,2026,Q2,1390000.0,"H.R. 2657, H.R. 2794, H.R. 3149, H.R. 4365, H.R. 4819, H.R. 6265, H.R. 6266, H.R. 6333, H.R. 6334, H.R. 6484, H.R. 8031, H.R. 8413, H.R. 8915, S. 1367, S. 1586, S. 1748, S. 1829, S. 2253, S. 2254, S. 2266, S. 2367, S. 2750, S. 2937, S. 3062, S. 3193, S. 3495, S. 3546, S. 3774, S. 4159, S. 4199, S. 4349, S. 4407, S. 4591, S. 4668, S. 4915, S. 5360, S. 69, S. 836",deepfakes; kids-chatbots,https://lda.gov/filings/public/filing/76bb729f-35cd-407f-afc0-3ef66042ad78/print/
"CENTER FOR AI SAFETY ACTION FUND, INC.","CENTER FOR AI SAFETY ACTION FUND, INC.",2026,Q2,20000.0,S. 2296,,https://lda.gov/filings/public/filing/22733f13-895b-41de-a771-70314f1de096/print/
GOVLY,"MORAN GLOBAL STRATEGIES, INC.",2026,Q2,30000.0,,,https://lda.gov/filings/public/filing/fa65cf4b-ec1d-4104-b17e-ec4962c04b7a/print/
MASTERCARD WORLDWIDE,MASTERCARD WORLDWIDE,2026,Q2,1610000.0,"H.R. 1944, H.R. 7035, S. 3623, S. 381",ai-cyberattacks,https://lda.gov/filings/public/filing/4e81be76-944a-40f0-936d-10e9c5103f13/print/
A16Z CAPITAL MANAGEMENT LLC (F/K/A AH CAPITAL MANAGEMENT L.L.C.),"A16Z CAPITAL MANAGEMENT LLC (F/K/A AH CAPITAL MANAGEMENT L.L.C., D/B/A ANDREESSEN HOROWITZ)",2026,Q2,880000.0,,,https://lda.gov/filings/public/filing/feaaa7d8-b187-4f90-a7fc-6d2964817356/print/
UNITEDHEALTH GROUP INC,"UNITEDHEALTH GROUP, INC.",2026,Q2,1880000.0,,ai-cyberattacks,https://lda.gov/filings/public/filing/3debb566-f5a3-4de7-8f43-42d40d6b617f/print/
NISOURCE INC,"NISOURCE, INC",2026,Q2,150000.0,,power-bills,https://lda.gov/filings/public/filing/f3773d92-cfd9-420c-b78e-972f5ed54a27/print/
AMERICAN HOSPITAL ASSOCIATION,AMERICAN HOSPITAL ASSOCIATION,2026,Q2,4470000.0,"H.R. 1, H.R. 1585, H.R. 1805, H.R. 2191, H.R. 3178, H.R. 3514, H.R. 4002, H.R. 4206, H.R. 4470, H.R. 4581, H.R. 4731, H.R. 5142, H.R. 5256, H.R. 5269, H.R. 5283, H.R. 5454, H.R. 5582, H.R. 5629, H.R. 6240, H.R. 6607, H.R. 6718, H.R. 7961, H.R. 8261, H.R. 8269, H.R. 8375, H.R. 8691, H.R. 8726, H.R. 8891, H.R. 8967, H.R. 929, H.R. 9468, H.R. 9504, S. 1261, S. 1482, S. 1600, S. 1816, S. 1874, S. 2169, S. 2355, S. 2372, S. 2439, S. 266, S. 2759, S. 2761, S. 2793, S. 2879, S. 3315, S. 335, S. 3364, S. 3435, S. 3788, S. 4027, S. 4252, S. 4384, S. 4460, S. 4568, S. 4637, S. 502, S. 709, S.J.Res. 196, S.Res. 230",ai-cyberattacks; job-loss; loss-of-control,https://lda.gov/filings/public/filing/59c316d6-b19d-47ac-9e37-2da885c38ad2/print/
IBM,KAMINS CONSULTING,2026,Q2,50000.0,"S. 2750, S. 579",,https://lda.gov/filings/public/filing/b29ad1d1-217c-4599-a4ee-f4a2b71b1274/print/
"FL2024-008, INC.","CORNERSTONE GOVERNMENT AFFAIRS, INC.",2026,Q2,80000.0,,,https://lda.gov/filings/public/filing/de412988-f245-4a00-a447-2202e73a27c5/print/
J STREET,J STREET,2026,Q2,170000.0,"H.R. 8239, H.R. 9211, H.Res. 352, H.Res. 963, S. 2947, S. 4576, S.Res. 533",,https://lda.gov/filings/public/filing/a888f8b8-f319-4885-a41b-1270a718b84b/print/
"HURON CONSULTING SERVICES, LLC.","MILNE, WIENER & SHOFE GLOBAL STRATEGIES (FKA M & W GOVERNMENT AFFAIRS, LLC)",2026,Q2,40000.0,,,https://lda.gov/filings/public/filing/d9adc28a-1ff7-40b4-8889-4e67c46e232d/print/
CORNELL UNIVERSITY,CORNELL UNIVERSITY,2026,Q2,360000.0,"H.R. 7567, H.R. 7949",china-race; job-loss,https://lda.gov/filings/public/filing/4d056a2e-1ac2-40a1-a4f0-fe745d73b9f7/print/
SIEMENS CORPORATION,SIEMENS CORPORATION,2026,Q2,910000.0,,job-loss; power-bills,https://lda.gov/filings/public/filing/b40cc76c-3dc1-4c9e-a979-30a64fa2902a/print/
"META PLATFORMS, INC. AND VARIOUS SUBSIDIARIES","META PLATFORMS, INC. AND VARIOUS SUBSIDIARIES",2026,Q2,5990000.0,"H.R. 1623, H.R. 2657, H.R. 3149, H.R. 3209, H.R. 5360, H.R. 5764, H.R. 6048, H.R. 6253, H.R. 6257, H.R. 6259, H.R. 6265, H.R. 6273, H.R. 6289, H.R. 6290, H.R. 6291, H.R. 6333, H.R. 6437, H.R. 6484, H.R. 6488, H.R. 6489, H.R. 6499, H.R. 6732, H.R. 7757, H.R. 8250, H.R. 8283, H.R. 8413, H.R. 9340, S. 1367, S. 146, S. 1586, S. 1748, S. 1792, S. 1829, S. 1885, S. 2019, S. 2081, S. 2750, S. 3150, S. 3397, S. 3774, S. 3947, S. 3982, S. 4046, S. 4349, S. 4407, S. 836",ai-cyberattacks; bias; deepfakes; kids-chatbots; loss-of-control; power-bills,https://lda.gov/filings/public/filing/ca90d94a-2bb1-46ae-9d89-13a2278cc80e/print/
"SK AMERICAS, INC.","SK AMERICAS, INC.",2026,Q2,1560000.0,"H.R. 3447, H.R. 6875, H.R. 8710, H.R. 8800, S. 4784",china-race,https://lda.gov/filings/public/filing/3f2cdde0-6b21-4c88-afff-e4e8e20fd778/print/
TOYOTA MOTOR NORTH AMERICA INC (TMA),"TOYOTA MOTOR NORTH AMERICA, INC. (TMA)",2026,Q2,1930500.0,H.R. 8413,ai-cyberattacks,https://lda.gov/filings/public/filing/93e357fe-dfbe-4d98-badd-ab9c3930e635/print/
"UBER TECHNOLOGIES, INC.","UBER TECHNOLOGIES, INC.",2026,Q2,1230000.0,"H.R. 6291, H.R. 8895, S. 1654",kids-chatbots,https://lda.gov/filings/public/filing/055800ac-6b44-4d6a-b72a-1679df04a32c/print/
NATIONAL MULTIFAMILY HOUSING COUNCIL INC,"NATIONAL MULTIFAMILY HOUSING COUNCIL, INC.",2026,Q2,2330000.0,"H.R. 2152, H.R. 2978, H.R. 8278, H.R. 8398, H.R. 8413, H.R. 8671, H.R. 9493",ai-cyberattacks; bioweapons; china-race; loss-of-control,https://lda.gov/filings/public/filing/00f47b8f-3478-4127-bd61-1cb7c0df522d/print/
CHAMBER OF COMMERCE OF THE U.S.A.,CHAMBER OF COMMERCE OF THE U.S.A.,2026,Q2,16950000.0,"H.J.Res. 35, H.J.Res. 91, H.R. 1047, H.R. 1070, H.R. 1140, H.R. 1152, H.R. 1335, H.R. 1577, H.R. 1687, H.R. 1949, H.R. 2617, H.R. 2635, H.R. 2986, H.R. 3015, H.R. 3062, H.R. 3109, H.R. 3616, H.R. 3617, H.R. 3628, H.R. 3632, H.R. 3638, H.R. 3657, H.R. 3668, H.R. 3699, H.R. 4754, H.R. 5551, H.R. 5631, H.R. 6129, H.R. 6336, H.R. 7023, H.R. 7257, H.R. 7258, H.R. 7266, H.R. 7305, H.R. 755, H.R. 7688, H.R. 77, H.R. 8045, H.R. 8477, H.R. 8790, S. 1071, S. 2228, S. 2827, S. 3170, S. 3808, S. 3947, S. 4217, S. 4753, S. 4815, S. 714, S.J.Res. 12, S.J.Res. 55",ai-cyberattacks; china-race; power-bills,https://lda.gov/filings/public/filing/764a12ac-4f82-4114-94aa-393afac18268/print/
XCEL ENERGY INC,"XCEL ENERGY, INC",2026,Q2,370000.0,"H.R. 1047, H.R. 1355, H.R. 2444, H.R. 2703, H.R. 3015, H.R. 3062, H.R. 3157, H.R. 3616, H.R. 3617, H.R. 3626, H.R. 3628, H.R. 3632, H.R. 3638, H.R. 3657, H.R. 3668, H.R. 3699, H.R. 3843, H.R. 3898, H.R. 4136, H.R. 4503, H.R. 471, H.R. 5600, H.R. 6336, H.R. 6633, H.R. 6983, H.R. 7258, H.R. 753, H.R. 7729, H.R. 7977, H.R. 8248, H.R. 8400, H.R. 8568, H.R. 9332, H.R. 9335, H.R. 9339, H.R. 9340, H.Res. 290, S. 1327, S. 1462, S. 1757, S. 1801, S. 1945, S. 2082, S. 3034, S. 3192, S. 3585, S. 3682, S. 3814, S. 3852, S. 3947, S. 465, S. 914",ai-cyberattacks; power-bills,https://lda.gov/filings/public/filing/e92a6c74-835a-4ef0-aef8-cdaec96ef533/print/
BLUE CROSS AND BLUE SHIELD OF FLORIDA INC,"BLUE CROSS AND BLUE SHIELD OF FLORIDA, INC.",2026,Q2,80000.0,"H.R. 1254, H.R. 2041, H.R. 2493, H.R. 3302, H.R. 3419, H.R. 4710, H.R. 6248, H.R. 7973, H.R. 8201, H.R. 8209, H.R. 8684, H.R. 9117, H.R. 9389, H.R. 9390, H.R. 9393, H.R. 9396, H.R. 9397, S. 2355, S. 2420, S. 3799, S. 380, S. 4027, S. 4694",ai-cyberattacks,https://lda.gov/filings/public/filing/c7b44937-61e5-4337-bcbc-033713ebdf5c/print/
SAMSUNG ELECTRONICS AMERICA,CAPITOL CONSULTING GROUP LLC (DC),2026,Q2,70000.0,,ai-cyberattacks; china-race; job-loss,https://lda.gov/filings/public/filing/6bb9ca82-d6e8-4d62-8595-28acec1a84a2/print/
LEAGUE OF CONSERVATION VOTERS,LEAGUE OF CONSERVATION VOTERS,2026,Q2,230000.0,"H.R. 3009, H.R. 4592, H.R. 4690, H.R. 5104, H.R. 5862, H.R. 6815, H.R. 6851, H.R. 7348, H.R. 7977, H.R. 8488, H.R. 8568, H.Res. 1245, S. 3529, S. 3928, S. 4189, S. 4721, S. 4735",kids-chatbots; power-bills,https://lda.gov/filings/public/filing/969ab3f3-e91d-4aa6-ad79-fa233d7a0bef/print/
"VISA, INC.",VISA INC.,2026,Q2,2150000.0,"H.R. 3633, H.R. 6644, H.R. 7035, S. 3623",ai-cyberattacks,https://lda.gov/filings/public/filing/a398ffda-b3fb-4ba4-8dd8-81f53d8787ef/print/
GOVERNMENT EMPLOYEES INSURANCE COMPANY,GOVERNMENT EMPLOYEES INSURANCE COMPANY,2026,Q2,150000.0,"H.R. 2662, H.R. 5221, S. 2238",,https://lda.gov/filings/public/filing/40c798d5-4823-4eab-acbb-0f6137ff85f6/print/
"SANTANDER HOLDINGS USA, INC.","SANTANDER HOLDINGS USA, INC.",2026,Q2,300000.0,,,https://lda.gov/filings/public/filing/3a31868c-5440-4e64-a9dd-905d4afef375/print/
"T-MOBILE USA, INC.",GOLDSTEIN POLICY SOLUTIONS LLC,2026,Q2,30000.0,,,https://lda.gov/filings/public/filing/d12b726e-1496-404a-bb9f-9dc4fa0f3882/print/
AMAZON.COM SERVICES LLC,AMAZON.COM SERVICES LLC,2026,Q2,4360000.0,"H.R. 2385, H.R. 2853, H.R. 4123, H.R. 5457, H.R. 8800, H.R. 9747, S. 1404, S. 1956, S. 4668",ai-cyberattacks,https://lda.gov/filings/public/filing/10119e1b-77e7-4537-ab88-f4ecb8439048/print/
BUSINESS SOFTWARE ALLIANCE,BUSINESS SOFTWARE ALLIANCE,2026,Q2,320000.0,"H.R. 1000, H.R. 2385, H.R. 2417, H.R. 2765, H.R. 3220, H.R. 3788, H.R. 3838, H.R. 3961, H.R. 4142, H.R. 4942, H.R. 633, H.R. 6875, H.R. 7604, H.R. 8189, H.R. 8413, H.R. 8516, H.R. 9442, S. 1337, S. 1344, S. 1362, S. 146, S. 1746, S. 1748, S. 1792, S. 2081, S. 2558, S. 2750, S. 3150, S. 3597, S. 4570, S. 836",ai-cyberattacks; china-race; kids-chatbots; power-bills,https://lda.gov/filings/public/filing/d8ca7ec3-fb33-4e4a-af45-068cb33d1ee3/print/
INTERNATIONAL BUSINESS MACHINES CORPORATION (IBM),INTERNATIONAL BUSINESS MACHINES CORPORATION (IBM),2026,Q2,640000.0,"H.R. 2683, S. 579",ai-cyberattacks,https://lda.gov/filings/public/filing/f862aac6-c764-4eda-aff9-166ab2dff348/print/
TALOS,"FEDERAL HALL POLICY ADVISORS, LLC",2026,Q2,10000.0,,,https://lda.gov/filings/public/filing/00198748-6a03-4168-aa24-8e7e63f9b6f5/print/
BAXTER HEALTHCARE CORPORATION,BAXTER HEALTHCARE CORPORATION,2026,Q2,350000.0,,bioweapons,https://lda.gov/filings/public/filing/ad80d4cf-9b01-4bc1-a11a-5c2326eb1098/print/
AMERICAN SECURITY FUND,"ALLEGIANCE STRATEGIES, LLC",2026,Q2,30000.0,"H.R. 1718, H.R. 1736, H.R. 3447, H.R. 3919, H.R. 3932, H.R. 4704, H.R. 6149, H.R. 6943, H.R. 7532, H.R. 7567, H.R. 8170, H.R. 8315, S. 1409, S. 1705, S. 2103, S. 2177, S. 2296, S. 2399, S. 2502, S. 2714, S. 2770, S. 3050, S. 3162, S. 3205, S. 3312, S. 3696, S. 3897, S. 687",bioweapons; china-race; kids-chatbots,https://lda.gov/filings/public/filing/f0f851b0-7e4e-4e1a-9405-fa81b95b037c/print/
"BLOCK, INC.","AVOQ, LLC",2026,Q2,60000.0,,,https://lda.gov/filings/public/filing/6b0ee88b-e846-4d8f-853a-c798c9ca9229/print/
GULF SOUTH BUSINESS ROUNDTABLE,"ALPINE GROUP PARTNERS, LLC.",2026,Q2,80000.0,,power-bills,https://lda.gov/filings/public/filing/9b65f06d-24b9-4872-bcfd-459e0d6a37d7/print/
"DROPBOX, INC.","DROPBOX, INC.",2026,Q2,210000.0,,,https://lda.gov/filings/public/filing/50b89c8f-5cf8-4206-94a8-8a4d0e2a3262/print/
"REFLECTION AI, INC.","REFLECTION AI, INC.",2026,Q2,290000.0,,,https://lda.gov/filings/public/filing/f6c8e922-e951-4034-836f-a4bd5b998f8d/print/
QUALCOMM INCORPORATED,"QUALCOMM, INCORPORATED",2026,Q2,1170000.0,"H.R. 7390, H.R. 802, H.R. 8730, H.R. 8870, H.R. 9170",,https://lda.gov/filings/public/filing/da4a8fcd-3f64-4203-a2b5-7391c1ea7441/print/
"OPENAI OPCO, LLC",DLA PIPER LLP (US),2026,Q2,50000.0,,,https://lda.gov/filings/public/filing/6a179232-9da4-49ff-8aeb-57ed308964a7/print/
"SAMSUNG ELECTRONICS AMERICA, INC.","SAMSUNG ELECTRONICS AMERICA, INC.",2026,Q2,1180000.0,,ai-cyberattacks,https://lda.gov/filings/public/filing/cdfa07c2-3844-4ce1-beda-0ecb9889e9b5/print/
CENTER FOR RESPONSIBLE LENDING A SUPPORTING CORP OF CTR FOR COMMUNITY SELF-HELP,"CENTER FOR RESPONSIBLE LENDING, A SUPPORTING CORP OF CTR FOR COMMUNITY SELF-HELP",2026,Q2,90000.0,"H.R. 4801, H.R. 5402, H.R. 5775, H.R. 7588, H.R. 8141, H.R. 9330",bias,https://lda.gov/filings/public/filing/e5524a57-c7fa-412e-81b1-45336ae44b87/print/
ADVANCE,ONMESSAGE PUBLIC STRATEGIES,2026,Q2,50000.0,,,https://lda.gov/filings/public/filing/2c08ac94-2749-4aac-8f53-c0cafabd9160/print/
NXP USA INC,"NXP USA, INC.",2026,Q2,90000.0,,,https://lda.gov/filings/public/filing/e9e6ed4f-f388-4418-b6db-385722a279f2/print/
NATIONAL ASSOCIATION OF MUTUAL INSURANCE COMPANIES,NATIONAL ASSOCIATION OF MUTUAL INSURANCE COMPANIES,2026,Q2,540000.0,"H.R. 1734, H.R. 2770, H.R. 3460, H.R. 3775, H.R. 4142, H.R. 5227, H.R. 5388, H.R. 5784, H.R. 5885, H.R. 6304, H.R. 6875, H.R. 8037, H.R. 8094, H.R. 8623, H.R. 8664, H.R. 8819, H.R. 9352, H.R. 9363, S. 1269, S. 1290, S. 1378, S. 1638, S. 1798, S. 2177, S. 2528, S. 2750, S. 2937, S. 3108, S. 3339, S. 3354, S. 3557, S. 3957, S. 4069, S. 4307, S. 4743, S. 4916",ai-cyberattacks; bias; china-race; deepfakes; job-loss; loss-of-control; power-bills,https://lda.gov/filings/public/filing/3ac54708-9c1e-49f5-83ff-a1581fc98e13/print/
ASSOCIATION FOR DIAGNOSTICS & LABORATORY MEDICINE,"TSG ADVOCATES DC, LLC",2026,Q2,18000.0,,job-loss,https://lda.gov/filings/public/filing/809fd9e1-bbba-4949-adeb-926c9c8e3476/print/
SAS INSTITUTE,SAS INSTITUTE,2026,Q2,440000.0,,,https://lda.gov/filings/public/filing/99363fa0-7672-4a7e-bd37-33597d908d9b/print/
WALMART INC,WALMART INC.,2026,Q2,2060000.0,,,https://lda.gov/filings/public/filing/1b0d674d-82a1-4035-bc5a-24f29c3113a1/print/
DOUBLEVERIFY INC.,"AVOQ, LLC",2026,Q2,60000.0,,,https://lda.gov/filings/public/filing/e9c96fa1-12e2-47eb-8f72-a4d9ccea8079/print/
AUTODESK INC,"AUTODESK, INC",2026,Q2,260000.0,,ai-cyberattacks; job-loss,https://lda.gov/filings/public/filing/c14be6bc-63ab-4ac0-bf96-11f48f818a25/print/
EYEO GMBH,"AVOQ, LLC",2026,Q2,50000.0,,,https://lda.gov/filings/public/filing/deb48a3c-f130-4ec1-9c50-da28d51d3ddf/print/
GIFFORDS,GIFFORDS,2026,Q2,70000.0,"H.R. 1, H.R. 1041, H.R. 18, H.R. 1987, H.R. 2189, H.R. 2711, H.R. 38, H.R. 3868, H.R. 4223, H.R. 4242, H.R. 6258, H.R. 7133, H.R. 7599, H.R. 7965, H.R. 8426, H.R. 8469, H.R. 8495, H.R. 8580, H.R. 8694, H.R. 8845, H.R. 9003, H.R. 9208, H.R. 9260, H.R. 9495, H.Res. 457, S. 1283, S. 2296, S. 3458, S. 3514, S. 478, S. 4926, S. 889, S. 926",job-loss; kids-chatbots,https://lda.gov/filings/public/filing/d3f2a71e-d0c6-4bfa-a14a-cf1e23721ea2/print/
THE AMERICAN MEDICAL INFORMATICS ASSOCIATION,"POWERS PYLES SUTTER & VERVILLE, P.C.",2026,Q2,10000.0,,,https://lda.gov/filings/public/filing/2f6dd39a-574f-4920-a0b4-dd22aaa19b5d/print/
THE AES CORPORATION,THE AES CORPORATION,2026,Q2,20000.0,,power-bills,https://lda.gov/filings/public/filing/f08186d3-31b4-4f82-ba92-3aa38cb7cfd3/print/
INTERNATIONAL BROTHERHOOD OF TEAMSTERS,INTERNATIONAL BROTHERHOOD OF TEAMSTERS,2026,Q2,489143.0,"H.R. 1319, H.R. 1320, H.R. 20, H.R. 4896, H.R. 5408, H.R. 8100, H.R. 8911, S. 2031, S. 2138, S. 2228, S. 2613, S. 3116, S. 3124, S. 3128, S. 3215, S. 3867, S. 5213, S. 567",job-loss,https://lda.gov/filings/public/filing/26ab227f-007a-4dbb-85d3-27e65e0ac8e7/print/
TECHNOLOGY NETWORK AKA TECHNET,TECHNOLOGY NETWORK AKA TECHNET,2026,Q2,440000.0,,ai-cyberattacks; kids-chatbots,https://lda.gov/filings/public/filing/387bd1c6-74b3-49ad-925d-1d594f3493cc/print/
GUARDIAN LIFE INSURANCE COMPANY OF AMERICA,"AVOQ, LLC",2026,Q2,60000.0,,,https://lda.gov/filings/public/filing/e2b07ab2-645c-442c-9a39-1ffdec31ba2d/print/
"SERVICENOW, INC.","SERVICENOW, INC.",2026,Q2,160000.0,,,https://lda.gov/filings/public/filing/874124a2-5ce9-4fc6-b6f4-cd3e9d556819/print/
NATIONAL VENTURE CAPITAL ASSOCIATION,NATIONAL VENTURE CAPITAL ASSOCIATION,2026,Q2,1173637.0,H.R. 2385,,https://lda.gov/filings/public/filing/8d05c44b-9fa3-46e4-8b11-c0c2f7b5acae/print/
MAPLEBEAR INC. D/B/A INSTACART,"AVOQ, LLC",2026,Q2,60000.0,,,https://lda.gov/filings/public/filing/ccf9e245-1b94-49de-b6a8-0aa6eca31b87/print/
UNIVERSAL MUSIC GROUP,UNIVERSAL MUSIC GROUP,2026,Q2,660000.0,"H.R. 2794, H.R. 791, H.R. 8094, H.R. 861, H.R. 8915, S. 1367, S. 253, S. 326, S. 3813, S. 4591, S. 5379",deepfakes,https://lda.gov/filings/public/filing/38703e27-54f8-4655-9d6c-5576ccb444f3/print/
INSEPARABLE ACTION INC.,INSEPARABLE ACTION INC.,2026,Q2,60000.0,"H.R. 3624, H.R. 7092, H.R. 7757, H.R. 8124, H.R. 8201, H.R. 8657, S. 1748",kids-chatbots,https://lda.gov/filings/public/filing/d26c4d95-6940-49ed-8233-09743be8d528/print/
"META PLATFORMS, INC.","AVOQ, LLC",2026,Q2,80000.0,,,https://lda.gov/filings/public/filing/8290a5ac-bf25-452c-826e-6c82ee6ee8c7/print/
PINTEREST,"CM STRATEGIC, LLC",2026,Q2,30000.0,,kids-chatbots,https://lda.gov/filings/public/filing/b6a87401-6dfd-47d7-b29b-36006bc7ecde/print/
ENCODE AI CORPORATION,ENCODE AI CORPORATION,2026,Q2,120000.0,"H.R. 7757, S. 4407, S. 4855",kids-chatbots,https://lda.gov/filings/public/filing/cfe795cc-9542-4b6e-9b27-69606170855a/print/
HIGHLAND DIGITAL,EIS SOLUTIONS,2026,Q2,30000.0,,power-bills,https://lda.gov/filings/public/filing/9c5a5969-bf3a-4d35-91e6-baf92f7a945d/print/
"INTUIT, INC. AND AFFILIATES",CAPITOL COUNSEL LLC,2026,Q2,60000.0,H.R. 3679,,https://lda.gov/filings/public/filing/158f6d0c-d9ce-4b97-aa3b-22201a0cfe14/print/
NEWS CORPORATION,NEWS CORPORATION,2026,Q2,200000.0,,,https://lda.gov/filings/public/filing/08aae797-9b92-4c84-b391-01d971c30280/print/
IOWA STATE UNIVERSITY,IOWA STATE UNIVERSITY,2026,Q2,50000.0,,ai-cyberattacks; job-loss,https://lda.gov/filings/public/filing/31e82296-7377-4b19-b823-56e435676cba/print/
BIG CITIES HEALTH COALITION,VENABLE LLP,2026,Q2,40000.0,,job-loss; kids-chatbots,https://lda.gov/filings/public/filing/c89c99dc-82ad-44a6-9bc7-11f549f4cf92/print/
THE CHEMOURS COMPANY,THE CHEMOURS COMPANY,2026,Q2,340000.0,,power-bills,https://lda.gov/filings/public/filing/44834961-9ca7-4233-b843-9716ac7ab7d9/print/
AMERICAN HONDA MOTOR CO INC (FORMERLY HONDA NORTH AMERICA),FGS GLOBAL (US) LLC (FKA FGH HOLDINGS LLC),2026,Q2,70000.0,,,https://lda.gov/filings/public/filing/79ef0266-18de-4aa7-8bb7-b9a142e773af/print/
"WIZ, INC.","WIZ, INC.",2026,Q2,140000.0,,ai-cyberattacks,https://lda.gov/filings/public/filing/c12002ae-a2c9-43e1-92d5-1429b1b26fb5/print/
ROCKET LP FKA RKT HOLDINGS,ROCKET LP FKA RKT HOLDINGS,2026,Q2,450000.0,H.R. 1777,,https://lda.gov/filings/public/filing/7fe82123-d969-48e2-9fe7-fa0b7d0f675d/print/
US AI,STINSON LLP,2026,Q2,30000.0,,,https://lda.gov/filings/public/filing/4cba24e7-1aa9-4fe2-99dd-ee6464ecace5/print/
THE AMERICAN COUNCIL OF LIFE INSURERS,INVARIANT LLC,2026,Q2,110000.0,,,https://lda.gov/filings/public/filing/502d2f43-fede-4bf5-b744-20ee5f1d8c40/print/
BLACKROCK FUNDS SERVICES GROUP LLC,"BLACKROCK FUNDS SERVICES GROUP, LLC",2026,Q2,810000.0,,,https://lda.gov/filings/public/filing/67598ce4-29bd-42f8-9331-6e09e4f97ad8/print/
MICROSOFT CORPORATION,MICHAEL BEST STRATEGIES LLC,2026,Q2,50000.0,,,https://lda.gov/filings/public/filing/5cfa3101-72f4-4cd0-ac47-9518efa68e66/print/
OTUS,"AVOQ, LLC",2026,Q2,40000.0,,,https://lda.gov/filings/public/filing/0529549f-8115-4c21-bfa3-390ee2d2d33a/print/
ALLIANCE DEFENDING FREEDOM,ALLIANCE DEFENDING FREEDOM,2026,Q2,40000.0,"H.R. 2896, S. 1428, S. 1885, S. 3062, S. 4576, S. 4591, S. 4668, S. 47",bias; deepfakes; kids-chatbots,https://lda.gov/filings/public/filing/01a963a0-61d7-4d99-9f3b-cb98c5cec913/print/
AMERICA'S HEALTH INSURANCE PLANS INC (AHIP),"AMERICA'S HEALTH INSURANCE PLANS, INC. (AHIP)",2026,Q2,3010000.0,"H.R. 1096, H.R. 1407, H.R. 1523, H.R. 1614, H.R. 1627, H.R. 1867, H.R. 1899, H.R. 2013, H.R. 2049, H.R. 2404, H.R. 2528, H.R. 2741, H.R. 3000, H.R. 4206, H.R. 4484, H.R. 5081, H.R. 5371, H.R. 7064, H.R. 7537, H.R. 7787, H.R. 7790, H.R. 842, H.R. 935, H.R. 9504, S. 1056, S. 1227, S. 1261, S. 1329, S. 1847, S. 2356, S. 2709, S. 339, S. 3822, S. 3829, S. 3834, S. 422, S. 931",ai-cyberattacks; job-loss,https://lda.gov/filings/public/filing/15c2ccfe-8aee-48d8-a7de-a06628474bbe/print/
TRIPADVISOR LLC,TRIPADVISOR LLC,2026,Q2,100000.0,"H.R. 1479, H.R. 6484, H.R. 7757, S. 281, S. 314",kids-chatbots,https://lda.gov/filings/public/filing/5b1a2119-2e33-4b95-ad6c-8b5ac527d446/print/
RELX INC.,"AVOQ, LLC",2026,Q2,60000.0,,,https://lda.gov/filings/public/filing/cd6e1ec5-20e5-4976-a75c-405c3f1de0ba/print/
BLOCK INC.,BLOCK INC.,2026,Q2,310000.0,S. 1582,,https://lda.gov/filings/public/filing/507c0592-f0a4-4875-bf1f-19d89ca51d68/print/
AMERICAN ASSOCIATION FOR JUSTICE,"NVG, LLC",2026,Q2,90000.0,"H.R. 6265, H.R. 6291, H.R. 6484, H.R. 7757",kids-chatbots,https://lda.gov/filings/public/filing/a979e322-d448-4f20-ace8-828642afe19f/print/
TECHNOLOGY NETWORK AKA TECHNET,"AVOQ, LLC",2026,Q2,60000.0,,kids-chatbots,https://lda.gov/filings/public/filing/bf49bd98-cb06-4dc2-921d-4b71c432377e/print/
"SALESFORCE, INC.",INVARIANT LLC,2026,Q2,80000.0,,,https://lda.gov/filings/public/filing/6e4a56f1-285f-4028-a7a9-7abd956da78b/print/
AMERICAN ASSOCIATION OF INDEPENDENT MUSIC,"NVG, LLC",2026,Q2,20000.0,"H.R. 2794, H.R. 861, H.R. 9253, S. 1367, S. 326, S. 4591",,https://lda.gov/filings/public/filing/b71d4bd3-832a-4063-ac07-470c05d3c2c7/print/
"UNIVERSAL MUSIC GROUP RECORDINGS, INC.",FORBES-TATE,2026,Q2,40000.0,,,https://lda.gov/filings/public/filing/b82d47ee-c49c-42bc-a9e7-ec6de26187da/print/
"AMERICAN HONDA MOTOR CO., INC.","AMERICAN HONDA MOTOR CO., INC.",2026,Q2,1477000.0,"H.R. 3684, H.R. 5371, H.R. 8413, H.R. 8730, S. 1377, S. 4429",ai-cyberattacks; job-loss,https://lda.gov/filings/public/filing/e48d77f0-e0fb-458d-9dc5-66452d7ca728/print/
DOMINION ENERGY INC,"DOMINION ENERGY, INC.",2026,Q2,640000.0,,job-loss; power-bills,https://lda.gov/filings/public/filing/441d6445-52f7-42a2-98f2-896ad868861c/print/
BOEING COMPANY,BOEING COMPANY,2026,Q2,2770000.0,"H.R. 5079, S. 2983",ai-cyberattacks,https://lda.gov/filings/public/filing/fd396ae2-9ccb-406c-9d41-c8da6996906e/print/
"CONSTELLATION ENERGY GENERATION, LLC","CONSTELLATION ENERGY GENERATION, LLC",2026,Q2,2100000.0,,power-bills,https://lda.gov/filings/public/filing/24c8714c-86a4-4fac-ac24-eeb5b7a0931c/print/
COMCAST CORPORATION,"NVG, LLC",2026,Q2,30000.0,S. 4591,,https://lda.gov/filings/public/filing/5e199a82-08fa-4678-839e-de598bf3a301/print/
VISA,"AVOQ, LLC",2026,Q2,60000.0,"H.R. 3633, H.R. 6644, H.R. 7035, S. 3623",,https://lda.gov/filings/public/filing/d69d6cd3-2d0c-4a68-946b-f9e4a0463155/print/
IMAGINE LEARNING,FORBES-TATE,2026,Q2,50000.0,,,https://lda.gov/filings/public/filing/6e9ad37c-1a94-4568-bd82-5d550fab80fe/print/
THE ALLIANCE FOR SECURE AI ACTION,THE ALLIANCE FOR SECURE AI ACTION,2026,Q2,10000.0,"H.R. 3447, H.R. 6875, H.R. 8170, H.R. 8623, H.R. 8800, H.R. 9477, S. 1705, S. 3062, S. 4113, S. 4476, S. 4560, S. 4683, S. 4784, S. 4916",china-race; job-loss; kids-chatbots; loss-of-control,https://lda.gov/filings/public/filing/2816115c-eedd-49e7-90fa-0feb9f31b6c7/print/
SAGE,INVARIANT LLC,2026,Q2,60000.0,,,https://lda.gov/filings/public/filing/d988e065-de38-4206-ac16-f16b0a22f6ad/print/
"ORACLE AMERICA, INC.",TROUTMAN STRATEGIES,2026,Q2,70000.0,,,https://lda.gov/filings/public/filing/13e7c7ec-5f75-4970-b1dd-73b206d8196e/print/
AT&T SERVICES INC AND ITS AFFILIATES,"AT&T SERVICES, INC. AND ITS AFFILIATES",2026,Q2,2650000.0,"H.R. 1343, H.R. 1519, H.R. 1681, H.R. 1975, H.R. 2449, H.R. 2750, H.R. 2805, H.R. 2817, H.R. 2850, H.R. 2975, H.R. 3125, H.R. 3479, H.R. 3825, H.R. 3921, H.R. 4032, H.R. 4518, H.R. 4950, H.R. 5079, H.R. 5200, H.R. 5266, H.R. 6046, H.R. 6505, H.R. 7022, H.R. 7386, H.R. 7422, H.R. 7757, H.R. 7833, H.R. 8320, H.R. 8413, S. 4691",ai-cyberattacks; china-race; deepfakes; kids-chatbots,https://lda.gov/filings/public/filing/68089625-fe6d-4d44-8213-18949421e731/print/
INSTITUTE OF INTERNAL AUDITORS,"NVG, LLC",2026,Q2,40000.0,,ai-cyberattacks,https://lda.gov/filings/public/filing/129e82c4-9bf0-4f8b-8eeb-bb735827ef6f/print/
INTERNATIONAL LONGSHORE AND WAREHOUSE UNION,"NVG, LLC",2026,Q2,60000.0,,job-loss,https://lda.gov/filings/public/filing/a076dbc3-8fdb-4370-b17a-5b810bf41089/print/
"CITIGROUP WASHINGTON, INC.","CITIGROUP WASHINGTON, INC.",2026,Q2,1330000.0,"H.R. 1944, H.R. 2392, H.R. 2548, H.R. 2702, H.R. 3633, H.R. 8395, H.R. 987, S. 1241, S. 2381, S. 2999, S. 401, S. 4198, S. 875",ai-cyberattacks; china-race,https://lda.gov/filings/public/filing/4e0e8fcb-6b94-48fb-bd95-80abcb0dcab3/print/
PACIFIC GAS AND ELECTRIC COMPANY,PACIFIC GAS AND ELECTRIC COMPANY,2026,Q2,3530000.0,"H.R. 1, H.R. 1355, H.R. 2072, H.R. 2709, H.R. 3657, H.R. 3699, H.R. 4626, H.R. 4690, H.R. 471, H.R. 4776, H.R. 5079, H.R. 5301, H.R. 6176, H.R. 6177, H.R. 6473, H.R. 6529, H.R. 6633, H.R. 6938, H.R. 7148, H.R. 7257, H.R. 8495, H.R. 8800, H.R. 8870, H.R. 8889, H.R. 9022, H.R. 9171, H.R. 9260, H.R. 9332, H.R. 9335, H.R. 9337, H.R. 9338, H.R. 9339, H.R. 9340, S. 1020, S. 1183, S. 1337, S. 2975, S. 3500, S. 3518, S. 3852, S. 3926, S.Res. 794",ai-cyberattacks; job-loss; power-bills,https://lda.gov/filings/public/filing/19a25271-bae4-4f0c-91d7-f25b5d0241f2/print/
SECURITY INDUSTRY ASSOCIATION,SECURITY INDUSTRY ASSOCIATION,2026,Q2,34000.0,,,https://lda.gov/filings/public/filing/45fc471e-8c3e-4e12-b0db-c28eaaeb09ed/print/
ALLSTATE INSURANCE COMPANY,ALLSTATE INSURANCE COMPANY,2026,Q2,380000.0,"H.R. 4954, H.R. 6291, S. 2495, S. 836",kids-chatbots,https://lda.gov/filings/public/filing/7c30770a-b70b-4188-b611-f0b178bc0c7c/print/
"SWITCH, LTD",MICHAEL BEST STRATEGIES LLC,2026,Q2,110000.0,,power-bills,https://lda.gov/filings/public/filing/9ea61bbc-2543-4744-b18d-6b3f46be84c9/print/
APPLIED DIGITAL,"ELEVATE GOVERNMENT AFFAIRS, LLC",2026,Q2,50000.0,,,https://lda.gov/filings/public/filing/aba4addc-eb22-434e-8faa-6441666229d4/print/
UNIVERSITY OF CALIFORNIA,UNIVERSITY OF CALIFORNIA,2026,Q2,840000.0,"H.R. 1, H.R. 1223, H.R. 5089, H.R. 7567, H.R. 7896, H.R. 8495, H.R. 8595, H.R. 8615, H.R. 8646, H.R. 8800, H.R. 8845, H.R. 8901, H.R. 9022, H.R. 9170, H.R. 9171, H.R. 9260, H.R. 9495, H.R. 9497, S. 318, S. 3923, S. 4650, S. 4784",ai-cyberattacks; china-race; job-loss; kids-chatbots,https://lda.gov/filings/public/filing/bca01ac5-363d-4df8-adab-921bbb603763/print/
CTIA-THE WIRELESS ASSOCIATION,ORIGIN ADVOCACY LLC,2026,Q2,50000.0,,,https://lda.gov/filings/public/filing/080838a7-704e-49c4-8608-ba200fdd3ca4/print/
VEEAM SOFTWARE,VEEAM SOFTWARE,2026,Q2,150000.0,,ai-cyberattacks,https://lda.gov/filings/public/filing/cbb13a54-cabc-45f8-9dce-eb6363224d2c/print/
HONEYWELL INTERNATIONAL,HONEYWELL INTERNATIONAL,2026,Q2,1610000.0,"H.R. 1, H.R. 8462, H.R. 8469, S. 3597",ai-cyberattacks,https://lda.gov/filings/public/filing/eac1a96e-6408-4600-8219-7afd51904d5b/print/
ADVANCE PUBLICATIONS,"NVG, LLC",2026,Q2,50000.0,"H.R. 7757, H.R. 8479, S. 2367",kids-chatbots,https://lda.gov/filings/public/filing/97dbb4fc-4c0e-4829-95c9-26e032cc3375/print/
PEARSON EDUCATION,PEARSON EDUCATION,2026,Q2,80000.0,"H.R. 5800, H.R. 8183, S. 4382",job-loss,https://lda.gov/filings/public/filing/7a64efc0-1506-4c46-8d5f-e3fbc6da80ed/print/
GETTY IMAGES INC.,"NVG, LLC",2026,Q2,20000.0,"H.R. 2794, S. 1367, S. 2455, S. 4591",,https://lda.gov/filings/public/filing/10d843cb-34fc-4605-9b05-4a52a4d2bc8d/print/
SONY PICTURES ENTERTAINMENT,"THE SMITH-FREE GROUP, LLC",2026,Q2,80000.0,,,https://lda.gov/filings/public/filing/9ba16307-429b-4b04-b68f-cf616f9d03e1/print/
"SAP AMERICA, INC.",ORIGIN ADVOCACY LLC,2026,Q2,60000.0,,ai-cyberattacks,https://lda.gov/filings/public/filing/4456347f-c537-4497-b233-e671a9ea8a68/print/
VANNEVAR LABS,MICHAEL BEST STRATEGIES LLC,2026,Q2,90000.0,,,https://lda.gov/filings/public/filing/f706bc31-ceeb-433a-9e84-d6045bef9658/print/
SONY PICTURES ENTERTAINMENT INC.,SONY PICTURES ENTERTAINMENT INC.,2026,Q2,172038.0,,,https://lda.gov/filings/public/filing/063ef9d3-9f9d-448b-b536-7dd173602fdf/print/
PROTECTIVE LIFE CORPORATION,PROTECTIVE LIFE CORPORATION,2026,Q2,220000.0,,ai-cyberattacks,https://lda.gov/filings/public/filing/1f9e9bdc-740b-4502-904c-acb8803cd913/print/
GEMINUS.AI INC.,THE VOGEL GROUP,2026,Q2,30000.0,,,https://lda.gov/filings/public/filing/757a8a94-6a10-495b-abba-1746bef1b4cc/print/
PORTLAND GENERAL ELECTRIC,"K&L GATES, LLP",2026,Q2,40000.0,H.R. 471,power-bills,https://lda.gov/filings/public/filing/24d56a31-e132-4891-97f7-559a2edefa3f/print/
SCIENCE APPLICATIONS INTERNATIONAL CORPORATION,SCIENCE APPLICATIONS INTERNATIONAL CORPORATION,2026,Q2,470000.0,,ai-cyberattacks,https://lda.gov/filings/public/filing/455bd407-c975-4f53-8ddf-8a1da081f5d9/print/
VERIZON COMMUNICATIONS INC AND VARIOUS SUBSIDIARIES,VERIZON COMMUNICATIONS INC. AND VARIOUS SUBSIDIARIES,2026,Q2,3050000.0,"H.R. 1343, H.R. 1519, H.R. 1665, H.R. 1681, H.R. 1870, H.R. 2399, H.R. 2449, H.R. 2482, H.R. 278, H.R. 2794, H.R. 2975, H.R. 3149, H.R. 3562, H.R. 46, H.R. 5061, H.R. 5079, H.R. 6046, H.R. 6333, H.R. 651, H.R. 7022, H.R. 7294, H.R. 7386, H.R. 7757, H.R. 791, H.R. 8255, H.R. 8327, H.R. 8413, H.R. 8516, H.R. 8800, H.R. 9151, S. 1586, S. 1634, S. 1748, S. 1829, S. 1837, S. 1875, S. 3062, S. 3268, S. 3639, S. 3663, S. 3813, S. 4322, S. 4407, S. 4448, S. 4557, S. 4561, S. 4591, S. 4728, S. 4784, S. 792, S. 836, S. 98",ai-cyberattacks; china-race; job-loss; kids-chatbots; power-bills,https://lda.gov/filings/public/filing/5892e365-0bf8-43f8-ab50-e215ddbdadc7/print/
BUSINESS ROUNDTABLE INC,"THE BUSINESS ROUNDTABLE, INC.",2026,Q2,6950000.0,"H.R. 5079, H.R. 8413, H.R. 8800, S. 1337, S. 2983",ai-cyberattacks; job-loss,https://lda.gov/filings/public/filing/966e5941-2ffd-495a-a4e6-fab3a94b003e/print/
"INTUIT, INC. AND AFFILIATES (FORMERLY INTUIT, INC.)","INTUIT, INC. AND AFFILIATES (FORMERLY INTUIT, INC.)",2026,Q2,970000.0,"H.R. 3679, H.R. 5764, H.R. 5784",,https://lda.gov/filings/public/filing/7d04a024-b38f-45cb-a93b-083e5b13d367/print/
RELX INC,VENABLE LLP,2026,Q2,60000.0,,kids-chatbots,https://lda.gov/filings/public/filing/f7ca0bd7-19ba-4cac-8800-317e448a1fec/print/
EXCELLA CO.,"ELEVATE GOVERNMENT AFFAIRS, LLC",2026,Q2,50000.0,,,https://lda.gov/filings/public/filing/1f26a802-ceb6-4fa0-af70-75ad1658d2f3/print/
NEWS MEDIA ALLIANCE,NEWS MEDIA ALLIANCE,2026,Q2,475000.0,"H.R. 10540, H.R. 1623, H.R. 2657, H.R. 3149, H.R. 5360, H.R. 6253, H.R. 6257, H.R. 6259, H.R. 6265, H.R. 6273, H.R. 6289, H.R. 6290, H.R. 6291, H.R. 6292, H.R. 633, H.R. 6333, H.R. 6437, H.R. 6484, H.R. 6489, H.R. 6499, H.R. 7757, H.R. 8094, H.R. 8413, S. 1396, S. 146, S. 2367, S. 2455, S. 278, S. 3663, S. 3813, S. 836",bias; deepfakes; kids-chatbots; loss-of-control,https://lda.gov/filings/public/filing/15352a21-292d-4dbe-b582-c85cc65bd360/print/
RECORDING ACADEMY,RECORDING ACADEMY (FKA NATIONAL ACADEMY OF RECORDING ARTS AND SCIENCES),2026,Q2,120778.0,"H.R. 7209, H.R. 861, H.R. 8915, H.R. 9253, S. 2455, S. 326, S. 3813, S. 4591",,https://lda.gov/filings/public/filing/29ac5d79-c0c4-4da4-aea2-7a11526e7500/print/
NATIONAL RURAL ELECTRIC COOPERATIVE ASSOCIATION (NRECA),NATIONAL RURAL ELECTRIC COOPERATIVE ASSOCIATION (NRECA),2026,Q2,980000.0,"H.R. 1, H.R. 1047, H.R. 161, H.R. 3062, H.R. 3616, H.R. 3632, H.R. 3699, H.R. 3843, H.R. 4669, H.R. 5600, H.R. 6336, H.R. 6529, H.R. 6633, H.R. 7258, H.R. 7266, H.R. 7305, H.R. 9332, H.R. 9335",ai-cyberattacks; power-bills,https://lda.gov/filings/public/filing/3fe06c2b-4c0c-44bd-865c-16734c501c43/print/
PACIFIC LIFE INSURANCE COMPANY,PACIFIC LIFE INSURANCE COMPANY,2026,Q2,480000.0,"S. 1582, S. 2164, S. 2750",ai-cyberattacks; bias,https://lda.gov/filings/public/filing/45711a37-345e-4580-812d-5e80c0e570a1/print/
JOHNS HOPKINS UNIVERSITY,JOHNS HOPKINS UNIVERSITY,2026,Q2,350000.0,"H.R. 9504, S. 4189",job-loss,https://lda.gov/filings/public/filing/2a38440a-a97d-46d0-9eb0-5869d23858db/print/
CISCO SYSTEMS INC,"CISCO SYSTEMS, INC",2026,Q2,850000.0,,,https://lda.gov/filings/public/filing/ffaed28d-600a-42fd-9ab2-4f56dfb11dea/print/
WILLIAM MORRIS ENDEAVOR ENTERTAINMENT LLC,FORWARD GLOBAL,2026,Q2,60000.0,,,https://lda.gov/filings/public/filing/791869c8-ed63-4f62-9c32-f2387adcbf64/print/
LARGE PUBLIC POWER COUNCIL,LARGE PUBLIC POWER COUNCIL,2026,Q2,410000.0,,ai-cyberattacks; power-bills,https://lda.gov/filings/public/filing/3d646986-9d12-446a-9f92-87545238bc1c/print/
BIOTECHNOLOGY INNOVATION ORGANIZATION,BIOTECHNOLOGY INNOVATION ORGANIZATION,2026,Q2,2360000.0,"H.R. 1672, H.R. 3152, H.R. 3160, H.R. 3269, H.R. 3521, H.R. 5256, H.R. 5391, H.R. 6423, H.R. 6485, H.R. 8413, H.R. 9142, H.R. 9504, S. 1041, S. 1095, S. 1096, S. 1097, S. 1302, S. 1414, S. 1546, S. 1553, S. 1816, S. 2276, S. 2658, S. 2764, S. 3014, S. 3741, S. 3788, S. 43, S. 526, S. 527, S. 705, S. 822, S. 832, S. 864",bioweapons; china-race; kids-chatbots,https://lda.gov/filings/public/filing/502870c0-d272-474e-8980-b4e5519180f8/print/
ERICSSON INC.,ERICSSON INC.,2026,Q2,370000.0,,,https://lda.gov/filings/public/filing/31b43c84-869a-4625-957f-fa98fcae6aaa/print/
"CAMPAIGN LEGAL CENTER, INC.","CAMPAIGN LEGAL CENTER, INC.",2026,Q2,20000.0,"H.R. 14, H.R. 22, H.R. 2476, H.R. 51, H.R. 5106, H.R. 5272, H.R. 6589, H.R. 7008, H.R. 7060, H.R. 7193, H.R. 7296, H.R. 7300, H.R. 7802, H.R. 8065, H.R. 8422, H.R. 9049, H.R. 9110, H.R. 9368, S. 128, S. 1383, S. 2300, S. 2523, S. 2838, S. 3646, S. 3991, S. 4774, S. 51",job-loss; kids-chatbots,https://lda.gov/filings/public/filing/4415cae0-993a-4e44-9ec5-e46ff3821353/print/
APPLE INC,APPLE INC.,2026,Q2,2740000.0,"H.R. 3149, H.R. 6333, H.R. 7757, S. 1586, S. 1748, S. 4349",kids-chatbots; loss-of-control,https://lda.gov/filings/public/filing/e9fec06f-33ff-4583-8687-23cd9c67a774/print/
PLAID INC.,PLAID INC.,2026,Q2,190000.0,H.R. 8431,,https://lda.gov/filings/public/filing/44542345-d57b-4847-9e92-0412bb1df33b/print/
"OPENAI OPCO, LLC","OPENAI OPCO, LLC",2026,Q2,1200000.0,,ai-cyberattacks,https://lda.gov/filings/public/filing/de4e5ed5-65c4-44dc-8006-be3a20d10ef7/print/
ANTHROPIC,ANTHROPIC,2026,Q2,1970000.0,"H.R. 6875, H.R. 7757, H.R. 8170, S. 1705, S. 3062, S. 3108, S. 4046, S. 4476, S. 4615, S. 4656, S. 4707, S. 4728",ai-cyberattacks; china-race; job-loss; kids-chatbots,https://lda.gov/filings/public/filing/812e5787-90df-48ef-a801-500468d63047/print/
SOFTWARE & INFORMATION INDUSTRY ASSOCIATION,SIIA,2026,Q2,1396909.0,"H.R. 2385, H.R. 2657, H.R. 2683, H.R. 2794, H.R. 3149, H.R. 3209, H.R. 3447, H.R. 3562, H.R. 4505, H.R. 4776, H.R. 4801, H.R. 4920, H.R. 6058, H.R. 6291, H.R. 6875, H.R. 6996, H.R. 7003, H.R. 7757, H.R. 8036, H.R. 8170, H.R. 8283, H.R. 8285, H.R. 8287, H.R. 8289, S. 1367, S. 146, S. 1586, S. 1705, S. 1748, S. 1837, S. 1894, S. 2528, S. 2750, S. 278, S. 3062, S. 4407, S. 4591, S. 836",china-race; kids-chatbots,https://lda.gov/filings/public/filing/604dd2bd-b28c-4f46-a1a1-306b6c97ea79/print/
MOTION PICTURE ASSOCIATION INC,"MOTION PICTURE ASSOCIATION, INC.",2026,Q2,640000.0,"H.R. 3149, H.R. 4591, H.R. 6333, H.R. 7757, S. 1586, S. 3062, S. 4349",deepfakes; kids-chatbots,https://lda.gov/filings/public/filing/614e0317-68b3-4c15-9f68-1d9d64dc0629/print/
"LYTX, INC.","ELEVATE GOVERNMENT AFFAIRS, LLC",2026,Q2,40000.0,,ai-cyberattacks,https://lda.gov/filings/public/filing/b56ba19a-22b8-4c32-a192-fcb54a1907e9/print/
SOLVENTUM CORPORATION,SOLVENTUM CORPORATION,2026,Q2,200000.0,H.R. 1,,https://lda.gov/filings/public/filing/f667ebde-50fb-4355-8e8c-c752c753828c/print/
MAJOR LEAGUE BASEBALL PLAYERS ASSOCIATION,"ELEVATE GOVERNMENT AFFAIRS, LLC",2026,Q2,10000.0,S. 1367,deepfakes,https://lda.gov/filings/public/filing/49242b4a-df5a-447f-97f5-449c787cbc66/print/
LINCOLN NATIONAL CORPORATION,LINCOLN NATIONAL CORPORATION,2026,Q2,270000.0,H.R. 2441,,https://lda.gov/filings/public/filing/dd5cc569-23c7-4d18-a509-cec46928d032/print/
NATIONAL BASKETBALL PLAYERS ASSOCIATION,"ELEVATE GOVERNMENT AFFAIRS, LLC",2026,Q2,10000.0,S. 1367,deepfakes,https://lda.gov/filings/public/filing/2b1b7f22-b5f2-4efe-876e-93b99af59e0f/print/
NATIONAL FOOTBALL LEAGUE PLAYERS ASSOCIATION,"ELEVATE GOVERNMENT AFFAIRS, LLC",2026,Q2,10000.0,S. 1367,deepfakes,https://lda.gov/filings/public/filing/2e9cbfde-f776-4d15-be5e-ef67818d1e86/print/
SPOTIFY USA INC.,SPOTIFY USA INC.,2026,Q2,520000.0,,bias,https://lda.gov/filings/public/filing/c71f11cc-556c-42e8-b3df-d9390edf05a8/print/
IDEMIA IDENTITY & SECURITY USA LLC,"IDEMIA IDENTITY & SECURITY USA, LLC",2026,Q2,260000.0,S. 1582,,https://lda.gov/filings/public/filing/2b3ec8a1-5606-494b-9496-30bcafc65000/print/
NATIONAL HOCKEY LEAGUE PLAYERS ASSOCIATION,"ELEVATE GOVERNMENT AFFAIRS, LLC",2026,Q2,10000.0,S. 1367,deepfakes,https://lda.gov/filings/public/filing/84026d39-6f44-45de-a992-fabf4b38acf7/print/
EBAY INC.,EBAY INC.,2026,Q2,580000.0,"H.R. 3149, H.R. 6266, H.R. 6489, H.R. 7757, H.R. 7890, H.R. 7891, H.R. 8818, H.R. 9057, S. 1409, S. 1586, S. 294, S. 836",kids-chatbots,https://lda.gov/filings/public/filing/50b40df2-25ca-42f2-9b2c-296b0f4f3f94/print/
MAJOR LEAGUE SOCCER PLAYERS ASSOCIATION,"ELEVATE GOVERNMENT AFFAIRS, LLC",2026,Q2,10000.0,S. 1367,deepfakes,https://lda.gov/filings/public/filing/f84c1041-5e53-4038-a477-d3acdea71474/print/
CARIS SCIENCE INC,SPLITOAK STRATEGIES LLC,2026,Q2,40000.0,,,https://lda.gov/filings/public/filing/5e079b42-4484-4914-b4c8-1e41efc300ad/print/
DUKE ENERGY CORPORATION,DUKE ENERGY CORPORATION,2026,Q2,2280000.0,"H.R. 1047, H.R. 3616, H.R. 3617, H.R. 3657, H.R. 3898, H.R. 5600, H.R. 6336, H.R. 6529, H.R. 6633, H.R. 7257, H.R. 7329, H.R. 8033, H.R. 9332, H.R. 9335, H.R. 9339, H.R. 9340, S. 1327, S. 3034, S. 3585, S. 3814, S. 3947, S. 465",power-bills,https://lda.gov/filings/public/filing/719578e7-c5ab-4171-86b4-116e13cb907b/print/
"X CORP. (FORMERLY TWITTER, INC.)","X CORP. (FORMERLY TWITTER, INC.)",2026,Q2,190000.0,"H.R. 3209, H.R. 3562, H.R. 6875, H.R. 7757, S. 4407",bias; kids-chatbots; power-bills,https://lda.gov/filings/public/filing/24814934-da65-4573-8eec-b69f91ea43f7/print/
"META PLATFORMS, INC.","ELEVATE GOVERNMENT AFFAIRS, LLC",2026,Q2,50000.0,,ai-cyberattacks,https://lda.gov/filings/public/filing/dab81b4f-1328-4e91-b4ec-df62edc4739f/print/
MICROSOFT CORPORATION,"ELEVATE GOVERNMENT AFFAIRS, LLC",2026,Q2,60000.0,,deepfakes,https://lda.gov/filings/public/filing/392e24fa-3ebe-4a7d-94fb-951ea8a2fb17/print/
IHEARTMEDIA INC,"IHEARTMEDIA, INC.",2026,Q2,1037957.0,"H.R. 861, S. 326",,https://lda.gov/filings/public/filing/1d48fbed-8290-40c1-baf6-9127b9f99935/print/
"SAMSUNG ELECTRONICS AMERICA, INC.",ARNOLD & PORTER KAYE SCHOLER LLP,2026,Q2,80000.0,,ai-cyberattacks,https://lda.gov/filings/public/filing/fe0620f3-c32c-4839-a8ac-9ca1d51c176d/print/
PARAMOUNT SKYDANCE CORPORATION,PARAMOUNT SKYDANCE CORPORATION,2026,Q2,1520000.0,"H.R. 2794, S. 1367",kids-chatbots,https://lda.gov/filings/public/filing/6bf9067d-c841-44b3-a644-524a2c45bc55/print/
"T-MOBILE USA, INC.","T-MOBILE USA, INC.",2026,Q2,2610000.0,,ai-cyberattacks,https://lda.gov/filings/public/filing/c3a73ec1-2fe9-4a7f-aeb2-a4c4e42b8d29/print/
NVIDIA,THE VOGEL GROUP,2026,Q2,60000.0,,,https://lda.gov/filings/public/filing/aec4d962-2a56-4872-82ed-d36d6fd3302e/print/
EDGARAGENTS,THE VOGEL GROUP,2026,Q2,10000.0,,,https://lda.gov/filings/public/filing/6b341ff4-2814-4c3c-8ccf-d51096b39298/print/
AMERICAN PUBLIC POWER ASSOCIATION,AMERICAN PUBLIC POWER ASSOCIATION,2026,Q2,310000.0,"H.R. 3616, H.R. 6633, H.R. 7266, H.R. 7786, H.R. 8308, H.R. 9332, H.R. 9337, H.R. 9340, S. 3034, S. 3518, S. 4753",ai-cyberattacks; job-loss; power-bills,https://lda.gov/filings/public/filing/49ca5240-954a-41db-bae0-3fd4d8cb3c63/print/
ECOMMERCE INNOVATION ALLIANCE,CREST HILL ADVISORS LLC,2026,Q2,7500.0,,,https://lda.gov/filings/public/filing/f29bbb89-35c0-4daf-8846-4ff109c1f13b/print/
"LENDING TREE, INC.",CREST HILL ADVISORS LLC,2026,Q2,7500.0,,,https://lda.gov/filings/public/filing/6134d793-502a-40cc-bb74-598d654346a6/print/
ADOBE INC.,"FEDERAL STREET STRATEGIES, LLC",2026,Q2,50000.0,H.R. 9112,ai-cyberattacks; deepfakes,https://lda.gov/filings/public/filing/263e02db-23f5-4bdf-9f40-864b3db6d75c/print/
"AQUIA GROUP ON BEHALF OF ANTHROPIC, PBC",TOWER 19,2026,Q2,20000.0,,,https://lda.gov/filings/public/filing/398ea05d-8027-49d7-910d-a7d2ae768250/print/
DEERE & COMPANY,DEERE & COMPANY,2026,Q2,509000.0,"H.R. 6944, S. 3580",,https://lda.gov/filings/public/filing/6c14c836-b044-49ee-8c74-36ce7d5108eb/print/
SONY INTERACTIVE ENTERTAINMENT LLC,SONY INTERACTIVE ENTERTAINMENT LLC,2026,Q2,380000.0,"H.R. 2657, H.R. 3149, H.R. 6253, H.R. 6265, H.R. 6291, H.R. 6333, H.R. 7757",bias; kids-chatbots,https://lda.gov/filings/public/filing/9785b128-89ea-4681-a65b-ab2d6ca2a030/print/
PALISADE RESEARCH INC.,PALISADE RESEARCH INC.,2026,Q2,20000.0,,loss-of-control,https://lda.gov/filings/public/filing/b2d047e7-6104-4d2d-bd71-5608bbd89ced/print/
UNITED STATES TELECOM ASSOCIATION,KELSAY STRATEGIES LLC,2026,Q2,20000.0,,ai-cyberattacks,https://lda.gov/filings/public/filing/658fca4f-8a73-4875-8b39-c2e03bc6f6f5/print/
MICROSOFT CORPORATION,"HARBINGER STRATEGIES, LLC",2026,Q2,60000.0,"H.R. 8800, S. 4784",,https://lda.gov/filings/public/filing/174cd0fb-cca8-4d90-8a8d-bad5cf1cb46b/print/
"ID.ME, INC.","HARBINGER STRATEGIES, LLC",2026,Q2,60000.0,,ai-cyberattacks,https://lda.gov/filings/public/filing/4be1fcd1-07d3-493b-af9c-ded92f4b94b7/print/
LINKEDIN CORPORATION,"HARBINGER STRATEGIES, LLC",2026,Q2,50000.0,,,https://lda.gov/filings/public/filing/d6dea143-e58b-421e-b962-2c820cc0c9ca/print/
RECORDING INDUSTRY ASSOCIATION OF AMERICA,COLTON STREET GROUP,2026,Q2,50000.0,,,https://lda.gov/filings/public/filing/a16c566e-e3b1-43a8-826a-9e23276910c9/print/
COMMON SENSE MEDIA,COMMON SENSE MEDIA,2026,Q2,7000.0,,kids-chatbots,https://lda.gov/filings/public/filing/2c2bb510-07d5-4aa5-ae25-6151dd7117d7/print/
GOOGLE CLIENT SERVICES LLC,JEFFRIES STRATEGIES LLC,2026,Q2,45000.0,,,https://lda.gov/filings/public/filing/05bc3408-ac5c-416a-84a7-87d49fbb0545/print/
"META PLATFORMS, INC.",JEFFRIES STRATEGIES LLC,2026,Q2,45000.0,,ai-cyberattacks; deepfakes; kids-chatbots,https://lda.gov/filings/public/filing/ca138deb-17cf-4793-950a-080c7c50a118/print/
AMAZON.COM SERVICES LLC,JEFFRIES STRATEGIES LLC,2026,Q2,45000.0,,,https://lda.gov/filings/public/filing/271de625-95f0-4233-9658-b1cafa4e75a5/print/
"UBER TECHNOLOGIES, INC.",JEFFRIES STRATEGIES LLC,2026,Q2,45000.0,,,https://lda.gov/filings/public/filing/48c82004-4cda-42f1-a991-7814961bc4b4/print/
MEDTRONIC INC,"MEDTRONIC, INC.",2026,Q2,1180000.0,"H.R. 1539, H.R. 8800, S. 4519, S. 4784",,https://lda.gov/filings/public/filing/4d0a910e-1c66-49ea-85fa-664653e5347c/print/
SONY MUSIC ENTERTAINMENT (FORMERLY KNOWN AS SONY BMG MUSIC ENTERTAINMENT),SONY MUSIC ENTERTAINMENT (FORMERLY KNOWN AS SONY BMG MUSIC ENTERTAINMENT),2026,Q2,410000.0,"H.R. 2794, H.R. 861",,https://lda.gov/filings/public/filing/e594d48e-01ad-47fa-8ec2-f548535ac481/print/
COMMUNICATIONS WORKERS OF AMERICA,COMMUNICATIONS WORKERS OF AMERICA,2026,Q2,431000.0,"H.R. 4640, H.R. 6371",bias,https://lda.gov/filings/public/filing/cb392bbc-64e5-4583-8644-588597f196ba/print/
"ADVOCATE HEALTH (FKA ADVOCATE AURORA HEALTH, INC.)","ADVOCATE HEALTH (FKA ADVOCATE AURORA HEALTH, INC.)",2026,Q2,450000.0,,ai-cyberattacks; job-loss,https://lda.gov/filings/public/filing/c7935570-e9f7-4c61-aa84-f18d5c37c2c8/print/
CALPINE CORPORATION,RYAN COSTELLO STRATEGIES,2026,Q2,50000.0,,power-bills,https://lda.gov/filings/public/filing/5c56a561-b05e-4494-b3a9-16822ae70150/print/
WRITERS GUILD OF AMERICA WEST,CUNEO GILBERT FLANNERY & LADUCA (FORMERLY KNOWN AS CUNEO GILBERT & LADUCA),2026,Q2,45000.0,"H.R. 9112, S. 2455, S. 4591",,https://lda.gov/filings/public/filing/f3c0baef-205a-438a-867e-b76fcc22fb1c/print/
AMERICAN PROPERTY CASUALTY INSURANCE ASSOCIATION,AMERICAN PROPERTY CASUALTY INSURANCE ASSOCIATION FKA PROPERTY CASUALTY INSURERS ASSOC. OF AMERICA,2026,Q2,2140000.0,"H.R. 1164, H.R. 1593, H.R. 2822, H.R. 3161, H.R. 3437, H.R. 3973, H.R. 4365, H.R. 4416, H.R. 4494, H.R. 4801, H.R. 4861, H.R. 5484, H.R. 550, H.R. 5500, H.R. 5504, H.R. 5574, H.R. 5577, H.R. 5607, H.R. 5608, H.R. 5633, H.R. 5961, H.R. 6025, H.R. 6256, H.R. 643, H.R. 6934, H.R. 7130, H.R. 7567, H.R. 8218, H.R. 8800, H.R. 9056, S. 1544, S. 2052, S. 2053, S. 2054, S. 2266, S. 2313, S. 2528, S. 2538, S. 2931, S. 2946, S. 3843, S. 4215, S. 4395, S. 4502, S. 4651, S. 824, S.Res. 554",ai-cyberattacks,https://lda.gov/filings/public/filing/36a1e3a6-08a6-4bb2-a388-7f5f6a8bcbe7/print/
ELECTRICITY CUSTOMER ALLIANCE,CO2EFFICIENT LLC,2026,Q2,30000.0,"H.R. 6529, H.R. 6633, H.R. 9332, H.R. 9335, H.R. 9339, H.R. 9340",power-bills,https://lda.gov/filings/public/filing/3e76065b-a9b1-4f6b-b26f-6fb9bc639576/print/
PANASONIC CORPORATION OF NORTH AMERICA,"WHITMER & WORRALL, LLC",2026,Q2,10000.0,,,https://lda.gov/filings/public/filing/4241716f-73a0-480e-93bc-58b986c1fb2d/print/
FIBER BROADBAND ASSOCIATION,FIBER BROADBAND ASSOCIATION,2026,Q2,143000.0,,job-loss; power-bills,https://lda.gov/filings/public/filing/f5f34e3b-4dbe-4e12-b0cd-cecb22ae2a54/print/
"PAYSAFE PAYMENT PROCESSING SOLUTIONS, LLC","WHITMER & WORRALL, LLC",2026,Q2,40000.0,"H.R. 3633, S. 394",,https://lda.gov/filings/public/filing/f81b5bd1-cda7-4af1-a8cf-126f6a19920e/print/
COMMON CAUSE,COMMON CAUSE,2026,Q2,30000.0,"H.J.Res. 54, H.R. 1074, H.R. 1118, H.R. 126, H.R. 1399, H.R. 14, H.R. 1467, H.R. 154, H.R. 155, H.R. 156, H.R. 158, H.R. 160, H.R. 1712, H.R. 1883, H.R. 1887, H.R. 1908, H.R. 2180, H.R. 2181, H.R. 22, H.R. 2352, H.R. 2356, H.R. 2361, H.R. 2476, H.R. 2498, H.R. 2499, H.R. 253, H.R. 2561, H.R. 2562, H.R. 2593, H.R. 2624, H.R. 2675, H.R. 2694, H.R. 2737, H.R. 2795, H.R. 2797, H.R. 2803, H.R. 2816, H.R. 2847, H.R. 2853, H.R. 2857, H.R. 2968, H.R. 3040, H.R. 3182, H.R. 3229, H.R. 3311, H.R. 3388, H.R. 3454, H.R. 3513, H.R. 3535, H.R. 3544, H.R. 3554, H.R. 3573, H.R. 358, H.R. 3633, H.R. 3635, H.R. 3680, H.R. 3776, H.R. 3779, H.R. 3877, H.R. 396, H.R. 4036, H.R. 415, H.R. 4213, H.R. 4908, H.R. 4909, H.R. 4910, H.R. 4911, H.R. 4912, H.R. 4913, H.R. 4914, H.R. 4915, H.R. 4916, H.R. 4917, H.R. 5016, H.R. 5048, H.R. 51, H.R. 5106, H.R. 529, H.R. 535, H.R. 55, H.R. 58, H.R. 6085, H.R. 6356, H.R. 6731, H.R. 7008, H.R. 7147, H.R. 723, H.R. 7296, H.R. 738, H.R. 7744, H.R. 8065, H.R. 882, H.R. 884, S. 3191, S. 4822, S. 5315, S.J.Res. 104, S.J.Res. 43, S.J.Res. 90",china-race; job-loss,https://lda.gov/filings/public/filing/75b37d2e-81c1-45e5-9037-da46aa92209e/print/
AMERICAN ACADEMY OF PEDIATRICS,AMERICAN ACADEMY OF PEDIATRICS,2026,Q2,789257.0,"H.R. 1, H.R. 1433, H.R. 2540, H.R. 2560, H.R. 2590, H.R. 2598, H.R. 3277, H.R. 3409, H.R. 3701, H.R. 4425, H.R. 4641, H.R. 4709, H.R. 5166, H.R. 6291, H.R. 6347, H.R. 6484, H.R. 6561, H.R. 7757, H.R. 7961, S. 1234, S. 1261, S. 139, S. 1677, S. 1748, S. 2287, S. 4389, S. 455, S. 760, S. 830, S. 836",job-loss; kids-chatbots,https://lda.gov/filings/public/filing/f9a97611-7631-4080-ab57-00437d48ce72/print/
ELON UNIVERSITY,"MCALLISTER & QUINN, LLC",2026,Q2,40000.0,,,https://lda.gov/filings/public/filing/26ecffae-1f00-4baf-ba61-fd94261bd79a/print/
INDIAN WELLS VALLEY GROUNDWATER AUTHORITY,"CAPITOL CORE GROUP, INC.",2026,Q2,15244.0,,power-bills,https://lda.gov/filings/public/filing/15da2663-6e94-4579-831b-3f36a10778cf/print/
NATIONAL FRATERNAL ORDER OF POLICE,NATIONAL FRATERNAL ORDER OF POLICE,2026,Q2,100000.0,"H.R. 1046, H.R. 1236, H.R. 1260, H.R. 1266, H.R. 1269, H.R. 1443, H.R. 1505, H.R. 1551, H.R. 1556, H.R. 1726, H.R. 1773, H.R. 2094, H.R. 2096, H.R. 2189, H.R. 2194, H.R. 2240, H.R. 2305, H.R. 2502, H.R. 2654, H.R. 2711, H.R. 2735, H.R. 2752, H.R. 2964, H.R. 3267, H.R. 3366, H.R. 3372, H.R. 3398, H.R. 3598, H.R. 3633, H.R. 378, H.R. 3832, H.R. 4024, H.R. 4334, H.R. 4607, H.R. 503, H.R. 5107, H.R. 5282, H.R. 5391, H.R. 5403, H.R. 5594, H.R. 5744, H.R. 6042, H.R. 6120, H.R. 621, H.R. 633, H.R. 6602, H.R. 6605, H.R. 6683, H.R. 6911, H.R. 7033, H.R. 7114, H.R. 7184, H.R. 7718, H.R. 7834, H.R. 7876, H.R. 8746, H.R. 8750, H.R. 911, H.R. 9503, H.R. 993, S. 1077, S. 122, S. 1247, S. 1283, S. 1295, S. 1300, S. 1316, S. 1333, S. 1401, S. 1409, S. 146, S. 1572, S. 1595, S. 167, S. 180, S. 2, S. 2200, S. 237, S. 2400, S. 3023, S. 3189, S. 3366, S. 3453, S. 3626, S. 3801, S. 3897, S. 4260, S. 4446, S. 4500, S. 516, S. 666, S. 678, S. 679, S. 767, S. 83, S. 911, S. 978",deepfakes; kids-chatbots,https://lda.gov/filings/public/filing/c00aab0a-ac9d-43b7-95de-1682a0e012f5/print/
AMERICAN LIBRARY ASSOCIATION,AMERICAN LIBRARY ASSOCIATION,2026,Q2,71297.0,"H.R. 4072, H.R. 6028",,https://lda.gov/filings/public/filing/144f887b-0720-4c07-9793-01c4a71d99c5/print/
ADVOCATES FOR COMMUNITY HEALTH,ADVOCATES FOR COMMUNITY HEALTH,2026,Q2,85000.0,"H.R. 1, H.R. 3885, H.R. 4581, H.R. 7391, H.R. 7961, H.R. 8629, H.R. 935",job-loss,https://lda.gov/filings/public/filing/88b58ca0-7ec5-45fc-80c8-a657f19d809f/print/
SABRE GLBL INC,SABRE GLBL INC.,2026,Q2,60000.0,,,https://lda.gov/filings/public/filing/d756ff48-dc15-4cab-8613-ef53fcc78bb8/print/
TWILIO,HANBURY STRATEGY,2026,Q2,60000.0,"H.R. 1027, H.R. 4954, H.R. 5900, H.R. 6032, H.R. 6425, S. 2495, S. 3062, S. 3354, S. 3355",,https://lda.gov/filings/public/filing/e3ba8c73-04e9-44d4-9fcd-9b933ac462e9/print/
AMERICAN FEDERATION OF MUSICIANS,AMERICAN FEDERATION OF MUSICIANS,2026,Q2,40000.0,,,https://lda.gov/filings/public/filing/338e9c3f-fd4f-4580-b638-37039c180448/print/
COMPTEL DBA INCOMPAS,COMPTEL DBA INCOMPAS,2026,Q2,50000.0,"H.R. 3668, H.R. 3898",china-race,https://lda.gov/filings/public/filing/6d318515-387b-4a3b-ae3f-da6847bad04d/print/
AXEL SPRINGER,AXEL SPRINGER,2026,Q2,110000.0,,,https://lda.gov/filings/public/filing/1bdf8a89-4fb7-4e0c-980e-e5c6485a214a/print/
LEADERSHIP CONFERENCE ON CIVIL AND HUMAN RIGHTS,LEADERSHIP CONFERENCE ON CIVIL AND HUMAN RIGHTS,2026,Q2,220000.0,"H.R. 7158, H.R. 7826, H.R. 7943, H.R. 8431",bias,https://lda.gov/filings/public/filing/1ddfdcc1-bfaa-4df4-800d-3ee04e0f6e45/print/
NSCALE LIMITED,FGS GLOBAL (US) LLC (FKA FGH HOLDINGS LLC),2026,Q2,80000.0,,power-bills,https://lda.gov/filings/public/filing/3225b16b-7afb-42c9-a8c2-e76cc4a9927f/print/
DIGITAL CONTENT NEXT,DIGITAL CONTENT NEXT,2026,Q2,80000.0,,,https://lda.gov/filings/public/filing/1b43b86a-7867-45cc-83a7-62f9733586a3/print/
BOSSIER PARISH POLICE JURY,GOVERNMENT SOLUTIONS LLC,2026,Q2,30000.0,,ai-cyberattacks,https://lda.gov/filings/public/filing/585f560e-3d2e-47a0-8aca-316c342d4f72/print/
AT&T SERVICES INC AND ITS AFFILIATES,"MERCURY STRATEGIES, LLC",2026,Q2,50000.0,"H.R. 1343, H.R. 1519, H.R. 1541, H.R. 1681, H.R. 1870, H.R. 1975, H.R. 2171, H.R. 2289, H.R. 2298, H.R. 2350, H.R. 2449, H.R. 2482, H.R. 2750, H.R. 2805, H.R. 2817, H.R. 2850, H.R. 2975, H.R. 3125, H.R. 3479, H.R. 3825, H.R. 3921, H.R. 4032, H.R. 4518, H.R. 4950, H.R. 5079, H.R. 5200, H.R. 5266, H.R. 6046, H.R. 6505, H.R. 7022, H.R. 7386, H.R. 7422, H.R. 7757, H.R. 7833, H.R. 8320, H.R. 8413, S. 1269, S. 3199, S. 3639, S. 4062, S. 4448, S. 4691",ai-cyberattacks; china-race; deepfakes; kids-chatbots,https://lda.gov/filings/public/filing/699b5287-d389-461e-9509-f33de6745013/print/
VERIZON COMMUNICATIONS INC AND ITS SUBSIDIARIES,"MERCURY STRATEGIES, LLC",2026,Q2,20000.0,"H.R. 1343, H.R. 1519, H.R. 1665, H.R. 1681, H.R. 1870, H.R. 2399, H.R. 2449, H.R. 2482, H.R. 278, H.R. 2794, H.R. 2975, H.R. 3149, H.R. 3562, H.R. 3838, H.R. 46, H.R. 5061, H.R. 5079, H.R. 6046, H.R. 6333, H.R. 651, H.R. 7022, H.R. 7294, H.R. 7386, H.R. 7757, H.R. 791, H.R. 8255, H.R. 8327, H.R. 8413, H.R. 8516, H.R. 8800, H.R. 9151, S. 1586, S. 1634, S. 1748, S. 1829, S. 1837, S. 1875, S. 3062, S. 3268, S. 3639, S. 3663, S. 3813, S. 4322, S. 4407, S. 4784, S. 792, S. 836, S. 98",ai-cyberattacks; china-race; kids-chatbots; power-bills,https://lda.gov/filings/public/filing/d9a76260-5295-4395-8e41-908a36fb10b7/print/
CTIA: THE WIRELESS ASSOCIATION,"MERCURY STRATEGIES, LLC",2026,Q2,50000.0,"H.R. 2289, H.R. 3149, H.R. 6291, H.R. 7022, H.R. 7757, H.R. 8413, S. 1748, S. 3062, S. 3199, S. 3495, S. 3639, S. 4322, S. 4407",ai-cyberattacks; kids-chatbots,https://lda.gov/filings/public/filing/5dc56dec-ad0e-4325-88a5-3ed6ae20b00e/print/
"LUMEN TECHNOLOGIES, INC. (FORMERLY CENTURYLINK, INC.)","MERCURY STRATEGIES, LLC",2026,Q2,50000.0,H.R. 2784,ai-cyberattacks; power-bills,https://lda.gov/filings/public/filing/7eb08ce5-7a74-40e8-af6b-d91eab4596e8/print/
CONCURRENT TECHNOLOGIES CORPORATION,BRODY GROUP L.L.C. PUBLIC AFFAIRS,2026,Q2,30000.0,,job-loss,https://lda.gov/filings/public/filing/a2314744-addb-4554-9e34-ca84c6ca0228/print/
HARTWELL CAPITOL CONSULTING *ON BEHALF OF DRAI HEALTH),"CAPITOL ADVOCACY & GOVERNMENT AFFAIRS, LLC",2026,Q2,10000.0,,,https://lda.gov/filings/public/filing/eb97ba0e-524e-4622-9d4e-177f61c126d4/print/
AMERICAN INNOVATORS NETWORK,S-3 GROUP,2026,Q2,50000.0,,,https://lda.gov/filings/public/filing/98a880b5-49c3-4783-81af-d9fa6d656c4c/print/
AMERICANS FOR RESPONSIBLE INNOVATION (ARI),NEIL HILL GLOBAL STRATEGIES LLC,2026,Q2,40000.0,,,https://lda.gov/filings/public/filing/dc87d458-9c37-4c88-8e67-032779168660/print/
TEXAS CHRISTIAN UNIVERSITY,"CORLEY CONSULTING, LLC",2026,Q2,30000.0,,,https://lda.gov/filings/public/filing/374dd3c9-cd38-4248-88b0-de4463b0664d/print/
AI SUPPLY CHAIN ALLIANCE (INFORMAL COALITION),CO2EFFICIENT LLC,2026,Q2,30000.0,"H.R. 6529, H.R. 6633, H.R. 9332, H.R. 9335, H.R. 9339, H.R. 9340",power-bills,https://lda.gov/filings/public/filing/4855a07d-5908-4263-9bdf-75204b4efd76/print/
PATH ROBOTICS,DLA PIPER LLP (US),2026,Q2,30000.0,,,https://lda.gov/filings/public/filing/91ae7293-033d-41e9-915a-584351317e3d/print/
HIDDENLAYER,"VENTURE GOVERNMENT STRATEGIES, LLC (FKA HOBART HALLAWAY & QUAYLE VENTURES, LLC)",2026,Q1,10000.0,"H.R. 4016, H.R. 4213, S. 2572",ai-cyberattacks,https://lda.gov/filings/public/filing/63124ef4-87c8-4aee-98fb-ba30990a1f08/print/
FUTURE OF LIFE INSTITUTE,DENTONS US LLP,2026,Q1,90000.0,,,https://lda.gov/filings/public/filing/e87a138c-4bc2-4e39-a057-e933633d920a/print/
YAHOO INC. AND VAR. SUBS/AFFILIATES,YAHOO INC. AND VAR. SUBS/AFFILIATES,2026,Q1,180000.0,,kids-chatbots,https://lda.gov/filings/public/filing/11efcbdf-14d1-4147-9cdf-2e4b8035be44/print/
VERILY LIFE SCIENCES LLC,MCDERMOTT+,2026,Q1,10000.0,,,https://lda.gov/filings/public/filing/32838a64-46ca-4776-9bbc-b95aa4889be2/print/
LEXSET,INTERSECTION,2026,Q1,20000.0,,,https://lda.gov/filings/public/filing/c7a1abc0-2e67-4dce-9ffb-6307c2a731eb/print/
"LUMEN TECHNOLOGIES, INC.","LUMEN TECHNOLOGIES, INC.",2026,Q1,740000.0,H.R. 2784,ai-cyberattacks; power-bills,https://lda.gov/filings/public/filing/94a6087e-8cb9-490f-8199-34d5cd767386/print/
COPYRIGHT ALLIANCE,COPYRIGHT ALLIANCE,2026,Q1,30000.0,,,https://lda.gov/filings/public/filing/8d699422-841d-4c7d-873e-15eac5503eee/print/
HEALTHCARE LEADERSHIP COUNCIL,HEALTHCARE LEADERSHIP COUNCIL,2026,Q1,200000.0,"H.R. 3164, H.R. 4093, H.R. 4464, H.R. 4731, H.R. 5145, H.R. 5283, H.R. 6010, H.R. 6130, S. 1105, S. 2426, S. 2439, S. 2759, S. 2824, S. 3204, S. 3267, S. 3385, S. 3848",job-loss,https://lda.gov/filings/public/filing/a7c4f251-0abc-4a02-a329-318718705421/print/
COMMON CAUSE,COMMON CAUSE,2026,Q1,30000.0,"H.J.Res. 54, H.R. 1074, H.R. 1118, H.R. 126, H.R. 1399, H.R. 14, H.R. 1467, H.R. 154, H.R. 155, H.R. 156, H.R. 158, H.R. 160, H.R. 1712, H.R. 1883, H.R. 1887, H.R. 1908, H.R. 2180, H.R. 2181, H.R. 22, H.R. 2352, H.R. 2356, H.R. 2361, H.R. 2476, H.R. 2498, H.R. 2499, H.R. 253, H.R. 2561, H.R. 2562, H.R. 2593, H.R. 2624, H.R. 2675, H.R. 2694, H.R. 2737, H.R. 2795, H.R. 2797, H.R. 2803, H.R. 2816, H.R. 2847, H.R. 2857, H.R. 2968, H.R. 3040, H.R. 3182, H.R. 3229, H.R. 3311, H.R. 3388, H.R. 3454, H.R. 3513, H.R. 3535, H.R. 3544, H.R. 3554, H.R. 3573, H.R. 358, H.R. 3635, H.R. 3680, H.R. 3776, H.R. 3779, H.R. 3877, H.R. 396, H.R. 4036, H.R. 415, H.R. 4213, H.R. 4908, H.R. 4909, H.R. 4910, H.R. 4911, H.R. 4912, H.R. 4913, H.R. 4914, H.R. 4915, H.R. 4916, H.R. 4917, H.R. 5048, H.R. 51, H.R. 5106, H.R. 529, H.R. 535, H.R. 55, H.R. 58, H.R. 6085, H.R. 6356, H.R. 7147, H.R. 723, H.R. 7296, H.R. 738, H.R. 7744, H.R. 882, H.R. 884, S. 3191, S. 4822, S. 5315, S.J.Res. 104, S.J.Res. 43, S.J.Res. 90",china-race; job-loss,https://lda.gov/filings/public/filing/3c476b38-ce02-41d7-ac1b-0883140ce753/print/
BIG CITIES HEALTH COALITION,VENABLE LLP,2026,Q1,40000.0,,job-loss; kids-chatbots,https://lda.gov/filings/public/filing/a2b943de-d44c-4054-8eef-7b6187cf5962/print/
LAWYERS' COMMITTEE FOR CIVIL RIGHTS UNDER LAW,LAWYERS' COMMITTEE FOR CIVIL RIGHTS UNDER LAW,2026,Q1,50000.0,,bias; deepfakes; job-loss; kids-chatbots,https://lda.gov/filings/public/filing/4ec2723f-0400-43d1-a3dd-7e98fd0fc833/print/
"ABRIDGE AI, INC.",HOLLAND & KNIGHT LLP,2026,Q1,60000.0,,,https://lda.gov/filings/public/filing/30265ed7-f57b-4abf-b04c-ac246453cddf/print/
CENTER FOR HUMANE TECHNOLOGY,HOLLAND & KNIGHT LLP,2026,Q1,80000.0,,,https://lda.gov/filings/public/filing/cb3fbf61-6f83-4a95-b6ac-4e181bdbecf9/print/
PROFESSIONAL PHOTOGRAPHERS OF AMERICA,"R2P STRATEGIES, LLC",2026,Q1,60000.0,,,https://lda.gov/filings/public/filing/520e3764-9df2-49ac-af88-513ba570b4d0/print/
AMERICAN STAFFING ASSOCIATION,SQUIRE PATTON BOGGS,2026,Q1,30000.0,,job-loss,https://lda.gov/filings/public/filing/d037ac08-7df0-4a4e-8404-96522c901310/print/
BROADCOM INC.,"CASSIDY & ASSOCIATES, INC.",2026,Q1,50000.0,,ai-cyberattacks,https://lda.gov/filings/public/filing/522a21ec-70dd-45ca-b75b-2d0d6070eed7/print/
"ATHENAHEALTH, INC.","ATHENAHEALTH, INC.",2026,Q1,50000.0,"H.R. 2263, H.R. 6160",,https://lda.gov/filings/public/filing/4674e78d-b955-467e-9dbd-ab180999f25c/print/
"GOOGLE CLIENT SERVICES, LLC",RYAN COSTELLO STRATEGIES,2026,Q1,50000.0,,ai-cyberattacks,https://lda.gov/filings/public/filing/6af6dcc6-6131-4a34-9415-3433ee4daf4f/print/
URAC,URAC,2026,Q1,90000.0,H.R. 6974,,https://lda.gov/filings/public/filing/ccbeddfc-2404-43d5-975b-a44b9386473e/print/
"AMERICAN SOCIETY OF COMPOSERS, AUTHORS, AND PUBLISHERS (ASCAP)",CAPITOL DOME ADVOCACY,2026,Q1,50000.0,,,https://lda.gov/filings/public/filing/dcee2e39-2953-425a-b8ee-cc85435bfce6/print/
DRAI HEALTH,HARTWELL CAPITOL CONSULTING,2026,Q1,50000.0,,,https://lda.gov/filings/public/filing/feb3d45a-11bd-44f7-9377-f1efadf3d3a5/print/
ACG ADVOCACY OBO THE AMERICAN SOCIETY FOR COLLECTIVE RIGHTS LICENSING,MARLA GROSSMAN LLC,2026,Q1,20000.0,,,https://lda.gov/filings/public/filing/70cd97de-4bac-43c9-b69b-14cc293eb86f/print/
ENCODE AI CORPORATION,HILLNORTH LLC,2026,Q1,25000.0,,,https://lda.gov/filings/public/filing/e4d546f3-3688-474a-9762-e7c8659edec1/print/
ADVOCATE HEALTH,VENABLE LLP,2026,Q1,50000.0,,ai-cyberattacks; job-loss,https://lda.gov/filings/public/filing/6d051cc8-e20c-4b2a-a0c4-a292f4a67a51/print/
SUTTER HEALTH,VENABLE LLP,2026,Q1,80000.0,"H.R. 3164, H.R. 4206, H.R. 4581, H.R. 5269, H.R. 929, S. 1261, S. 2372, S. 2426, S. 266, S. 2761, S. 335",job-loss,https://lda.gov/filings/public/filing/aad50bb3-9805-45b4-8a09-5dd733854e92/print/
BITDEER TECHNOLOGIES GROUP,"TOWER STRATEGY, LLC",2026,Q1,75000.0,,power-bills,https://lda.gov/filings/public/filing/11f1cdd4-2196-45d2-8255-cb7d781385ce/print/
TIBER CREEK GROUP OBO SIEMENS HEALTHINEERS,"B HALL STRATEGIES, LLC",2026,Q1,30000.0,,,https://lda.gov/filings/public/filing/f1ef2578-5b6b-4b97-a2bd-9239fad96f17/print/
ADVAMED IMAGING,"KOUNTOUPES DENHAM CARR & REID, LLC",2026,Q1,80000.0,,ai-cyberattacks,https://lda.gov/filings/public/filing/62ef0a74-7c36-4986-b37b-b3ee5df5d3dc/print/
"ADVANCED MICRO DEVICES, INC.","CORNERSTONE GOVERNMENT AFFAIRS, INC.",2026,Q1,80000.0,,,https://lda.gov/filings/public/filing/1bfb7eaa-d618-41bb-982f-a1ad6beb23ce/print/
RADNET,POTOMAC STRATEGIC CONSULTING LLC,2026,Q1,10000.0,,,https://lda.gov/filings/public/filing/0fb3d26f-951a-4d3a-9175-33c25537fec8/print/
MOZILLA CORPORATION,"KOUNTOUPES DENHAM CARR & REID, LLC",2026,Q1,30000.0,,,https://lda.gov/filings/public/filing/f6995e34-4a54-43fd-9a35-a23e9859d4fb/print/
NATIONAL ASSOCIATION OF VOICE ACTORS,ACG ADVOCACY,2026,Q1,10000.0,,,https://lda.gov/filings/public/filing/2090aa15-c1ab-467e-b2f0-c14e67fc65d0/print/
ZUFFA AND AFFILIATES FKA WME GROUP,ACG ADVOCACY,2026,Q1,20000.0,,,https://lda.gov/filings/public/filing/4efb8dff-b79f-425e-bb2e-62423d7029aa/print/
"JRC INTEGRATED SYSTEMS, INC.",HOLLAND & KNIGHT LLP,2026,Q1,60000.0,,,https://lda.gov/filings/public/filing/b7cd31b4-c9d2-4e54-a33b-a7a17a5f754c/print/
"VIRTUALITICS, INC.",SKYLINE CAPITOL LLC,2026,Q1,15000.0,,,https://lda.gov/filings/public/filing/76652cb6-3e8b-4a36-8103-4220c9659e8b/print/
"WIKIMEDIA FOUNDATION, INC.",HOLLAND & KNIGHT LLP,2026,Q1,150000.0,,,https://lda.gov/filings/public/filing/9ff377c8-05d7-4dee-a615-bd03c5da3660/print/
SERGEANTS BENEVOLENT ASSOCIATION OF NEW YORK CITY,"LONGBOW PUBLIC POLICY GROUP, LLC",2026,Q1,40000.0,"H.R. 1266, H.R. 1410, H.R. 1551, H.R. 2243, H.R. 2654, H.R. 3497, H.R. 378, H.R. 4310, H.R. 5282, H.R. 621, H.R. 6664, H.R. 7114, H.R. 7148, H.R. 7718, S. 1071, S. 167, S. 180, S. 3366, S. 3897, S. 419, S. 545, S. 666",job-loss,https://lda.gov/filings/public/filing/f951f9ff-0ec0-4ada-801f-340fd5d3b2dd/print/
"SIFF & ASSOCIATES, PLLC (OBO THE MECHANICAL CONTRACTORS ASSOCIATION OF AMERICA)","LONGBOW PUBLIC POLICY GROUP, LLC",2026,Q1,40000.0,"H.R. 1285, H.R. 3548, H.R. 4615, H.R. 4776, H.R. 5100, S. 3971, S. 4214, S. 570",job-loss; loss-of-control; power-bills,https://lda.gov/filings/public/filing/3c65affe-253c-4cfe-9276-fec85ad2cd42/print/
VANNEVAR LABS,VANNEVAR LABS,2026,Q1,350000.0,,,https://lda.gov/filings/public/filing/92b93ea3-5edf-4798-ba68-5cf0eea439e5/print/
COMPETITIVE CARRIERS ASSOCIATION,COMPETITIVE CARRIERS ASSOCIATION,2026,Q1,150000.0,"H.J.Res. 33, H.R. 1, H.R. 1027, H.R. 1343, H.R. 1455, H.R. 1519, H.R. 1541, H.R. 1579, H.R. 1588, H.R. 1617, H.R. 1618, H.R. 1655, H.R. 1665, H.R. 1681, H.R. 1709, H.R. 1717, H.R. 1731, H.R. 1737, H.R. 1765, H.R. 1766, H.R. 1836, H.R. 1838, H.R. 1870, H.R. 1975, H.R. 1985, H.R. 2037, H.R. 2061, H.R. 2076, H.R. 2171, H.R. 2289, H.R. 2298, H.R. 2350, H.R. 2399, H.R. 2403, H.R. 2444, H.R. 2449, H.R. 2458, H.R. 2474, H.R. 2482, H.R. 278, H.R. 2784, H.R. 2817, H.R. 2975, H.R. 3119, H.R. 3125, H.R. 3212, H.R. 3280, H.R. 339, H.R. 3479, H.R. 3577, H.R. 3825, H.R. 3838, H.R. 3960, H.R. 4, H.R. 4032, H.R. 4211, H.R. 4240, H.R. 4503, H.R. 4506, H.R. 4776, H.R. 4950, H.R. 5037, H.R. 5079, H.R. 5147, H.R. 5154, H.R. 5166, H.R. 5200, H.R. 5201, H.R. 5264, H.R. 5266, H.R. 5273, H.R. 5318, H.R. 5358, H.R. 5419, H.R. 5460, H.R. 5550, H.R. 573, H.R. 5967, H.R. 6046, H.R. 6067, H.R. 6070, H.R. 6143, H.R. 6152, H.R. 6163, H.R. 6291, H.R. 6449, H.R. 6484, H.R. 6503, H.R. 6505, H.R. 651, H.R. 6621, H.R. 6746, H.R. 6920, H.R. 7006, H.R. 7022, H.R. 7031, H.R. 7045, H.R. 7294, H.R. 7386, H.R. 7963, H.R. 8031, H.R. 8144, H.R. 8145, H.R. 859, H.R. 866, H.R. 906, S. 1003, S. 1025, S. 1071, S. 1137, S. 1616, S. 1617, S. 1618, S. 1651, S. 1748, S. 1962, S. 2049, S. 2296, S. 2354, S. 244, S. 2480, S. 257, S. 2585, S. 259, S. 2610, S. 2615, S. 2666, S. 28, S. 2805, S. 2869, S. 290, S. 2983, S. 3084, S. 3184, S. 3199, S. 3224, S. 323, S. 3259, S. 3268, S. 3290, S. 3354, S. 3370, S. 3404, S. 3546, S. 3565, S. 3614, S. 3633, S. 3639, S. 3800, S. 3954, S. 4062, S. 4211, S. 4216, S. 507, S. 713, S. 725, S. 792, S. 794, S. 836, S. 866, S. 98, S.J.Res. 7",ai-cyberattacks; job-loss; kids-chatbots,https://lda.gov/filings/public/filing/9a39b4a0-142e-46e3-9e3a-24bb8b9698d8/print/
TATA CONSULTANCY SERVICES,SQUIRE PATTON BOGGS,2026,Q1,80000.0,,,https://lda.gov/filings/public/filing/34180f1b-e01b-4854-bea6-58b817311968/print/
NASHVILLE SONGWRITERS ASSOCIATION INTERNATIONAL,NASHVILLE SONGWRITERS ASSOCIATION INTERNATIONAL,2026,Q1,10000.0,,,https://lda.gov/filings/public/filing/dac26209-2355-4b8b-8680-2fa3890c502d/print/
"DYNAMOFL, INC.",TIGER HILL PARTNERS LLC,2026,Q1,20000.0,,,https://lda.gov/filings/public/filing/b60a98a6-5550-4b37-b45a-e93a89c98000/print/
DELTA AIRLINES,"RESOLUTION PUBLIC AFFAIRS, LLC",2026,Q1,80000.0,,,https://lda.gov/filings/public/filing/564999b4-6dbc-4f1a-8c3d-9621e2f6f296/print/
"LANCIUM, LLC",HOLLAND & KNIGHT LLP,2026,Q1,50000.0,,power-bills,https://lda.gov/filings/public/filing/295d9591-059c-40f3-aa28-72f6dd47b232/print/
"HITACHI, LTD","HITACHI, LTD",2026,Q1,40000.0,,ai-cyberattacks; job-loss,https://lda.gov/filings/public/filing/aa44fa9c-5b4d-4666-a527-b290ee8f59b6/print/
UNITED STATES TELECOM ASSOCIATION,KELSAY STRATEGIES LLC,2026,Q1,20000.0,,ai-cyberattacks,https://lda.gov/filings/public/filing/e3cbc06e-0fcd-4515-a709-0184fa42e055/print/
THE ALLIANCE FOR SECURE AI ACTION,SKYLINE CAPITOL LLC,2026,Q1,30000.0,"H.R. 3447, H.R. 3838, H.R. 5885, H.R. 6879, S. 2296, S. 3062, S. 3108, S. 3374",,https://lda.gov/filings/public/filing/7c2d3b55-65c6-458c-870b-36ec667bc7ce/print/
"THE ACADEMY ADVISORS, INC.","THE ACADEMY ADVISORS, INC.",2026,Q1,70000.0,,job-loss,https://lda.gov/filings/public/filing/2b21f0a0-3938-435e-ad8d-49d4fa3a5343/print/
ASSOC FOR DIAGNOSTICS & LAB MEDICINE (FKA AM ASSOC OF CLINICAL CHEMISTRY),POLSINELLI PC,2026,Q1,30000.0,,job-loss,https://lda.gov/filings/public/filing/52b6ecfe-9203-412b-933c-620cbdbc2b7a/print/
PANORAMA EDUCATION,BOSE PUBLIC AFFAIRS GROUP,2026,Q1,5000.0,,,https://lda.gov/filings/public/filing/1906a9e5-db9d-4508-b722-e3b2ad30aca0/print/
AI HEALTHCARE COALITION,HOGAN LOVELLS CADWALADER US LLP (FKA HOGAN LOVELLS US LLP),2026,Q1,70000.0,,,https://lda.gov/filings/public/filing/1faa9b20-1bb8-4116-8205-2f8378f11d66/print/
THRIVENT FINANCIAL FOR LUTHERANS,THRIVENT FINANCIAL FOR LUTHERANS,2026,Q1,110000.0,,,https://lda.gov/filings/public/filing/cf21f8c8-4e70-47d1-8251-8c12551d1a70/print/
ASSOCIATION FOR MOLECULAR PATHOLOGY,IPOLICY SOLUTIONS,2026,Q1,70500.0,"H.R. 5269, S. 2761",,https://lda.gov/filings/public/filing/7b3ac8bd-689f-4b43-b058-dcf2e1ed8003/print/
CHARACTER.AI,HOGAN LOVELLS CADWALADER US LLP (FKA HOGAN LOVELLS US LLP),2026,Q1,40000.0,,,https://lda.gov/filings/public/filing/5e482f9b-018d-4823-a4c8-9ca11c77bf4e/print/
ALTANA TECHNOLOGIES,ALTANA TECHNOLOGIES,2026,Q1,50000.0,,china-race,https://lda.gov/filings/public/filing/2d5a11ae-0c4c-43d2-9cde-5a48a0c4cedc/print/
REAL ESTATE ROUNDTABLE,REAL ESTATE ROUNDTABLE,2026,Q1,1011072.0,,power-bills,https://lda.gov/filings/public/filing/e7c1f8b4-4155-470d-af02-bfb288a58492/print/
GEN DIGITAL,"MEHLMAN CONSULTING, INC.",2026,Q1,30000.0,,ai-cyberattacks,https://lda.gov/filings/public/filing/2b3f4185-e3b6-4037-97d7-aa3c5603df3b/print/
ACADEMY OF TELEVISION ART & SCIENCES,VENABLE LLP,2026,Q1,10000.0,"H.R. 2794, S. 1367",deepfakes,https://lda.gov/filings/public/filing/a8d43972-f103-44fa-a130-9dcb883ab1af/print/
PARALYZED VETERANS OF AMERICA,PARALYZED VETERANS OF AMERICA,2026,Q1,108181.0,"H.R. 14, H.R. 5096, H.R. 6453, S. 2476, S. 2523, S. 3308, S. 4247",bias,https://lda.gov/filings/public/filing/734a1e67-53b4-4594-a2d6-73923a374958/print/
PAYSAFE PAYMENT PROCESSING SOLUTIONS LLC,PAYSAFE PAYMENT PROCESSING SOLUTIONS LLC,2026,Q1,20000.0,,,https://lda.gov/filings/public/filing/854c8e55-a987-4174-b50e-fde94d0e1618/print/
INVESTMENT ADVISER ASSOCIATION,INVESTMENT ADVISER ASSOCIATION,2026,Q1,80000.0,,,https://lda.gov/filings/public/filing/040c6b60-a714-49de-ad26-3050cd6c007d/print/
"CREDIT UNION NATIONAL ASSOCIATION, INC. DBA AMERICA'S CREDIT UNIONS",CREDIT UNION NATIONAL ASSOCIATION. INC. DBA AMERICA'S CREDIT UNIONS,2026,Q1,1130000.0,"H.R. 1606, H.R. 1652, H.R. 1653, H.R. 1777, H.R. 1791, H.R. 1799, H.R. 1919, H.R. 1944, H.R. 2064, H.R. 2094, H.R. 2152, H.R. 2183, H.R. 2331, H.R. 2513, H.R. 2702, H.R. 2808, H.R. 2987, H.R. 3074, H.R. 3230, H.R. 3379, H.R. 3380, H.R. 3445, H.R. 3633, H.R. 3709, H.R. 3838, H.R. 4167, H.R. 4437, H.R. 4460, H.R. 4544, H.R. 4568, H.R. 4735, H.R. 4801, H.R. 4936, H.R. 507, H.R. 5577, H.R. 654, H.R. 6544, H.R. 6644, H.R. 6955, H.R. 7035, H.R. 7056, H.R. 7484, H.R. 7866, H.R. 8075, H.R. 8088, H.R. 940, H.R. 975, H.R. 976, S. 110, S. 1124, S. 1467, S. 1561, S. 1880, S. 2019, S. 2113, S. 2419, S. 2486, S. 2545, S. 2651, S. 2704, S. 3017, S. 3575, S. 3623, S. 3660, S. 3734, S. 381, S. 3849, S. 3889, S. 3940, S. 522, S. 557, S. 875, S. 978",ai-cyberattacks; kids-chatbots; loss-of-control,https://lda.gov/filings/public/filing/93c9dba6-1595-4335-aecb-7d63567571c4/print/
BOYS & GIRLS CLUBS OF AMERICA,BOYS & GIRLS CLUBS OF AMERICA,2026,Q1,130000.0,H.R. 2910,job-loss; kids-chatbots,https://lda.gov/filings/public/filing/83386b9d-713c-4c29-96b2-902ae74369ce/print/
FEDERATION OF STATE MEDICAL BOARDS,FEDERATION OF STATE MEDICAL BOARDS,2026,Q1,110000.0,H.R. 2332,,https://lda.gov/filings/public/filing/d4985d31-22b5-4044-9ba7-f16f2178cb89/print/
"R4 TECHNOLOGIES, INC.","CORNERSTONE GOVERNMENT AFFAIRS, INC.",2026,Q1,20000.0,,,https://lda.gov/filings/public/filing/4546125e-8fe2-4d6a-b040-c7ff9f94845c/print/
"AMERICAN COLLEGE OF PHYSICIAN SERVICES, INC.","AMERICAN COLLEGE OF PHYSICIAN SERVICES, INC.",2026,Q1,125538.0,"H.R. 1585, H.R. 1899, H.R. 2028, H.R. 238, H.R. 4731, H.R. 6366, H.R. 7148, H.R. 7961, H.R. 8163, H.R. 950, S. 1261, S. 2439, S. 709, S.Res. 343",bioweapons; job-loss,https://lda.gov/filings/public/filing/22fe6ccc-5cd9-4e13-8026-5fb21276565c/print/
AMERICAN COLLEGE OF PHYSICIANS,AMERICAN COLLEGE OF PHYSICIANS,2026,Q1,85668.0,"H.R. 1585, H.R. 1899, H.R. 2028, H.R. 238, H.R. 4731, H.R. 6366, H.R. 7148, H.R. 7961, H.R. 8163, H.R. 950, S. 1261, S. 2439, S. 709, S.Res. 343",bioweapons; job-loss,https://lda.gov/filings/public/filing/d99ce340-6f20-4710-8ecc-fdd1165dfd9d/print/
"SCALE AI, INC.","CORNERSTONE GOVERNMENT AFFAIRS, INC.",2026,Q1,60000.0,,,https://lda.gov/filings/public/filing/d8ca4287-706a-4b7e-a4a5-a186780f4914/print/
ARM LIMITED,FGS GLOBAL (US) LLC (FKA FGH HOLDINGS LLC),2026,Q1,80000.0,,,https://lda.gov/filings/public/filing/2325d2cc-997b-4d69-8b7b-8c04650fc0b9/print/
CROWDSTRIKE INC.,FGS GLOBAL (US) LLC (FKA FGH HOLDINGS LLC),2026,Q1,110000.0,,ai-cyberattacks,https://lda.gov/filings/public/filing/35c7c320-c0aa-4830-9070-5ea943267d65/print/
"VANTAGE DATA CENTERS MANAGEMENT COMPANY, LLC","CORNERSTONE GOVERNMENT AFFAIRS, INC.",2026,Q1,50000.0,,china-race; power-bills,https://lda.gov/filings/public/filing/6b10e537-2f9f-4bbe-838d-2f82bed37057/print/
AMERICAN UROLOGICAL ASSOCIATION,AMERICAN UROLOGICAL ASSOCIATION,2026,Q1,130000.0,,job-loss,https://lda.gov/filings/public/filing/516860fe-3059-4a49-a19c-7699ab9f30fa/print/
"INTERACTIVE ADVERTISING BUREAU, INC.","INTERACTIVE ADVERTISING BUREAU, INC.",2026,Q1,170000.0,,,https://lda.gov/filings/public/filing/e900f675-54f3-4648-8b61-13ec54ca6212/print/
SWITCH,"CASSIDY & ASSOCIATES, INC.",2026,Q1,60000.0,,power-bills,https://lda.gov/filings/public/filing/c97d9bde-7bc3-4b79-819a-bfd8947a6371/print/
GODADDY INC.,GODADDY INC.,2026,Q1,10000.0,,,https://lda.gov/filings/public/filing/b74fc347-20fc-490a-86c6-7e9ada984432/print/
JOHNS HOPKINS UNIVERSITY,"CORNERSTONE GOVERNMENT AFFAIRS, INC.",2026,Q1,60000.0,"H.R. 1048, H.R. 1864, S. 1296, S. 854",loss-of-control,https://lda.gov/filings/public/filing/8b3d13c9-b4b1-46bc-8a08-706fee13eddb/print/
"SHIELD AI, INC.",LIZ WILLIAMS AND COMPANY,2026,Q1,20000.0,"H.R. 4016, H.R. 7148, S. 2572",,https://lda.gov/filings/public/filing/ac45a202-6ce5-47bf-8f30-067ad482fe31/print/
"TOAST, INC.","BROWNSTEIN HYATT FARBER SCHRECK, LLP",2026,Q1,80000.0,,,https://lda.gov/filings/public/filing/5fd6489f-12f5-4862-9625-969416a3fb05/print/
"MOTOROLA SOLUTIONS, INC.","FORZA DC, LLC",2026,Q1,50000.0,"H.R. 4016, H.R. 7148, S. 2572",,https://lda.gov/filings/public/filing/d27dd2a8-51c1-4114-83cc-b22663ccaff9/print/
"TD BANK, NA","TD BANK, NA",2026,Q1,630000.0,,ai-cyberattacks,https://lda.gov/filings/public/filing/71a0d8a8-5ad7-4f83-995b-7c265e7061ba/print/
STATE FARM MUTUAL AUTOMOBILE INSURANCE COMPANY,STATE FARM MUTUAL AUTOMOBILE INSURANCE COMPANY,2026,Q1,670000.0,"H.R. 3437, H.R. 643",,https://lda.gov/filings/public/filing/7290f9fc-1716-4f01-a16d-03a10628c609/print/
NATIONAL PROPANE GAS ASSOCIATION,NATIONAL PROPANE GAS ASSOCIATION,2026,Q1,150000.0,,power-bills,https://lda.gov/filings/public/filing/307abcd8-95b6-4f06-88d4-fb692528c509/print/
"QVC GROUP, INC.","QVC GROUP, INC.",2026,Q1,280000.0,,,https://lda.gov/filings/public/filing/21d5147e-1084-45f3-b2a6-46c03380b209/print/
MICROSOFT CORPORATION,"FIFESTRATEGIES, LLC",2026,Q1,30000.0,"H.R. 4016, H.R. 7148",ai-cyberattacks,https://lda.gov/filings/public/filing/cdb416d5-ab86-480f-9694-7fc1d350878d/print/
MIG CIG LPE 01 JV LLC,BELLWETHER GOVERNMENT AFFAIRS LLC,2026,Q1,10000.0,,power-bills,https://lda.gov/filings/public/filing/f9578f4b-f57e-452c-b9db-94c50d281536/print/
"MIG LANCASTER HOLDINGS, LLC",BELLWETHER GOVERNMENT AFFAIRS LLC,2026,Q1,10000.0,,power-bills,https://lda.gov/filings/public/filing/371cc726-aa9b-43d9-81f3-af9fae0d8c36/print/
ASSOCIATION FOR DIAGNOSTICS & LABORATORY MEDICINE (FORMERLY AACC),ASSOCIATION FOR DIAGNOSTICS & LABORATORY MEDICINE (FORMERLY AACC),2026,Q1,120000.0,"H.R. 5269, S. 2761",job-loss,https://lda.gov/filings/public/filing/99a5fb19-f938-477d-9f7d-a4f0b5b5e0c3/print/
SEAGATE TECHNOLOGY LLC,"BROWNSTEIN HYATT FARBER SCHRECK, LLP",2026,Q1,80000.0,,china-race,https://lda.gov/filings/public/filing/232182d4-3567-4478-8456-6ff8aa4c9a79/print/
MEDICAL DEVICE MANUFACTURERS ASSOCIATION,MEDICAL DEVICE MANUFACTURERS ASSOCIATION,2026,Q1,300000.0,"H.R. 3723, H.R. 5343, H.R. 5662, S. 1717",ai-cyberattacks,https://lda.gov/filings/public/filing/ab20a3fe-d8ed-4dc6-bfc8-31a75584205e/print/
PINTEREST INC.,"KOUNTOUPES DENHAM CARR & REID, LLC",2026,Q1,70000.0,,,https://lda.gov/filings/public/filing/7c14ff71-c142-40d4-8cfc-6e3e14e84d89/print/
BURNS & MCDONNELL ENGINEERING COMPANY INC,VENN STRATEGIES,2026,Q1,120000.0,,power-bills,https://lda.gov/filings/public/filing/0387a49d-c449-4e8a-92c6-f131b607e3b1/print/
IAC,SQUIRE PATTON BOGGS,2026,Q1,90000.0,,,https://lda.gov/filings/public/filing/a67b7368-ce3e-40cd-9dc6-251710e1283e/print/
THRIVENT FINANCIAL FOR LUTHERANS,VENN STRATEGIES,2026,Q1,140000.0,,,https://lda.gov/filings/public/filing/3f37b620-3293-44dd-9c79-a44e185cd70b/print/
SCOUT AI INC.,STRATEGIC MARKETING INNOVATIONS,2026,Q1,40000.0,,,https://lda.gov/filings/public/filing/0d7747c3-06b7-4cfb-9db6-954cca1ed11f/print/
PARASANTI,STRATEGIC MARKETING INNOVATIONS,2026,Q1,10000.0,,,https://lda.gov/filings/public/filing/46f1d00d-0ef1-40b5-a713-9f484ee5ca2c/print/
"SAMSUNG SEMICONDUCTOR, INC.","CORNERSTONE GOVERNMENT AFFAIRS, INC.",2026,Q1,80000.0,,ai-cyberattacks,https://lda.gov/filings/public/filing/c82bda49-3d1e-4729-bd45-4e6db5df9a4b/print/
"BSA, THE SOFTWARE ALLIANCE",CAPITOL HILL POLICY GROUP LLC,2026,Q1,20000.0,,ai-cyberattacks,https://lda.gov/filings/public/filing/4b1e6d59-3db2-4af5-97c7-9dc547800d93/print/
"NYT MEDIA U.S., INC.","BROWNSTEIN HYATT FARBER SCHRECK, LLP",2026,Q1,80000.0,,,https://lda.gov/filings/public/filing/e8c182c1-672a-494e-ba41-cab562f90f30/print/
PALANTIR TECHNOLOGIES INC.,"BROWNSTEIN HYATT FARBER SCHRECK, LLP",2026,Q1,120000.0,,,https://lda.gov/filings/public/filing/43b61492-d884-4b4d-b42c-c5cab34795a7/print/
"EQUINIX, INC.",BALLARD PARTNERS,2026,Q1,120000.0,,power-bills,https://lda.gov/filings/public/filing/26e9a815-cc54-4a91-ba74-a64af0ff468e/print/
GITLAB,EFRUS FEDERAL ADVISORS LLC,2026,Q1,30000.0,,,https://lda.gov/filings/public/filing/469dfdaf-7511-47e5-a83b-4a30864bccc6/print/
RECORDING INDUSTRY ASSOCIATION OF AMERICA,RECORDING INDUSTRY ASSOCIATION OF AMERICA,2026,Q1,2230369.0,"H.R. 2794, H.R. 7209, S. 2455, S. 3813",,https://lda.gov/filings/public/filing/c0467b16-25fc-4f29-af4f-2884f783cf3a/print/
AMERICAN SECURITY FUND,"ALLEGIANCE STRATEGIES, LLC",2026,Q1,30000.0,"H.R. 1718, H.R. 1736, H.R. 3447, H.R. 3919, H.R. 3932, H.R. 4704, H.R. 6149, H.R. 6943, H.R. 7532, H.R. 7567, H.R. 8170, H.R. 8315, S. 1409, S. 1705, S. 2103, S. 2177, S. 2296, S. 2399, S. 2502, S. 2714, S. 2770, S. 3050, S. 3162, S. 3205, S. 3312, S. 3696, S. 3897, S. 687",bioweapons; china-race; kids-chatbots,https://lda.gov/filings/public/filing/671082a0-5c40-4c78-8006-6531d6f495aa/print/
CROWE LLP,CROWE LLP,2026,Q1,60000.0,,,https://lda.gov/filings/public/filing/482d3aff-501d-40ca-b6dd-a9b2b9b3ef0e/print/
INTERNATIONAL ALLIANCE OF THEATRICAL STAGE EMPLOYEES,INTERNATIONAL ALLIANCE OF THEATRICAL STAGE EMPLOYEES,2026,Q1,135000.0,"H.R. 7209, S. 2455, S. 2691, S. 3813",,https://lda.gov/filings/public/filing/bb6e275a-9133-4177-9d1f-8f16382f4fc3/print/
CENTERPOINT ENERGY,CENTERPOINT ENERGY,2026,Q1,120000.0,"H.R. 1047, H.R. 1355, H.R. 2613, H.R. 3616, H.R. 3632, H.R. 3638, H.R. 3668, H.R. 3699, S. 1945",ai-cyberattacks; power-bills,https://lda.gov/filings/public/filing/3bc1a1e0-3562-4431-af69-d7cde1a31835/print/
"ICIVICS, INC.","LINCHPIN STRATEGIES, LLC",2026,Q1,20000.0,"H.R. 5304, S. 2587",job-loss,https://lda.gov/filings/public/filing/b831f707-18f0-4177-952c-42a1f0534ff4/print/
THE MICHAEL J. FOX FOUNDATION FOR PARKINSON'S RESEARCH,THE MICHAEL J. FOX FOUNDATION FOR PARKINSON'S RESEARCH,2026,Q1,190000.0,"H.R. 138, H.R. 2036, H.R. 2491, H.R. 6130, H.R. 6766, H.R. 7779, S. 1227, S. 1565, S. 3267, S. 3492, S. 925",bias; loss-of-control,https://lda.gov/filings/public/filing/ae8c5c84-c5f0-40fa-ad6f-02b549499069/print/
MICROSOFT CORPORATION,"FORZA DC, LLC",2026,Q1,40000.0,"H.R. 4016, H.R. 7148, S. 2572",,https://lda.gov/filings/public/filing/c4f9e85b-6540-486d-b785-1b2eb75794ad/print/
ELI LILLY AND COMPANY,ELI LILLY AND COMPANY,2026,Q1,3770000.0,H.R. 5376,,https://lda.gov/filings/public/filing/72b7785f-716a-47e9-8a53-13eccc881d77/print/
THE UNIVERSITY OF TENNESSEE,THE UNIVERSITY OF TENNESSEE,2026,Q1,170000.0,,bioweapons; job-loss,https://lda.gov/filings/public/filing/de42bc56-b93d-4eca-bbb5-f2e8416094b2/print/
WEC ENERGY GROUP,WEC ENERGY GROUP,2026,Q1,190000.0,,power-bills,https://lda.gov/filings/public/filing/60c87d57-ce2d-41c7-835c-a2d0db4bcf2f/print/
NATIONAL ALLIANCE ON MENTAL ILLNESS,NATIONAL ALLIANCE ON MENTAL ILLNESS,2026,Q1,10000.0,"H.R. 1, H.R. 1096, H.R. 1141, H.R. 1290, H.R. 1305, H.R. 1392, H.R. 1448, H.R. 1492, H.R. 1509, H.R. 1510, H.R. 1582, H.R. 1598, H.R. 1649, H.R. 169, H.R. 1735, H.R. 1867, H.R. 1902, H.R. 1906, H.R. 1987, H.R. 2028, H.R. 2036, H.R. 2044, H.R. 2082, H.R. 2085, H.R. 2223, H.R. 2263, H.R. 2305, H.R. 2426, H.R. 247, H.R. 2483, H.R. 2495, H.R. 2502, H.R. 2509, H.R. 2540, H.R. 2586, H.R. 2587, H.R. 2590, H.R. 2630, H.R. 2741, H.R. 2879, H.R. 2904, H.R. 2936, H.R. 2942, H.R. 2945, H.R. 2957, H.R. 3103, H.R. 3130, H.R. 3243, H.R. 3260, H.R. 3262, H.R. 3266, H.R. 3305, H.R. 3308, H.R. 3312, H.R. 3316, H.R. 3320, H.R. 3363, H.R. 3372, H.R. 3384, H.R. 3419, H.R. 3420, H.R. 3505, H.R. 3514, H.R. 3520, H.R. 3534, H.R. 3567, H.R. 3601, H.R. 3621, H.R. 3624, H.R. 3627, H.R. 3655, H.R. 3658, H.R. 3689, H.R. 3743, H.R. 3757, H.R. 3758, H.R. 3884, H.R. 3907, H.R. 3939, H.R. 4022, H.R. 4024, H.R. 4028, H.R. 4037, H.R. 4120, H.R. 4186, H.R. 4313, H.R. 438, H.R. 4400, H.R. 4619, H.R. 4723, H.R. 4745, H.R. 4805, H.R. 5040, H.R. 5045, H.R. 5081, H.R. 5145, H.R. 5306, H.R. 5357, H.R. 5417, H.R. 5420, H.R. 5434, H.R. 5462, H.R. 5482, H.R. 5509, H.R. 553, H.R. 5553, H.R. 5557, H.R. 5662, H.R. 5725, H.R. 5733, H.R. 577, H.R. 5828, H.R. 5859, H.R. 5861, H.R. 6000, H.R. 6002, H.R. 608, H.R. 6096, H.R. 6133, H.R. 6226, H.R. 6249, H.R. 6283, H.R. 6296, H.R. 6383, H.R. 6396, H.R. 6403, H.R. 6408, H.R. 6454, H.R. 6548, H.R. 6617, H.R. 6630, H.R. 6672, H.R. 6679, H.R. 6680, H.R. 6727, H.R. 6760, H.R. 6817, H.R. 6841, H.R. 6858, H.R. 6940, H.R. 7019, H.R. 7030, H.R. 7049, H.R. 7092, H.R. 71, H.R. 7227, H.R. 7309, H.R. 7324, H.R. 7394, H.R. 7447, H.R. 7496, H.R. 7497, H.R. 7535, H.R. 7602, H.R. 7735, H.R. 7787, H.R. 7828, H.R. 7875, H.R. 8122, H.R. 8124, H.R. 8149, H.R. 8160, H.R. 912, H.R. 929, H.R. 957, H.Res. 441, H.Res. 542, H.Res. 671, H.Res. 684, H.Res. 697, H.Res. 764, H.Res. 792, S. 1007, S. 1056, S. 1062, S. 1074, S. 1261, S. 1264, S. 1266, S. 1329, S. 139, S. 1448, S. 1477, S. 1611, S. 1655, S. 1663, S. 1673, S. 1676, S. 1689, S. 1720, S. 1748, S. 1797, S. 1816, S. 1843, S. 1878, S. 1895, S. 1897, S. 1912, S. 1924, S. 2005, S. 2011, S. 2024, S. 2037, S. 2050, S. 2069, S. 2131, S. 219, S. 2248, S. 2282, S. 2336, S. 2401, S. 2446, S. 2532, S. 2556, S. 266, S. 2709, S. 2825, S. 2826, S. 2847, S. 3042, S. 3076, S. 3139, S. 3199, S. 3230, S. 3245, S. 3271, S. 3300, S. 332, S. 3402, S. 3431, S. 3448, S. 3461, S. 3486, S. 3521, S. 3522, S. 3690, S. 3698, S. 3714, S. 3750, S. 3758, S. 3783, S. 3840, S. 4001, S. 4061, S. 4076, S. 414, S. 4202, S. 454, S. 46, S. 473, S. 585, S. 600, S. 607, S. 609, S. 665, S. 683, S. 702, S. 752, S. 768, S. 779, S. 825, S. 906, S. 921, S. 925, S. 926, S. 931, S.Res. 208, S.Res. 249, S.Res. 385",job-loss; kids-chatbots,https://lda.gov/filings/public/filing/b93234c1-19a5-4ded-9bb6-d9bd3db04a01/print/
"NOTARIZE, INC. DBA PROOF.COM","NOTARIZE, INC. DBA PROOF.COM",2026,Q1,70000.0,"H.R. 1777, H.R. 3633, S. 1561",,https://lda.gov/filings/public/filing/c6af1deb-4986-44b3-98af-4af13fbfb6e2/print/
SAN DIEGO STATE UNIVERSITY RESEARCH FOUNDATION,SAN DIEGO STATE UNIVERSITY RESEARCH FOUNDATION,2026,Q1,180000.0,,,https://lda.gov/filings/public/filing/01dfb99b-2f77-47ad-9281-2d5cc6ea9cb4/print/
"AEROVIRONMENT, INC.",DLA PIPER LLP (US),2026,Q1,60000.0,,ai-cyberattacks,https://lda.gov/filings/public/filing/2222d088-5b6c-4fdd-a3a5-bf082239254f/print/
"AVATHON, INC.",DLA PIPER LLP (US),2026,Q1,80000.0,,,https://lda.gov/filings/public/filing/9f8e9799-6a73-4156-9a13-c7bda63a9f7b/print/
NODA AI INC.,DLA PIPER LLP (US),2026,Q1,60000.0,,china-race,https://lda.gov/filings/public/filing/9986c90d-08bf-45fc-9e92-c5241faff593/print/
"TERADYNE, INC.",DLA PIPER LLP (US),2026,Q1,60000.0,,,https://lda.gov/filings/public/filing/ec1686fc-b0af-473d-9243-5f577609ba98/print/
"FERMIFORWARD DISCOVERY GROUP, LLC","LEWIS-BURKE ASSOCIATES, LLC",2026,Q1,40000.0,"H.R. 4496, S. 2325, S. 579",job-loss,https://lda.gov/filings/public/filing/a70def07-4340-4adc-a99c-51c7341b2838/print/
"PINDROP SECURITY, INC.",DLA PIPER LLP (US),2026,Q1,80000.0,,deepfakes,https://lda.gov/filings/public/filing/84394243-2dab-41f0-8fbe-a1e80795f264/print/
TWILIO,HANBURY STRATEGY,2026,Q1,60000.0,"H.R. 1027, H.R. 4954, H.R. 5900, H.R. 6032, H.R. 6425, S. 2495, S. 3062, S. 3354, S. 3355",,https://lda.gov/filings/public/filing/5d31f519-5bf9-4409-ae3d-e8f407baccca/print/
CONSENSUS CLOUD SOLUTIONS,"BROWNSTEIN HYATT FARBER SCHRECK, LLP",2026,Q1,20000.0,,,https://lda.gov/filings/public/filing/87d735b8-e46e-4b48-84e2-519353890633/print/
HEARST CORPORATION,INVARIANT LLC,2026,Q1,90000.0,,,https://lda.gov/filings/public/filing/abb85957-6ef0-4ba8-9035-354daac09582/print/
ADOBE INC,ADOBE INC,2026,Q1,450000.0,H.R. 6571,ai-cyberattacks; deepfakes,https://lda.gov/filings/public/filing/28e31f39-7ed8-468f-b692-54fe38bb617d/print/
EPIC SYSTEMS,MCDERMOTT+,2026,Q1,20000.0,,,https://lda.gov/filings/public/filing/d223f3a3-c51d-4ba5-9f14-cf7fed8aa3e0/print/
HIGHLAND DIGITAL,EIS SOLUTIONS,2026,Q1,30000.0,,power-bills,https://lda.gov/filings/public/filing/766bd30c-a9de-4599-8145-3775c8271b2b/print/
ADC TECH INC.,GRV STRATEGIES LLC,2026,Q1,50000.0,,,https://lda.gov/filings/public/filing/cefd8878-d5de-4759-ad6f-a7468bc1ada6/print/
ASSOCIATION OF AMERICAN MEDICAL COLLEGES,ASSOCIATION OF AMERICAN MEDICAL COLLEGES,2026,Q1,577720.0,"H.R. 1, H.R. 1048, H.R. 1153, H.R. 1201, H.R. 1585, H.R. 1802, H.R. 1835, H.R. 1863, H.R. 1864, H.R. 2106, H.R. 2314, H.R. 3178, H.R. 3593, H.R. 3838, H.R. 3885, H.R. 3944, H.R. 4016, H.R. 4262, H.R. 4313, H.R. 4371, H.R. 5100, H.R. 5269, H.R. 5304, H.R. 5342, H.R. 5428, H.R. 593, H.R. 6468, H.R. 6938, H.R. 7006, H.R. 7409, H.R. 7961, H.R. 879, H.R. 929, H.Res. 708, S. 1071, S. 1296, S. 1874, S. 1941, S. 2354, S. 2355, S. 2439, S. 2587, S. 2600, S. 266, S. 2715, S. 2761, S. 331, S. 3348, S. 3385, S. 3386, S. 3757, S. 3971, S. 4110, S. 709, S. 854, S. 855, S. 862, S. 975",bias; job-loss; kids-chatbots,https://lda.gov/filings/public/filing/e7ce1b6d-10d4-447f-8596-a0ffe7021bd9/print/
MEDIATEK USA INC.,"PLURUS STRATEGIES, LLC",2026,Q1,60000.0,,,https://lda.gov/filings/public/filing/61d4d12b-13c9-4536-b256-92ccbeed7e3b/print/
DEACON HEALTH,"BROWNSTEIN HYATT FARBER SCHRECK, LLP",2026,Q1,10000.0,,,https://lda.gov/filings/public/filing/becfcc57-b475-440d-a449-2edc4cfe7c2a/print/
"T-MOBILE USA, INC.","PLURUS STRATEGIES, LLC",2026,Q1,30000.0,,,https://lda.gov/filings/public/filing/4e9b0ece-3c60-4c8e-bb66-fb08920ec3aa/print/
ACCENTURE FEDERAL SERVICES LLC,ACCENTURE FEDERAL SERVICES LLC,2026,Q1,250000.0,,ai-cyberattacks,https://lda.gov/filings/public/filing/e7717cc3-eee9-48c3-b455-a3042e45a93a/print/
COMPUTER & COMMUNICATIONS INDUSTRY ASSOCIATION,COMPUTER & COMMUNICATIONS INDUSTRY ASSOCIATION,2026,Q1,130000.0,"H.R. 633, H.R. 699, H.R. 8187, S. 2220",china-race; deepfakes; kids-chatbots,https://lda.gov/filings/public/filing/1f646bc1-a338-4f0e-bba6-702045461dfa/print/
IAC INC. (FORMERLY IAC/INTERACTIVECORP),IAC INC. (FORMERLY IAC/INTERACTIVECORP),2026,Q1,90000.0,,,https://lda.gov/filings/public/filing/8bc0f350-8896-484a-8096-fd95e5f1003f/print/
"PINTEREST, INC.","PINTEREST, INC.",2026,Q1,140000.0,"H.R. 3149, H.R. 5360, H.R. 6333, H.R. 6334, H.R. 6335, H.R. 6484, S. 1367, S. 1748, S. 1829, S. 3062",deepfakes; kids-chatbots,https://lda.gov/filings/public/filing/d8384bc8-8737-4cab-8f6f-86c4b914e3f1/print/
DOPPEL INC.,ARENTFOX SCHIFF LLP,2026,Q1,20000.0,,,https://lda.gov/filings/public/filing/c3c964aa-8082-467d-b7c6-412b0c2170a2/print/
AMERICAN APPAREL & FOOTWEAR ASSOCIATION,AMERICAN APPAREL & FOOTWEAR ASSOCIATION,2026,Q1,364841.0,"H.R. 2548, H.R. 2665, H.R. 4930, H.R. 5371, H.R. 6500, H.R. 6504, H.R. 7548, H.R. 960, S. 1241, S. 1272, S. 2531, S. 2677, S. 3774, S. 3841, S. 742",china-race; job-loss; kids-chatbots,https://lda.gov/filings/public/filing/ac2239e9-200e-4863-869e-2b37b3449714/print/
TRAVEL GOODS ASSOCIATION,AMERICAN APPAREL & FOOTWEAR ASSOCIATION,2026,Q1,7729.0,"H.R. 4930, H.R. 7548, S. 2531, S. 2677, S. 3774",china-race; job-loss,https://lda.gov/filings/public/filing/2182d4d4-a37d-4b3b-a098-740639f3ee1d/print/
"META PLATFORMS, INC.",MCGINLEY LLC,2026,Q1,90000.0,S. 1748,kids-chatbots,https://lda.gov/filings/public/filing/db20d2b9-e40a-4eff-893c-9aed03fda925/print/
IVANTI,"BRIDGE PUBLIC AFFAIRS, LLC",2026,Q1,80000.0,,ai-cyberattacks,https://lda.gov/filings/public/filing/6090ed2b-0c14-454c-8d74-c1502395f928/print/
HEWLETT PACKARD ENTERPRISE COMPANY,SALT POINT STRATEGIES,2026,Q1,50000.0,,,https://lda.gov/filings/public/filing/a4673027-1de1-4373-8621-cadafc00a9c2/print/
"MOTOROLA SOLUTIONS, INC.",SALT POINT STRATEGIES,2026,Q1,60000.0,,,https://lda.gov/filings/public/filing/c38ede49-4404-475d-982d-189e7c8c04c7/print/
WORLDPAY,WORLDPAY,2026,Q1,90000.0,"H.R. 3633, H.R. 4936, S. 2019",ai-cyberattacks,https://lda.gov/filings/public/filing/3b66f636-d678-4915-836a-bcd5dd8d4b11/print/
GOOGLE CLIENT SERVICES LLC,"MARSHALL & POPP, LLC",2026,Q1,60000.0,,,https://lda.gov/filings/public/filing/92fe824b-3bce-4e57-bbd0-dbcc424cb9cb/print/
"THE BUSINESS ROUNDTABLE, INC.",S-3 GROUP,2026,Q1,60000.0,,,https://lda.gov/filings/public/filing/b3b72cae-d88e-4210-868c-d1dcc55ad700/print/
FIDELITY NATIONAL INFORMATION SYSTEMS INC AND SUBSIDIARIES,"FIDELITY NATIONAL INFORMATION SYSTEMS, INC. AND SUBSIDIARIES",2026,Q1,295000.0,,,https://lda.gov/filings/public/filing/82ab5569-4876-4ac4-bc25-10382fbd8555/print/
"PALO ALTO NETWORKS, INC.","PALO ALTO NETWORKS, INC.",2026,Q1,590000.0,,ai-cyberattacks,https://lda.gov/filings/public/filing/69943090-fe4a-4987-b263-3dd8d565a9ff/print/
LEHIGH UNIVERSITY,LEHIGH UNIVERSITY,2026,Q1,30000.0,,job-loss; power-bills,https://lda.gov/filings/public/filing/9928d70f-d9f1-4e0f-90f1-fc4383926ded/print/
ALLIANCE FOR AUTOMOTIVE INNOVATION,ALLIANCE FOR AUTOMOTIVE INNOVATION,2026,Q1,1369997.0,"H.R. 2110, H.R. 4948, H.R. 5221, H.R. 7181, S. 161, S. 315",ai-cyberattacks; china-race,https://lda.gov/filings/public/filing/6212f82f-57bd-4f18-a81a-062a991a4075/print/
ASSOCIATION OF INTERNATIONAL CERTIFIED PROFESSIONAL ACCOUNTANTS (AICPA),FS VECTOR LLC,2026,Q1,60000.0,,,https://lda.gov/filings/public/filing/ce508a6c-8152-4c28-95eb-fb9598418599/print/
GREATER NEW YORK HOSPITAL ASSOCIATION,GREATER NEW YORK HOSPITAL ASSOCIATION,2026,Q1,560000.0,"H.R. 1, H.R. 3178, H.R. 4875, H.R. 4942, H.R. 6980, S. 1600, S. 1929, S. 2719, S. 665",job-loss,https://lda.gov/filings/public/filing/b655b1b6-83e7-4d87-aa72-d5894e2bc462/print/
ELECTRONIC TRANSACTIONS ASSOCIATION,FS VECTOR LLC,2026,Q1,10000.0,,,https://lda.gov/filings/public/filing/1802f745-01e0-45de-bc89-3d20b458093c/print/
THE ERISA INDUSTRY COMMITTEE,DYKEMA GOSSETT PLLC,2026,Q1,20000.0,,ai-cyberattacks; bias,https://lda.gov/filings/public/filing/70201539-d86c-4a36-851d-f1b290bd2eac/print/
BUILDING AND CONSTRUCTION TRADES DEPT AFL-CIO,"BUILDING AND CONSTRUCTION TRADES DEPT., AFL-CIO",2026,Q1,250000.0,"H.R. 20, H.R. 3474, H.R. 3944, H.R. 5408, H.R. 7115, H.R. 982, S. 3682, S. 3993, S. 844, S. 852",job-loss; kids-chatbots; power-bills,https://lda.gov/filings/public/filing/b8c6751f-32c8-438b-b138-cfd3b964b2b1/print/
COMCAST CORPORATION,VAN SCOYOC ASSOCIATES,2026,Q1,30000.0,,ai-cyberattacks,https://lda.gov/filings/public/filing/41a07378-5d61-410e-af43-40bbfe29b30e/print/
PAYPAL INC,"PAYPAL, INC.",2026,Q1,569000.0,H.R. 3633,,https://lda.gov/filings/public/filing/072b89dc-3e6e-4b0b-a454-d7609bdb934d/print/
MEDICAL DEVICE MANUFACTURERS ASSOCIATION,LMH STRATEGIC SOLUTIONS,2026,Q1,20000.0,H.R. 1691,ai-cyberattacks,https://lda.gov/filings/public/filing/15b710dd-d73e-4519-b970-1b965801c4ec/print/
KATAHDIN IMPACT INC.,S-3 GROUP,2026,Q1,120000.0,,,https://lda.gov/filings/public/filing/ea911075-9d80-4c54-b797-d2a7edb52f8d/print/
BOOKING HOLDINGS INC.,BOOKING HOLDINGS INC.,2026,Q1,360000.0,,,https://lda.gov/filings/public/filing/d3a8833d-ccab-42ca-9c6a-3166bac68e0b/print/
BOOKING HOLDINGS INC.,"CONVERGENCE STRATEGIES, LLC",2026,Q1,45000.0,,,https://lda.gov/filings/public/filing/b86defa6-20fb-4402-8590-983ded231d59/print/
SHOPIFY INC,SHOPIFY INC,2026,Q1,220000.0,,,https://lda.gov/filings/public/filing/5474536c-bc97-4024-9d48-bc4c2022be54/print/
ACCENTURE LLP,"ACCENTURE, LLP",2026,Q1,630000.0,,ai-cyberattacks; job-loss; power-bills,https://lda.gov/filings/public/filing/51880f25-4e46-46a9-8dce-437197f038f8/print/
FLORIDA ATLANTIC UNIVERSITY,AMERICAN DEFENSE INTERNATIONAL,2026,Q1,10000.0,,,https://lda.gov/filings/public/filing/500b7a81-f866-490f-9134-63a8bdf87fd2/print/
TATA AMERICA INTERNATIONAL CORPORATION,TATA AMERICA INTERNATIONAL CORPORATION,2026,Q1,110000.0,"H.R. 2385, S. 2296",,https://lda.gov/filings/public/filing/04e15cbd-658f-4633-b6af-8ea2435845d6/print/
PRINCIPAL FINANCIAL GROUP,PRINCIPAL FINANCIAL GROUP,2026,Q1,970000.0,"H.R. 1013, H.R. 2441, H.R. 4801",,https://lda.gov/filings/public/filing/90f9cc2a-4743-4168-8e1f-1f5641e58cc2/print/
POLYSENTRY INC.,ORIGIN ADVOCACY LLC,2026,Q1,20000.0,,,https://lda.gov/filings/public/filing/1d50dc87-9097-4e91-b2b1-25a62b94415c/print/
"SAP AMERICA, INC.",ORIGIN ADVOCACY LLC,2026,Q1,60000.0,,ai-cyberattacks,https://lda.gov/filings/public/filing/8a4feb0c-544a-4618-919a-f59ff97d8ae7/print/
NEW YORK UNIVERSITY LANGONE MEDICAL CENTER,VAN SCOYOC ASSOCIATES,2026,Q1,20000.0,"H.R. 1162, H.R. 4104, S. 2149",job-loss,https://lda.gov/filings/public/filing/13dad4a0-d3fe-4041-ae07-6ed9f30911fc/print/
DOUBLEVERIFY,DOUBLEVERIFY,2026,Q1,70000.0,,,https://lda.gov/filings/public/filing/2e06b721-4442-4276-81fa-2cb37b94a09e/print/
COALITION OF EPSCOR STATES,VAN SCOYOC ASSOCIATES,2026,Q1,120000.0,S. 933,,https://lda.gov/filings/public/filing/03866be0-ac7d-4925-be95-9b6e1a88eb19/print/
VEEAM SOFTWARE CORP,"WILLIAMS AND JENSEN, PLLC",2026,Q1,50000.0,,ai-cyberattacks,https://lda.gov/filings/public/filing/600c03a9-078d-4d5b-924a-95caa305a865/print/
THE AMERICAN COUNCIL OF LIFE INSURERS,INVARIANT LLC,2026,Q1,110000.0,,,https://lda.gov/filings/public/filing/b5e35e0f-f8c6-45a0-ba0e-bb97d4efc3ea/print/
EASTERN MICHIGAN UNIVERSITY,VAN SCOYOC ASSOCIATES,2026,Q1,10000.0,H.R. 4312,job-loss,https://lda.gov/filings/public/filing/10e686b4-2702-4bf2-9a46-0dcb6b4cc6ee/print/
GEORGIA STATE UNIVERSITY RESEARCH FOUNDATION,VAN SCOYOC ASSOCIATES,2026,Q1,20000.0,,job-loss; kids-chatbots,https://lda.gov/filings/public/filing/15f4ba10-4202-4d07-bcab-9f6c6b044942/print/
OREGON INSTITUTE OF TECHNOLOGY,VAN SCOYOC ASSOCIATES,2026,Q1,10000.0,,job-loss,https://lda.gov/filings/public/filing/bdcf9d42-3b91-4e7f-a1b9-046235772dff/print/
UNIVERSITY OF TOLEDO,VAN SCOYOC ASSOCIATES,2026,Q1,20000.0,,job-loss; power-bills,https://lda.gov/filings/public/filing/df130b62-a68c-4836-815e-6e5beddd14f5/print/
HP INC,HP INC.,2026,Q1,720000.0,,,https://lda.gov/filings/public/filing/53f830ff-17b9-41e2-af97-4aea242b6e80/print/
COLUMBIA UNIVERSITY,VAN SCOYOC ASSOCIATES,2026,Q1,40000.0,,,https://lda.gov/filings/public/filing/304fdae7-26b4-4f61-8df9-8189f05d23f5/print/
NEVADA SYSTEM OF HIGHER EDUCATION,VAN SCOYOC ASSOCIATES,2026,Q1,60000.0,,job-loss; power-bills,https://lda.gov/filings/public/filing/8fe4a67e-9b2d-4865-ae51-c7233ebdf0d6/print/
AMERICAN CLINICAL LABORATORY ASSN,AMERICAN CLINICAL LABORATORY ASSN,2026,Q1,660000.0,"H.R. 5269, H.R. 7118, H.R. 7148, H.R. 842, S. 2761, S. 339",job-loss; kids-chatbots,https://lda.gov/filings/public/filing/71e6964b-4900-474b-96c7-a29d64f4eccd/print/
TEXAS A&M UNIVERSITY SYSTEM,VAN SCOYOC ASSOCIATES,2026,Q1,10000.0,H.R. 5466,china-race,https://lda.gov/filings/public/filing/ced1d1e8-1dfc-4d2f-95b0-108a1cdbd828/print/
THE UNIVERSITY OF UTAH,VAN SCOYOC ASSOCIATES,2026,Q1,50000.0,,,https://lda.gov/filings/public/filing/d65ac496-2112-44a0-9fe9-e8962e019043/print/
UNIVERSITY OF NEW MEXICO,VAN SCOYOC ASSOCIATES,2026,Q1,30000.0,,power-bills,https://lda.gov/filings/public/filing/835133b2-78b9-496e-b951-72d8c41c361f/print/
"ADVANCED MICRO DEVICES, INC.","MEHLMAN CONSULTING, INC.",2026,Q1,80000.0,"H.R. 3447, H.R. 6875, S. 1705",,https://lda.gov/filings/public/filing/07d9c7f3-03cc-4d31-9e5a-1c2d2a293d72/print/
INFORMATION TECHNOLOGY INDUSTRY COUNCIL,INFORMATION TECHNOLOGY INDUSTRY COUNCIL,2026,Q1,720000.0,,job-loss,https://lda.gov/filings/public/filing/a88ee5e2-2177-4f06-9bac-ead54bf369e2/print/
PORTLAND GENERAL ELECTRIC,PORTLAND GENERAL ELECTRIC,2026,Q1,50000.0,"H.R. 1047, H.R. 1355, H.R. 3015, H.R. 3062, H.R. 3157, H.R. 3616, H.R. 3617, H.R. 3628, H.R. 3632, H.R. 3638, H.R. 3657, H.R. 3843, H.R. 4503, H.R. 5600, H.R. 6336, H.R. 6633, H.R. 6983, H.R. 7729, S. 1327, S. 3034, S. 3585, S. 3682, S. 3852, S. 3947, S. 465",ai-cyberattacks; power-bills,https://lda.gov/filings/public/filing/acda87bb-cd9c-43b3-b61e-aa093a6b965b/print/
NATIONAL APARTMENT ASSOCIATION,NATIONAL APARTMENT ASSOCIATION,2026,Q1,740000.0,"H.R. 1078, H.R. 6644, S. 1299, S. 1303, S. 1527, S. 2361, S. 2363, S. 2441, S. 2651, S. 470, S. 890, S. 948",job-loss,https://lda.gov/filings/public/filing/e3c104c3-2ff6-41f2-b083-74656172b43f/print/
THE COOK GROUP INC.,THE COOK GROUP INC.,2026,Q1,200000.0,"H.R. 1539, H.R. 4445, H.R. 4731",job-loss,https://lda.gov/filings/public/filing/6a4041ff-a24b-4580-9dc7-b78e16cdb9fb/print/
"DIRECTORS GUILD OF AMERICA, INC.","DIRECTORS GUILD OF AMERICA, INC.",2026,Q1,90000.0,,,https://lda.gov/filings/public/filing/2548685a-721b-4266-b60f-bd7634564ef4/print/
NVIDIA CORPORATION,"BROWNSTEIN HYATT FARBER SCHRECK, LLP",2026,Q1,80000.0,,,https://lda.gov/filings/public/filing/08f66498-920c-47c0-8f64-6003a61343cb/print/
CDW CORPORATION,"MEHLMAN CONSULTING, INC.",2026,Q1,60000.0,,,https://lda.gov/filings/public/filing/030b196c-32de-4514-93ef-44cdf142909c/print/
OCEAN CONSERVANCY,OCEAN CONSERVANCY,2026,Q1,202000.0,"H.R. 2556, H.R. 2673, H.R. 2848, H.R. 2881, H.R. 3071, H.R. 3742, H.R. 4018, H.R. 6068, H.R. 6098, H.R. 8099, S. 1445, S. 1486, S. 2860, S. 3082, S. 4213, S. 4239, S. 460, S. 818",power-bills,https://lda.gov/filings/public/filing/f135e717-86b8-4b59-9cad-4c3a7d5112a0/print/
"ELEVENLABS, INC.","MEHLMAN CONSULTING, INC.",2026,Q1,60000.0,,,https://lda.gov/filings/public/filing/6423656b-2bf9-407b-8c31-800d02a33eb5/print/
ADOBE SYSTEMS INCORPORATED,HETTINGER STRATEGY GROUP LLC,2026,Q1,20000.0,,,https://lda.gov/filings/public/filing/8de8b660-fb60-4a7b-af61-0e4609eb41eb/print/
HCA HEALTHCARE,"MEHLMAN CONSULTING, INC.",2026,Q1,60000.0,S. 2355,,https://lda.gov/filings/public/filing/ffb0d666-f261-439f-8014-fdea08cd6f2e/print/
QLIK TECHNOLOGIES INC.,HETTINGER STRATEGY GROUP LLC,2026,Q1,20000.0,,,https://lda.gov/filings/public/filing/fe247cc1-0c2f-4ff8-92ab-0fbdbb4fd4a3/print/
IBM CORPORATION,"MEHLMAN CONSULTING, INC.",2026,Q1,80000.0,"S. 3062, S. 3597",,https://lda.gov/filings/public/filing/b6881215-84bb-4886-8efc-17449373e808/print/
INFORMATION TECHNOLOGY INDUSTRY COUNCIL (ITI),"MEHLMAN CONSULTING, INC.",2026,Q1,50000.0,,ai-cyberattacks; china-race,https://lda.gov/filings/public/filing/2fffee06-171c-4b83-9fb6-6933e8916c17/print/
"RED HAT, INC.",HETTINGER STRATEGY GROUP LLC,2026,Q1,20000.0,,,https://lda.gov/filings/public/filing/7ab93b2e-03e0-4efe-916f-f81a95fd0ccf/print/
MAYO CLINIC,"MEHLMAN CONSULTING, INC.",2026,Q1,60000.0,,,https://lda.gov/filings/public/filing/189a8fef-b739-4546-9d49-0d301198a63c/print/
"MEDTRONIC, INC.","MEHLMAN CONSULTING, INC.",2026,Q1,60000.0,,,https://lda.gov/filings/public/filing/a490c868-a2d5-4fba-a7f0-5393f79d8102/print/
BROADCOM INC,BROADCOM INC.,2026,Q1,430000.0,"H.R. 2683, H.R. 3447, H.R. 6875, S. 1705, S. 3519",ai-cyberattacks,https://lda.gov/filings/public/filing/de29d89e-fd07-4bee-9a26-86da847d815d/print/
"META PLATFORMS, INC.","MEHLMAN CONSULTING, INC.",2026,Q1,50000.0,H.R. 3149,kids-chatbots,https://lda.gov/filings/public/filing/5e2ab294-980c-4a6d-918e-bc4064b6f8ab/print/
NATIONAL FAIR HOUSING ALLIANCE,"MEHLMAN CONSULTING, INC.",2026,Q1,50000.0,,bias,https://lda.gov/filings/public/filing/2e32454b-cc34-40f0-9b3f-f3daabe61b25/print/
"TECO HOLDINGS INC., FORMERLY KNOWN AS ENERGY, INC.","TECO HOLDINGS INC., FORMERLY KNOWN AS TECO ENERGY, INC.",2026,Q1,170759.0,"H.R. 1, H.R. 3699, S. 1945",power-bills,https://lda.gov/filings/public/filing/adeca556-22aa-4183-be85-6fc7dca21cec/print/
"TNC (US) HOLDINGS, INC. (FORMERLY NIELSEN)","MEHLMAN CONSULTING, INC.",2026,Q1,40000.0,"H.R. 6291, S. 1628",ai-cyberattacks; kids-chatbots,https://lda.gov/filings/public/filing/a89a29d2-7bc7-4663-901c-b56481d126e5/print/
"PALO ALTO NETWORKS, INC.","MEHLMAN CONSULTING, INC.",2026,Q1,60000.0,,ai-cyberattacks,https://lda.gov/filings/public/filing/6dba6c6f-6a7c-4666-8261-15d982c18368/print/
"NOTARIZE, INC. DBA PROOF.COM","MEHLMAN CONSULTING, INC.",2026,Q1,50000.0,"H.R. 1777, H.R. 3633, S. 1561",,https://lda.gov/filings/public/filing/346041f2-1af3-4e16-a4eb-266a3e7788a9/print/
"SCALE AI, INC.","MEHLMAN CONSULTING, INC.",2026,Q1,60000.0,,,https://lda.gov/filings/public/filing/778eaf24-0128-4fd1-8d1a-636dc2e16c75/print/
TECHNOLOGY CEO COUNCIL,"MEHLMAN CONSULTING, INC.",2026,Q1,140000.0,,,https://lda.gov/filings/public/filing/4a22e0bd-e94c-475b-8860-bb01d4a4d8a7/print/
WALMART INC,"MEHLMAN CONSULTING, INC.",2026,Q1,90000.0,"H.R. 2853, S. 1404",,https://lda.gov/filings/public/filing/10445b6f-fc33-4801-90dd-e72694e87c5f/print/
TRELLIX (FORMERLY MUSARUBA US LLC),TRELLIX (FORMERLY MUSARUBA US LLC),2026,Q1,220000.0,,ai-cyberattacks,https://lda.gov/filings/public/filing/aeb9d11e-62de-4dee-a339-db6ca2ec1ebf/print/
RELX INC,VENABLE LLP,2026,Q1,60000.0,,,https://lda.gov/filings/public/filing/62342a5e-e14a-4f9b-9289-a9104424d0c0/print/
"URAC, INC.",ARNOLD & PORTER KAYE SCHOLER LLP,2026,Q1,70000.0,"H.R. 6609, H.R. 6610",,https://lda.gov/filings/public/filing/31c1cc8e-ee10-4964-aad1-86b528518c84/print/
INSIGHTS ASSOCIATION (FKA: MARKETING RESEARCH ASSOCIATION),INSIGHTS ASSOCIATION (FKA: MARKETING RESEARCH ASSOCIATION),2026,Q1,10000.0,,china-race,https://lda.gov/filings/public/filing/83ea3770-94f6-4197-ad70-c62cabbc51d0/print/
MICROSOFT CORPORATION,"POLARIS GOVERNMENT RELATIONS, LLC",2026,Q1,90000.0,,ai-cyberattacks,https://lda.gov/filings/public/filing/643be163-d046-484b-8595-019f915490e8/print/
NATIONAL NURSES UNITED,NATIONAL NURSES UNITED,2026,Q1,1002374.0,"H.R. 2550, H.R. 3415, H.R. 5267, H.Res. 432, S. 1709, S. 4214",job-loss; power-bills,https://lda.gov/filings/public/filing/0f390d19-2a47-46c0-b54f-ac3ba6043bce/print/
"SK AMERICAS, INC.","SK AMERICAS, INC.",2026,Q1,1590000.0,"H.R. 3447, H.R. 6875, H.R. 8710",china-race,https://lda.gov/filings/public/filing/f2208fd6-f415-42ad-bef6-be9da5b0f0e3/print/
INFORMS,BRUMIDI GROUP,2026,Q1,20000.0,,,https://lda.gov/filings/public/filing/a6d481b2-dafe-4d7b-a417-fdfa983f90f0/print/
COMPUTER & COMMUNICATIONS INDUSTRY ASSOCIATION,ARENTFOX SCHIFF LLP,2026,Q1,60000.0,"H.R. 3921, H.R. 6875, S. 1829",,https://lda.gov/filings/public/filing/8bd1297d-11fa-44b1-9a75-109f6c855ef8/print/
"RIOT PLATFORMS, INC.","RIOT PLATFORMS, INC.",2026,Q1,80000.0,,power-bills,https://lda.gov/filings/public/filing/15cec96e-f4bc-4eb7-b113-17d42b354bda/print/
COREWEAVE,FORBES-TATE,2026,Q1,80000.0,,power-bills,https://lda.gov/filings/public/filing/5157f5a6-136a-4abd-9cc3-dd94e7a25c1a/print/
ASSOCIATION OF AMERICAN PUBLISHERS,"GOODLATTE GROUP, LLC F.K.A. ROBERT GOODLATTE",2026,Q1,50000.0,H.R. 6028,,https://lda.gov/filings/public/filing/55fbd255-bb8b-4a7a-8fa7-1a7201f82ef4/print/
IDEMIA IDENTITY & SECURITY USA LLC,"IDEMIA IDENTITY & SECURITY USA, LLC",2026,Q1,260000.0,S. 1582,,https://lda.gov/filings/public/filing/c38b4605-d00e-4934-ba90-119b315dcea3/print/
ASSOCIATION OF AMERICAN PUBLISHERS,ASSOCIATION OF AMERICAN PUBLISHERS,2026,Q1,463947.0,,,https://lda.gov/filings/public/filing/60b4b71a-4057-4b1a-adcb-74ad25827981/print/
THE WALT DISNEY COMPANY,"GOODLATTE GROUP, LLC F.K.A. ROBERT GOODLATTE",2026,Q1,50000.0,H.R. 6028,,https://lda.gov/filings/public/filing/f8ed0e08-938a-419c-a7fd-e8e8e087305d/print/
GOVERNMENT EMPLOYEES INSURANCE COMPANY,GOVERNMENT EMPLOYEES INSURANCE COMPANY,2026,Q1,190000.0,"H.R. 2662, H.R. 5221, S. 2238",,https://lda.gov/filings/public/filing/1ef4d08d-646d-4626-9df6-6998a5a47665/print/
TRINE UNIVERSITY,DLA PIPER LLP (US),2026,Q1,60000.0,,,https://lda.gov/filings/public/filing/e9f7e9f7-214d-4ba6-9f94-9bc87e7583a6/print/
SAMSUNG ELECTRONICS AMERICA,"CONTINENTAL STRATEGY, LLC",2026,Q1,90000.0,,ai-cyberattacks,https://lda.gov/filings/public/filing/ca3f9819-74d8-4621-8b39-cbf12c49201e/print/
PRIVACY FOR AMERICA,VENABLE LLP,2026,Q1,140000.0,,kids-chatbots,https://lda.gov/filings/public/filing/c74ce3dc-b925-4d3c-a99f-9b73739faee5/print/
ASSOCIATION OF NATIONAL ADVERTISERS,VENABLE LLP,2026,Q1,50000.0,,,https://lda.gov/filings/public/filing/dcb31442-d193-44d3-ac6b-b91b50e4f2cf/print/
"CONTROL AI US, INC.","CONTROL AI US, INC.",2026,Q1,120000.0,,loss-of-control,https://lda.gov/filings/public/filing/274a03b6-5086-4c8b-802f-003865436f37/print/
ERICSSON INC.,INVARIANT LLC,2026,Q1,80000.0,,,https://lda.gov/filings/public/filing/c360d7cc-f639-485a-8531-7ecf30325425/print/
"IRON MOUNTAIN INFORMATION MANAGEMENT, LLC",AMERICAN DEFENSE INTERNATIONAL,2026,Q1,20000.0,,power-bills,https://lda.gov/filings/public/filing/fbeceb74-0c2c-4dd0-a659-43159253c7b1/print/
CALIFORNIA LIFE SCIENCES,CALIFORNIA LIFE SCIENCES,2026,Q1,160000.0,,job-loss,https://lda.gov/filings/public/filing/6936ffed-a5f9-42f3-bfc6-3af7af62299e/print/
UNIFORM LAW COMMISSION (NAT'L CONFERENCE OF COMMISSIONERS ON UNIFORM STATE LAWS),NELSON MULLINS RILEY & SCARBOROUGH,2026,Q1,20000.0,,,https://lda.gov/filings/public/filing/a108c08c-f4d3-41fa-96c9-97f3278ae2e7/print/
INTRINSIC INNOVATION LLC,CROWELL & MORING LLP,2026,Q1,40000.0,,,https://lda.gov/filings/public/filing/b7ddc23b-3c4b-449e-9344-efaacae1b5c4/print/
GIFFORDS,GIFFORDS,2026,Q1,70000.0,"H.R. 1, H.R. 1041, H.R. 1564, H.R. 18, H.R. 1987, H.R. 2189, H.R. 2711, H.R. 2790, H.R. 2979, H.R. 3115, H.R. 38, H.R. 3868, H.R. 4166, H.R. 4242, H.R. 7133, H.R. 7163, H.R. 7170, H.R. 7171, H.R. 7500, H.R. 7599, H.Res. 670, S. 1283, S. 1370, S. 1374, S. 1531, S. 2070, S. 2296, S. 3458, S. 3514, S. 478, S. 726, S. 768, S. 889, S. 926",job-loss; kids-chatbots,https://lda.gov/filings/public/filing/95b6d592-d2c2-4be5-bff7-a5d4b75c730f/print/
LENOVO (UNITED STATES) INC.,LENOVO (UNITED STATES) INC.,2026,Q1,570000.0,"H.R. 3447, H.R. 5079, H.R. 5885, H.R. 6291, H.R. 6461, H.R. 6484, H.R. 6875, H.R. 7576, S. 1705, S. 2983, S. 3150, S. 3597, S. 3952, S. 836",ai-cyberattacks; bias; job-loss; kids-chatbots,https://lda.gov/filings/public/filing/13e0d234-8fb9-49cf-b3d9-ebc082436494/print/
HARTFORD INSURANCE GROUP (FKA HARTFORD FINANCIAL SERVICES GROUP),HARTFORD INSURANCE GROUP (FKA HARTFORD FINANCIAL SERVICES GROUP),2026,Q1,380000.0,"H.R. 7128, H.R. 900, S. 245",ai-cyberattacks,https://lda.gov/filings/public/filing/a5c82b3b-4714-4607-a5a0-8be952972659/print/
NATIONAL ASSOCIATION OF SOCIAL WORKERS,WHEAT SHROYER GOVERNMENT RELATIONS LLC,2026,Q1,30000.0,"H.R. 3655, H.R. 6672",job-loss; kids-chatbots,https://lda.gov/filings/public/filing/348be394-fd8a-4bc3-b8ae-3bd712a0d49c/print/
FOUNDATION FOR ADVANCING ALCOHOL RESPONSIBILITY (RESPONSIBILITY.ORG),WHEAT SHROYER GOVERNMENT RELATIONS LLC,2026,Q1,50000.0,"H.R. 1137, H.R. 4552, H.R. 6704, H.R. 7148, S. 2465",job-loss; loss-of-control,https://lda.gov/filings/public/filing/20de24e9-1d6c-4313-aab6-b256d5e28ead/print/
IOWA STATE UNIVERSITY,IOWA STATE UNIVERSITY,2026,Q1,50000.0,,ai-cyberattacks; job-loss,https://lda.gov/filings/public/filing/827ff0b4-ec2e-4e1b-bb8d-778f9814fc32/print/
"APPLIED MATERIALS, INC","APPLIED MATERIALS, INC",2026,Q1,760000.0,S. 597,,https://lda.gov/filings/public/filing/f2b5ddcc-f7af-4da4-963e-f696f1847295/print/
"COREWEAVE, INC.","COREWEAVE, INC.",2026,Q1,180000.0,,power-bills,https://lda.gov/filings/public/filing/ee2e20c7-b3b2-4107-8654-43d32b64a2ba/print/
ARIZONA STATE UNIVERSITY,ARIZONA STATE UNIVERSITY,2026,Q1,270000.0,,,https://lda.gov/filings/public/filing/72b15982-a3a6-407f-8ff8-c2b5b5120e52/print/
RECORDING ACADEMY,RECORDING ACADEMY (FKA NATIONAL ACADEMY OF RECORDING ARTS AND SCIENCES),2026,Q1,120778.0,"H.R. 2794, H.R. 7209, H.R. 861, S. 1367, S. 2455, S. 326, S. 3813",,https://lda.gov/filings/public/filing/353ca736-24ca-4d08-b266-2de14ca3d398/print/
NATIONAL RETAIL FEDERATION,FEROX STRATEGIES,2026,Q1,30000.0,,,https://lda.gov/filings/public/filing/21f2855a-7ca8-4aa8-9060-c0e28c6edcfb/print/
"AQUIA GROUP, LLC ON BEHALF OF COMCAST CORPORATION","ALVA ELLIOTT PARTNERS, LLC",2026,Q1,10000.0,,,https://lda.gov/filings/public/filing/4e4a86cc-9ee3-4a4c-875d-92fd01793737/print/
THE UNIVERSITY OF FLORIDA BOARD OF TRUSTEES,THE UNIVERSITY OF FLORIDA BOARD OF TRUSTEES,2026,Q1,170000.0,"H.R. 1, H.R. 1048, H.R. 3838, H.R. 4016, H.R. 6951, S. 2296, S. 2572",,https://lda.gov/filings/public/filing/f22dfdb9-641d-467c-b8c3-3fa7095504ac/print/
UNIVERSITY OF ALASKA,UNIVERSITY OF ALASKA,2026,Q1,120000.0,,ai-cyberattacks; job-loss,https://lda.gov/filings/public/filing/ebb27d5d-ebc6-4b3e-844b-c5049ab6be96/print/
BRIA ARTIFICIAL INTELLIGENCE INC.,"RADIUS ADVOCACY, LLC",2026,Q1,40000.0,"H.R. 1, H.R. 2794, H.R. 3921, S. 1396, S. 1748, S. 1829, S. 2367, S. 2455, S. 278, S. 2937, S. 836",deepfakes; kids-chatbots,https://lda.gov/filings/public/filing/4eedaff3-eb66-441d-b8c4-b7dbae947768/print/
COPYRIGHT CLEARANCE CENTER,"RADIUS ADVOCACY, LLC",2026,Q1,30000.0,,,https://lda.gov/filings/public/filing/97c85349-fd61-4519-9374-077aec634ea0/print/
DIRECTORS GUILD OF AMERICA,"RADIUS ADVOCACY, LLC",2026,Q1,30000.0,,deepfakes,https://lda.gov/filings/public/filing/a36ba4a5-bb38-45fa-9f5f-595ca7777d59/print/
INTERNATIONAL ALLIANCE OF THEATRICAL STAGE EMPLOYEES,"RADIUS ADVOCACY, LLC",2026,Q1,40000.0,,,https://lda.gov/filings/public/filing/72be93a7-d976-47a2-8c76-42b747c4bb2b/print/
INTERNATIONAL TRADEMARK ASSOCIATION,"RADIUS ADVOCACY, LLC",2026,Q1,30000.0,"H.R. 2794, S. 1367",deepfakes,https://lda.gov/filings/public/filing/86f1371d-a6b4-4a33-a1ba-b56cb3944edf/print/
CTIA,EMPIRE CONSULTING GROUP,2026,Q1,50000.0,,china-race,https://lda.gov/filings/public/filing/40ada8b9-7d45-4369-acff-63c914444115/print/
"CISCO SYSTEMS, INC.",EMPIRE CONSULTING GROUP,2026,Q1,30000.0,,,https://lda.gov/filings/public/filing/53499657-2896-41e9-939e-a6cf3a3d4138/print/
INFORMATION TECHNOLOGY INDUSTRY COUNCIL,"SIGHTLINE ADVOCACY, LLC",2026,Q1,50000.0,"H.R. 2683, H.R. 5079, H.R. 6875, S. 2983, S. 3519",ai-cyberattacks; china-race,https://lda.gov/filings/public/filing/363d643e-5ead-473a-810a-9e68bf7d1dac/print/
"CJ LAKE, LLC (ON BEHALF OF CALIFORNIA STATE SENATE)",HB STRATEGIES,2026,Q1,15000.0,,,https://lda.gov/filings/public/filing/0a059177-9f87-444c-9ea9-89b803f60fbe/print/
"AMERICAN SOCIETY OF COMPOSERS, AUTHORS AND PUBLISHERS (ASCAP)",THORN RUN PARTNERS,2026,Q1,110000.0,,,https://lda.gov/filings/public/filing/9a60d2fb-c28d-4fbe-8a3a-1cb5ae0287b9/print/
ANTHROPIC PBC,THORN RUN PARTNERS,2026,Q1,50000.0,,,https://lda.gov/filings/public/filing/0bc9d5cf-72dd-4b5a-a252-d6401aff48dc/print/
MASTERCARD,TIBER CREEK GROUP,2026,Q1,70000.0,,,https://lda.gov/filings/public/filing/17652ec4-247e-4a0a-b2ee-41b7533fd203/print/
MICROSOFT CORPORATION,TIBER CREEK GROUP,2026,Q1,90000.0,,,https://lda.gov/filings/public/filing/0be8d8b8-e686-4829-aa8a-477803c232d2/print/
ERNST & YOUNG U.S. LLP (EY),THORN RUN PARTNERS,2026,Q1,50000.0,,,https://lda.gov/filings/public/filing/edf2e859-3638-4631-9968-d0f35152c59a/print/
NVIDIA CORPORATION,TIBER CREEK GROUP,2026,Q1,80000.0,,,https://lda.gov/filings/public/filing/a9395943-1d64-400a-85c9-f085cb679957/print/
META PLATFORMS INC (FORMERLY FACEBOOK INC AND VARIOUS SUBSIDIARIES),OFF HILL STRATEGIES L.L.C.,2026,Q1,50000.0,,ai-cyberattacks,https://lda.gov/filings/public/filing/9dfadbd8-15e3-4a47-b6a6-c8652f5be39c/print/
INFORMATION TECHNOLOGY INDUSTRY COUNCIL,TIBER CREEK GROUP,2026,Q1,50000.0,,,https://lda.gov/filings/public/filing/7dc5389a-b899-4d78-ae94-48515e50541f/print/
PAYPAL,THORN RUN PARTNERS,2026,Q1,50000.0,,,https://lda.gov/filings/public/filing/a341d703-cc5d-4db1-a5a6-8762135046ee/print/
SMARTER TECHNOLOGIES,THORN RUN PARTNERS,2026,Q1,40000.0,,,https://lda.gov/filings/public/filing/5abad3ae-3d67-4c14-a8d6-2ea9989c19cf/print/
VISE TECHNOLOGIES,THORN RUN PARTNERS,2026,Q1,20000.0,,,https://lda.gov/filings/public/filing/bbe0a7d1-2789-49c0-8702-45b201b6615f/print/
FIVETRAN INC.,"BROWNSTEIN HYATT FARBER SCHRECK, LLP",2026,Q1,60000.0,,,https://lda.gov/filings/public/filing/d6b61f1e-3de9-4ecb-82a1-79ced97a5327/print/
IMAGINE LEARNING,FORBES-TATE,2026,Q1,50000.0,,,https://lda.gov/filings/public/filing/a8941007-663d-4d00-be26-18c4126f51eb/print/
"ZIMMER BIOMET, INC.","ZIMMER BIOMET, INC.",2026,Q1,185000.0,,,https://lda.gov/filings/public/filing/ae476994-0068-40b4-af44-8386b243010c/print/
IBM,KAMINS CONSULTING,2026,Q1,50000.0,"S. 2750, S. 579",,https://lda.gov/filings/public/filing/08a44797-905c-4a33-8f52-97b8f6966264/print/
GRINDR LLC,"BROWNSTEIN HYATT FARBER SCHRECK, LLP",2026,Q1,60000.0,,,https://lda.gov/filings/public/filing/064a2dba-e156-4dc3-bd7c-dfe5ae556428/print/
"LG ELECTRONICS USA, INC.",LAW OFFICES OF KEVIN G. CURTIN,2026,Q1,30000.0,,,https://lda.gov/filings/public/filing/61a99a7f-ae74-40ab-a840-bbd807b2b1e3/print/
ASSOCIATION OF NATIONAL ADVERTISERS,LAW OFFICES OF KEVIN G. CURTIN,2026,Q1,20000.0,"H.R. 1736, S. 836",ai-cyberattacks; kids-chatbots,https://lda.gov/filings/public/filing/7bc48262-52eb-480d-b946-031c73828c55/print/
LUMINA AI,"BROWNSTEIN HYATT FARBER SCHRECK, LLP",2026,Q1,80000.0,,,https://lda.gov/filings/public/filing/2c5b11a4-3734-4e66-a236-3ea91925b3c3/print/
HAVOCAI,"BROWNSTEIN HYATT FARBER SCHRECK, LLP",2026,Q1,40000.0,,,https://lda.gov/filings/public/filing/77ac9171-2915-4a69-87c3-3b3384114b55/print/
DELL TECHNOLOGIES INC,DELL TECHNOLOGIES INC.,2026,Q1,1620000.0,"H.R. 3447, S. 1705, S. 2296",ai-cyberattacks,https://lda.gov/filings/public/filing/b7ca758c-b622-4263-bb20-14c93b52777b/print/
MAJOR COUNTY SHERIFFS OF AMERICA (FORMERLY MAJOR COUNTY SHERIFFS' ASSOCIATION),"BROOKS BAWDEN MOORE, LLC, FORMERLY REPORTED AS BROOKS BAWDEN, LLC",2026,Q1,40000.0,,kids-chatbots; loss-of-control,https://lda.gov/filings/public/filing/ab54a96f-563c-4502-9de3-bd86b761e995/print/
NATIONAL FUSION CENTER ASSOCIATION,"BROOKS BAWDEN MOORE, LLC, FORMERLY REPORTED AS BROOKS BAWDEN, LLC",2026,Q1,10000.0,,,https://lda.gov/filings/public/filing/a6f32beb-c005-4363-97b3-2f56109fa792/print/
RECORDING INDUSTRY ASSOCIATION OF AMERICA INC,OGR,2026,Q1,50000.0,"H.R. 2794, S. 1367",,https://lda.gov/filings/public/filing/00378105-c9a7-4056-9518-092b71a301a1/print/
ENTERGY SERVICES LLC,TIBER CREEK GROUP,2026,Q1,80000.0,"H.R. 5078, H.R. 5079, S. 2983, S. 3251",ai-cyberattacks,https://lda.gov/filings/public/filing/5417185c-556d-4704-aaa0-15297855fc16/print/
BROADCOM INC.,INVARIANT LLC,2026,Q1,80000.0,,,https://lda.gov/filings/public/filing/dc55b2f2-724c-4414-b4b4-c5e788f27357/print/
ECOLAB INC. ON BEHALF OF NALCO COMPANY,OGR,2026,Q1,50000.0,,power-bills,https://lda.gov/filings/public/filing/772a5a63-d149-47df-9195-e15b1a26f781/print/
ALTANA TECHNOLOGIES,TIBER CREEK GROUP,2026,Q1,40000.0,,,https://lda.gov/filings/public/filing/15f28425-1a92-4ed4-9ae1-c74e878a0718/print/
RECORDING INDUSTRY ASSOCIATION OF AMERICA,"ALPINE GROUP PARTNERS, LLC.",2026,Q1,50000.0,"H.R. 2794, S. 1367",,https://lda.gov/filings/public/filing/bcdcfccb-6c6d-4818-a02c-72c7917d10d0/print/
CUMMINS INC.,INVARIANT LLC,2026,Q1,80000.0,,,https://lda.gov/filings/public/filing/ae07b79e-f0f4-49e8-abe2-002ed35599ef/print/
SMALL BUSINESS & ENTREPRENEURSHIP COUNCIL (SBE COUNCIL),SMALL BUSINESS & ENTREPRENEURSHIP COUNCIL (SBE COUNCIL),2026,Q1,35000.0,"H.J.Res. 142, H.R. 1163, H.R. 1340, H.R. 1778, H.R. 2262, H.R. 2270, H.R. 2312, H.R. 2870, H.R. 3383, H.R. 3898, H.R. 4090, H.R. 4171, H.R. 4366, H.R. 4593, H.R. 4776, H.R. 5184, H.R. 5763, H.R. 5764, H.R. 6431, H.R. 6495, H.R. 6506, H.R. 6644, H.R. 6703, H.R. 6855, H.R. 7681, H.Res. 1007, S. 3332, S. 4207",china-race; job-loss; kids-chatbots; power-bills,https://lda.gov/filings/public/filing/72728b6d-a836-461b-b4ce-bdc30ce23cd2/print/
CENTENE CORPORATION,"BROWNSTEIN HYATT FARBER SCHRECK, LLP",2026,Q1,60000.0,H.R. 1,,https://lda.gov/filings/public/filing/220951a0-333b-43a3-ba75-3186b4a86ac8/print/
"SB GROUP US DBA SOFTBANK GROUP US, INC.",TIBER CREEK GROUP,2026,Q1,60000.0,,,https://lda.gov/filings/public/filing/df89bd1b-886e-44a8-927c-409048957424/print/
ZURICH AMERICAN INSURANCE COMPANY,TIBER CREEK GROUP,2026,Q1,20000.0,,,https://lda.gov/filings/public/filing/fcec298e-c3d0-422f-b74a-655e82a3165c/print/
AON SERVICE CORPORATION,OGR,2026,Q1,50000.0,H.R. 7128,power-bills,https://lda.gov/filings/public/filing/77042694-2589-4df9-b7ee-1f8ab6307991/print/
EDERA L3C,"BROWNSTEIN HYATT FARBER SCHRECK, LLP",2026,Q1,70000.0,,,https://lda.gov/filings/public/filing/c2cabecd-ed83-4397-9515-b8cb6dacd1ad/print/
CORETSU INC.,BAKER & HOSTETLER LLP,2026,Q1,170000.0,,,https://lda.gov/filings/public/filing/05207530-8d7c-4f8b-9722-11f3da32ae02/print/
THE NORTHWESTERN MUTUAL LIFE INSURANCE COMPANY,TIBER CREEK GROUP,2026,Q1,50000.0,,,https://lda.gov/filings/public/filing/c6523017-dff4-44fd-a7af-da109bbc35df/print/
CONCURRENT TECHNOLOGIES CORPORATION,BRODY GROUP L.L.C. PUBLIC AFFAIRS,2026,Q1,30000.0,,job-loss,https://lda.gov/filings/public/filing/86d68ea5-cc9c-4221-98e1-b9332bfb30d4/print/
PORTLAND GENERAL ELECTRIC,"K&L GATES, LLP",2026,Q1,40000.0,H.R. 471,power-bills,https://lda.gov/filings/public/filing/c8ce8a23-8c9f-4b43-af3b-160ebef13178/print/
"SK AMERICAS, INC.",INVARIANT LLC,2026,Q1,140000.0,,,https://lda.gov/filings/public/filing/1fff526a-1824-4678-8dd9-9937eeea3d61/print/
IKEA US RETAIL LLC,INVARIANT LLC,2026,Q1,50000.0,,,https://lda.gov/filings/public/filing/a8a61844-d221-4b02-8ad7-e1c249bd265e/print/
"AGILITY ROBOTICS, INC.","NEW LANTERN, LLC",2026,Q1,30000.0,,job-loss,https://lda.gov/filings/public/filing/acd8b721-2a86-44ab-9860-9bdfe2b2c153/print/
BATTELLE MEMORIAL INSTITUTE,"VENTURE GOVERNMENT STRATEGIES, LLC (FKA HOBART HALLAWAY & QUAYLE VENTURES, LLC)",2026,Q1,40000.0,,,https://lda.gov/filings/public/filing/d5a9084b-baa6-4cc1-81f9-2da5c95f2cfc/print/
AICPA ASSOCIATION OF INTERNATIONAL CERTIFIED PROFESSIONAL ACCOUNTANTS,"CROSSROADS STRATEGIES, LLC",2026,Q1,40000.0,,,https://lda.gov/filings/public/filing/9d27d296-a5d7-40f2-9457-f38a1e67e7c1/print/
INFOSYS LIMITED,DGA GROUP GOVERNMENT RELATIONS LLC,2026,Q1,90000.0,,job-loss,https://lda.gov/filings/public/filing/d7430203-cb67-4571-9e03-2bc15a6f3395/print/
MICROSOFT CORPORATION,"VENTURE GOVERNMENT STRATEGIES, LLC (FKA HOBART HALLAWAY & QUAYLE VENTURES, LLC)",2026,Q1,60000.0,"H.R. 4016, H.R. 5166, H.R. 7148, S. 2572, S. 3290",ai-cyberattacks,https://lda.gov/filings/public/filing/1aeeeb42-9c5e-4974-8ade-3fe4fb3f531c/print/
ADVANCED MEDICAL TECHNOLOGY ASSOCIATION (ADVAMED),"CROSSROADS STRATEGIES, LLC",2026,Q1,50000.0,H.R. 5343,,https://lda.gov/filings/public/filing/7859846e-0c18-44b4-a8e7-7ee3b267da90/print/
VALTHOS INC.,INVARIANT LLC,2026,Q1,20000.0,,china-race,https://lda.gov/filings/public/filing/fd1695dd-3fb6-48a1-b794-7f76bfdf26fa/print/
ACCENTURE LLP,INVARIANT LLC,2026,Q1,100000.0,,ai-cyberattacks,https://lda.gov/filings/public/filing/7b364202-b25d-4df0-8a7e-52d7e3e781c1/print/
"UNIVERSAL MUSIC GROUP RECORDINGS, INC.",FORBES-TATE,2026,Q1,40000.0,,,https://lda.gov/filings/public/filing/e9027819-da48-4e46-aa7a-fbb8a464de92/print/
INTERNET WORKS ASSOCIATION,LOT SIXTEEN LLC,2026,Q1,50000.0,"S. 1586, S. 1829, S. 2153, S. 404",,https://lda.gov/filings/public/filing/66b2fb78-f382-4a07-85f0-f3514df9d656/print/
THE BUSINESS ROUNDTABLE,INVARIANT LLC,2026,Q1,60000.0,,ai-cyberattacks,https://lda.gov/filings/public/filing/f5b03d05-1845-4e24-a425-5767161e9d0a/print/
HEALTHCARE LEADERSHIP COUNCIL,CAPITOL COUNSEL LLC,2026,Q1,20000.0,,ai-cyberattacks,https://lda.gov/filings/public/filing/fb2b34cd-9954-4ff1-8a8b-e1579177bb66/print/
"ANTHROPIC, PBC","AQUIA GROUP, LLC",2026,Q1,60000.0,H.R. 6875,china-race,https://lda.gov/filings/public/filing/342832c2-08e4-49cf-99d3-8c0a79549a6c/print/
IMBUE,"AQUIA GROUP, LLC",2026,Q1,40000.0,,,https://lda.gov/filings/public/filing/94c7c698-e044-4815-84e2-a40b81f56dbc/print/
NATIONAL MULTIFAMILY HOUSING COUNCIL INC,"NATIONAL MULTIFAMILY HOUSING COUNCIL, INC.",2026,Q1,2650000.0,,ai-cyberattacks; bioweapons,https://lda.gov/filings/public/filing/2b42a58f-517c-4fdb-9f4f-2c9bf4896b33/print/
UNIVERSITY OF ROCHESTER,UNIVERSITY OF ROCHESTER,2026,Q1,130000.0,"H.R. 4346, H.R. 4999, H.R. 6213, S. 3597, S. 579",job-loss,https://lda.gov/filings/public/filing/20c08909-b4bf-4ee5-b538-1316bba679a9/print/
SIEMENS CORPORATION,"ALPINE GROUP PARTNERS, LLC.",2026,Q1,50000.0,,,https://lda.gov/filings/public/filing/5fa7299d-cd63-4505-82d2-b79193912b18/print/
"VMWARE, INC. OBO BROADCOM INC.","CROSSROADS STRATEGIES, LLC",2026,Q1,50000.0,S. 2750,,https://lda.gov/filings/public/filing/fd37d77a-0186-4be1-8eb7-dc12695034f9/print/
"SHIELD AI, INC.","CROSSROADS STRATEGIES, LLC",2026,Q1,60000.0,"H.R. 4016, H.R. 4213, H.R. 7148, S. 2572",,https://lda.gov/filings/public/filing/af579f29-9d92-4b64-84dc-498d293f5d7f/print/
TECHNET,"CROSSROADS STRATEGIES, LLC",2026,Q1,80000.0,"H.R. 1623, H.R. 2657, H.R. 2683, H.R. 3149, H.R. 5360, H.R. 6253, H.R. 6257, H.R. 6259, H.R. 6265, H.R. 6273, H.R. 6289, H.R. 6290, H.R. 6291, H.R. 6292, H.R. 6333, H.R. 6437, H.R. 6484, H.R. 6488, H.R. 6489, H.R. 6499, S. 1748, S. 2750, S. 278, S. 836",bias; kids-chatbots; loss-of-control,https://lda.gov/filings/public/filing/67165f08-fbab-4d11-9c20-6214b63e7405/print/
"YURTS TECHNOLOGIES, INC. D/B/A LEGION INTELLIGENCE",VAN SCOYOC ASSOCIATES,2026,Q1,10000.0,,,https://lda.gov/filings/public/filing/b59d596a-1dc7-46b0-96b0-99239e85bc59/print/
SOCIETY FOR HUMAN RESOURCE MANAGEMENT,SOCIETY FOR HUMAN RESOURCE MANAGEMENT,2026,Q1,360000.0,"H.R. 1611, H.R. 6621, H.R. 6655, S. 2740, S. 3339",job-loss,https://lda.gov/filings/public/filing/897f6594-502a-4116-8f0c-ac8223c41bc6/print/
"ORACLE AMERICA, INC.",TROUTMAN STRATEGIES,2026,Q1,70000.0,,,https://lda.gov/filings/public/filing/b3d90e96-14d3-44c1-9d81-c461dadb89eb/print/
POWER & COMMUNICATION CONTRACTORS ASSOCIATION,"GOVERNMENT AFFAIRS SOLUTIONS, LLC",2026,Q1,50000.0,"H.R. 1047, H.R. 3015, H.R. 3062, H.R. 3898, H.R. 4503, H.R. 4776, H.R. 5301, H.R. 573, S. 1355, S. 2975",power-bills,https://lda.gov/filings/public/filing/1cfc1d3f-0c6f-49cf-b93d-b4b9db50656a/print/
KPMG LLP,KPMG LLP,2026,Q1,560000.0,,,https://lda.gov/filings/public/filing/da687478-e887-4757-909a-7f3f990c5a5f/print/
COMCAST CORPORATION,RIVENDELL GROUP LLP,2026,Q1,30000.0,,,https://lda.gov/filings/public/filing/a3ce36c6-52ab-4b54-8082-eaea3cf4968a/print/
INDEPENDENT FILM & TELEVISION ALLIANCE,COGENT STRATEGIES LLC,2026,Q1,30000.0,"H.R. 10550, H.R. 2794, H.R. 791, S. 1367",deepfakes,https://lda.gov/filings/public/filing/6dbab223-e278-4fea-bc6d-f56714e28b7c/print/
AMERICAN PIPELINE CONTRACTORS ASSOCIATION,"GOVERNMENT AFFAIRS SOLUTIONS, LLC",2026,Q1,80000.0,"H.R. 1047, H.R. 3015, H.R. 3062, H.R. 3668, H.R. 3898, H.R. 4503, H.R. 4776, H.R. 5301, H.R. 573, S. 1355, S. 2975",power-bills,https://lda.gov/filings/public/filing/4ab4e4c6-937f-4505-bdf7-8cdee1f3864b/print/
AMERICAN HONDA MOTOR CO INC (FORMERLY HONDA NORTH AMERICA),FGS GLOBAL (US) LLC (FKA FGH HOLDINGS LLC),2026,Q1,70000.0,,,https://lda.gov/filings/public/filing/e9977c75-354b-46c6-9d04-7035037e6786/print/
FIRSTENERGY CORP,FIRSTENERGY CORP,2026,Q1,620000.0,"H.R. 1047, H.R. 3015, H.R. 3157, H.R. 3616, H.R. 3628, H.R. 3632, H.R. 3638, H.R. 3843, H.R. 4503, H.R. 4776, S. 3034, S. 3585, S. 3947, S. 465",ai-cyberattacks; power-bills,https://lda.gov/filings/public/filing/be8094b8-6789-4aeb-b4a8-393ff0eb0f16/print/
"INDEPENDENT ELECTRICAL CONTRACTORS, INC.","GOVERNMENT AFFAIRS SOLUTIONS, LLC",2026,Q1,40000.0,,power-bills,https://lda.gov/filings/public/filing/501766f0-1254-4f08-81f7-99914f7f67a0/print/
AMERICAN LIBRARY ASSOCIATION,AMERICAN LIBRARY ASSOCIATION,2026,Q1,67269.0,"H.R. 4072, H.R. 6028",,https://lda.gov/filings/public/filing/49f1196c-566c-4b79-b9f1-bbd254978971/print/
MICROSOFT,TRACTION STRATEGIC,2026,Q1,22500.0,,power-bills,https://lda.gov/filings/public/filing/8bd47079-9991-44ee-b28c-aba29aa43292/print/
MAYO CLINIC,MAYO CLINIC,2026,Q1,330000.0,,,https://lda.gov/filings/public/filing/e427c27d-7f23-4a62-921d-8dd000d91330/print/
STUDY FETCH,"LSN PARTNERS, LLC",2026,Q1,10000.0,,,https://lda.gov/filings/public/filing/b94005c4-ad2c-4b49-a134-41b49580a4b8/print/
"PREMIER, INC.","PREMIER, INC.",2026,Q1,220000.0,"H.R. 1585, H.R. 2172, H.R. 2213, H.R. 2433, H.R. 3178, H.R. 3514, H.R. 4464, H.R. 4559, H.R. 4731, H.R. 483, H.R. 5031, H.R. 786, S. 1058, S. 1460, S. 1600, S. 1816, S. 2439, S. 709, S. 998",ai-cyberattacks; bioweapons; job-loss,https://lda.gov/filings/public/filing/4eba38f8-3b0b-424f-ac02-ff00daac78c8/print/
"RUNE TECHNOLOGIES, INC.",FRONTLINE GOVERNMENT RELATIONS,2026,Q1,30000.0,,china-race,https://lda.gov/filings/public/filing/4bba9b21-36eb-42d4-803a-e7d587ac1ea8/print/
"YAHOO INC, AND VAR. SUBS/AFFILIATES (FKA COLLEGE PARENT, L.P. DBA ""YAHOO"")",H&M STRATEGIES LLP,2026,Q1,60000.0,,kids-chatbots,https://lda.gov/filings/public/filing/a7a53172-36a4-4da8-a463-9fe313e41640/print/
TOYOTA,H&M STRATEGIES LLP,2026,Q1,60000.0,,,https://lda.gov/filings/public/filing/769e4a22-8b6b-496d-b32f-1869de334c3d/print/
COGNIZANT TECHNOLOGY SOLUTIONS U.S. CORPORATION,COGNIZANT TECHNOLOGY SOLUTIONS U.S. CORPORATION,2026,Q1,350000.0,H.R. 2385,,https://lda.gov/filings/public/filing/168dc083-5a71-4583-a763-3ef93d6f8ade/print/
"NIMBIS SERVICES, INC.",IVY GREEN CONSULTING,2026,Q1,10000.0,S. 3971,ai-cyberattacks,https://lda.gov/filings/public/filing/ccf2ef71-ee3b-44b2-8d72-545a752f1c59/print/
CMS ENERGY CORP,CMS ENERGY CORP,2026,Q1,360000.0,"H.R. 1047, H.R. 1355, H.R. 3015, H.R. 3062, H.R. 3157, H.R. 3616, H.R. 3617, H.R. 3628, H.R. 3632, H.R. 3638, H.R. 3657, H.R. 3668, H.R. 3699, H.R. 3843, H.R. 3898, H.R. 4503, H.R. 4626, H.R. 4690, H.R. 5600, H.R. 6264, H.R. 6336, H.R. 6633, H.R. 6983, H.R. 7197, H.R. 7729, H.R. 7926, S. 1327, S. 3034, S. 3585, S. 3682, S. 3852, S. 3947, S. 465, S. 914",ai-cyberattacks; power-bills,https://lda.gov/filings/public/filing/15f2355d-d087-4317-b075-02f2f8c6aa83/print/
NRG ENERGY,LOT SIXTEEN LLC,2026,Q1,50000.0,,power-bills,https://lda.gov/filings/public/filing/942e17c7-a2ad-4568-b2fd-8c9b80dd290f/print/
DROPBOX,H&M STRATEGIES LLP,2026,Q1,20000.0,,,https://lda.gov/filings/public/filing/f26d1962-b766-46e7-8a64-fd4c342c4cd5/print/
ALLSTATE INSURANCE COMPANY,ALLSTATE INSURANCE COMPANY,2026,Q1,1550000.0,"H.R. 4954, H.R. 6291, S. 2495, S. 836",kids-chatbots,https://lda.gov/filings/public/filing/4d632d77-736f-4925-875d-3cc86ebc2e5b/print/
TAIWAN SEMICONDUCTOR MANUFACTURING COMPANY (TSMC),TAIWAN SEMICONDUCTOR MANUFACTURING COMPANY (TSMC),2026,Q1,570000.0,"H.R. 3447, H.R. 4346, H.R. 5885, H.R. 6207, H.R. 6875, S. 1705, S. 2296, S. 3150, S. 3301, S. 3374",china-race,https://lda.gov/filings/public/filing/553593e2-c275-4f94-9eb1-5d54338e0b98/print/
BOOKING HOLDINGS,H&M STRATEGIES LLP,2026,Q1,50000.0,,,https://lda.gov/filings/public/filing/34952d93-57b8-42b2-bbaf-e2375ee51e84/print/
AMERICAN EXPRESS COMPANY,AMERICAN EXPRESS COMPANY,2026,Q1,340000.0,"H.R. 3403, H.R. 5079, S. 1337, S. 394",ai-cyberattacks,https://lda.gov/filings/public/filing/3a6d0b4e-ae69-4cf9-b7d7-ebda55e9e275/print/
"DROPBOX, INC.",AKIN GUMP STRAUSS HAUER & FELD,2026,Q1,60000.0,,,https://lda.gov/filings/public/filing/ec46df86-35f8-4b3f-9a67-93b6e3faa729/print/
"DELL TECHNOLOGIES, INC.","GREENBERG TRAURIG, LLP",2026,Q1,80000.0,"H.R. 2683, H.R. 3447, H.R. 4016, H.R. 6875, S. 1705, S. 2572",ai-cyberattacks,https://lda.gov/filings/public/filing/37aa6a3d-da5c-43a4-879b-69f83294ac4d/print/
GE HEALTHCARE TECHNOLOGIES INC.,GE HEALTHCARE TECHNOLOGIES INC.,2026,Q1,700000.0,"H.R. 2381, H.R. 3037, H.R. 3838, H.R. 4121, H.R. 4541, H.R. 5304, H.R. 6182, H.R. 6197, S. 1399, S. 1410, S. 1500, S. 1591, S. 1866, S. 2256, S. 2296, S. 2339, S. 2587",ai-cyberattacks; job-loss,https://lda.gov/filings/public/filing/74c0e2cd-33cc-467f-966b-9cd86efcc56f/print/
"ACCENTURE, LLP",MONUMENT ADVOCACY,2026,Q1,50000.0,,ai-cyberattacks,https://lda.gov/filings/public/filing/0610466e-b7af-409a-a88e-2592908b8cdc/print/
MICROSOFT CORPORATION,AKIN GUMP STRAUSS HAUER & FELD,2026,Q1,50000.0,,,https://lda.gov/filings/public/filing/454ab303-ec4c-4e85-b027-2c747e5c6886/print/
AMERICANS FOR RESPONSIBLE INNOVATION,"KOUNTOUPES DENHAM CARR & REID, LLC",2026,Q1,90000.0,,bioweapons; power-bills,https://lda.gov/filings/public/filing/e4f1702e-3afb-4819-ab7c-d9ad82471add/print/
AMAZON WEB SERVICES,"MINDSET ADVOCACY, LLC",2026,Q1,50000.0,,ai-cyberattacks; power-bills,https://lda.gov/filings/public/filing/aa1661a0-121e-4456-9fc5-8088ba07e32f/print/
NEWS MEDIA ALLIANCE,FIERCE GOVERNMENT RELATIONS,2026,Q1,40000.0,"H.R. 6484, H.R. 7757, S. 1748",kids-chatbots,https://lda.gov/filings/public/filing/52ebbcdc-285e-4276-934c-7fc0429732b7/print/
"ANTHROPIC, PBC","KOUNTOUPES DENHAM CARR & REID, LLC",2026,Q1,60000.0,,,https://lda.gov/filings/public/filing/2af89927-4a25-4f9b-86d4-d63de40bb85c/print/
GRAND CANYON UNIVERSITY,ARNOLD & PORTER KAYE SCHOLER LLP,2026,Q1,60000.0,,job-loss,https://lda.gov/filings/public/filing/e56ffce0-ea8a-4bd9-9bda-b7263c6dc1c0/print/
AMERICANS FOR RESPONSIBLE INNOVATION,"MINDSET ADVOCACY, LLC",2026,Q1,80000.0,,,https://lda.gov/filings/public/filing/06cab230-b962-4e38-8a13-a511b42b450e/print/
"OPENAI OPCO, LLC",AKIN GUMP STRAUSS HAUER & FELD,2026,Q1,80000.0,,job-loss,https://lda.gov/filings/public/filing/c2cac663-5651-4fc1-b9af-3a84162d337e/print/
"SALESFORCE.COM, INC",AKIN GUMP STRAUSS HAUER & FELD,2026,Q1,60000.0,,,https://lda.gov/filings/public/filing/ccb26fe4-761c-4867-829a-bf1eb7e1390f/print/
"FL2024-008, INC.","CORNERSTONE GOVERNMENT AFFAIRS, INC.",2026,Q1,50000.0,,,https://lda.gov/filings/public/filing/ff7eb441-f462-4d0b-b118-cf3b455a03b4/print/
ANTHROPIC,FIERCE GOVERNMENT RELATIONS,2026,Q1,60000.0,,china-race; job-loss; kids-chatbots; power-bills,https://lda.gov/filings/public/filing/8fa765f2-dcfb-4741-8fd7-9b0856c5b417/print/
"BROADCAST MUSIC, INC.","BROADCAST MUSIC, INC.",2026,Q1,70000.0,"H.R. 2794, S. 1367",,https://lda.gov/filings/public/filing/80014370-ffca-4d4a-8e6d-f9d9991fab3a/print/
UNIVERSITY OF NOTRE DAME,UNIVERSITY OF NOTRE DAME,2026,Q1,230000.0,,job-loss,https://lda.gov/filings/public/filing/67746217-0b70-49f2-b3df-d51ae21541a6/print/
"CORE SCIENTIFIC, INC.",BGR GOVERNMENT AFFAIRS,2026,Q1,80000.0,,,https://lda.gov/filings/public/filing/ca0e942b-db7b-4c4b-b885-6e1c2814b985/print/
APPLE INC.,FIERCE GOVERNMENT RELATIONS,2026,Q1,90000.0,"H.R. 3149, H.R. 3209, S. 1586",kids-chatbots,https://lda.gov/filings/public/filing/86dd6d55-771a-43fc-9daa-391ede2c201d/print/
SMACK TECHNOLOGIES INC.,AKIN GUMP STRAUSS HAUER & FELD,2026,Q1,50000.0,,,https://lda.gov/filings/public/filing/0e95b291-c1ab-4ca9-a6d6-03f3d76d8992/print/
SHIELD AI,SHIELD AI,2026,Q1,350000.0,,,https://lda.gov/filings/public/filing/8580d8b2-f745-48a8-af19-8f97a3a2cc6f/print/
HARVARD UNIVERSITY--PRESIDENT AND FELLOWS OF HARVARD COLLEGE,HARVARD UNIVERSITY--PRESIDENT AND FELLOWS OF HARVARD COLLEGE,2026,Q1,220000.0,,china-race; job-loss,https://lda.gov/filings/public/filing/3df4a525-1235-488a-a438-b0b84b6f36ec/print/
NATIONAL COMMITTEE TO PRESERVE SOCIAL SECURITY AND MEDICARE,NATIONAL COMMITTEE TO PRESERVE SOCIAL SECURITY AND MEDICARE,2026,Q1,190000.0,"H.J.Res. 139, H.R. 1, H.R. 1303, H.R. 1526, H.R. 17, H.R. 1700, H.R. 1834, H.R. 1876, H.R. 1877, H.R. 2023, H.R. 2045, H.R. 2142, H.R. 22, H.R. 222, H.R. 2491, H.R. 2540, H.R. 2999, H.R. 3271, H.R. 3289, H.R. 3467, H.R. 3517, H.R. 3522, H.R. 3954, H.R. 4734, H.R. 4849, H.R. 4968, H.R. 500, H.R. 5115, H.R. 6084, H.R. 609, H.R. 6237, H.R. 6424, H.R. 6455, H.R. 6703, H.R. 7096, H.R. 7296, H.R. 7806, H.R. 7828, H.R. 8100, H.Res. 1013, H.Res. 195, H.Res. 657, S. 1023, S. 1115, S. 1227, S. 1234, S. 1383, S. 1666, S. 1690, S. 1820, S. 2120, S. 2556, S. 2587, S. 2614, S. 2703, S. 2763, S. 3059, S. 3255, S. 3357, S. 3462, S. 3886, S. 3948, S. 4001, S. 4012, S. 770, S. 988",job-loss,https://lda.gov/filings/public/filing/5f1245fc-c5ed-42c6-945b-c1b360f3ee13/print/
LONDON STOCK EXCHANGE GROUP,LONDON STOCK EXCHANGE GROUP,2026,Q1,320000.0,"H.R. 3633, H.R. 5234",,https://lda.gov/filings/public/filing/f02f321e-4260-4251-8f88-8a5221eae67b/print/
AMERICAN CIVIL LIBERTIES UNION,AMERICAN CIVIL LIBERTIES UNION,2026,Q1,720000.0,"H.R. 1, H.R. 1007, H.R. 1028, H.R. 12, H.R. 1266, H.R. 14, H.R. 15, H.R. 1689, H.R. 1954, H.R. 1958, H.R. 2029, H.R. 22, H.R. 2487, H.R. 2616, H.R. 2617, H.R. 2683, H.R. 28, H.R. 2853, H.R. 3149, H.R. 3492, H.R. 3708, H.R. 3921, H.R. 4076, H.R. 4250, H.R. 4358, H.R. 4518, H.R. 4611, H.R. 4831, H.R. 4889, H.R. 498, H.R. 5068, H.R. 51, H.R. 5507, H.R. 59, H.R. 5973, H.R. 6091, H.R. 6291, H.R. 6397, H.R. 6453, H.R. 7147, H.R. 7148, H.R. 7161, H.R. 7247, H.R. 7296, H.R. 7300, H.R. 7423, H.R. 7531, H.R. 7621, H.R. 7651, H.R. 7661, H.R. 7691, H.R. 7709, H.R. 7744, H.R. 7816, H.R. 7856, H.R. 7901, H.R. 7917, H.R. 7930, H.R. 8175, H.Res. 1058, H.Res. 965, S. 128, S. 1503, S. 1572, S. 1691, S. 1748, S. 1809, S. 1829, S. 1957, S. 2149, S. 2150, S. 2164, S. 2212, S. 2296, S. 2316, S. 2523, S. 278, S. 3077, S. 3186, S. 3206, S. 3308, S. 3386, S. 3495, S. 3663, S. 3674, S. 3699, S. 3702, S. 3752, S. 3803, S. 3805, S. 3869, S. 3893, S. 4081, S. 4082, S. 4143, S. 4199, S. 51, S. 558, S. 836, S. 894, S. 9, S.J.Res. 103, S.Res. 604",bias; job-loss; kids-chatbots,https://lda.gov/filings/public/filing/29f7ee4d-02bd-47af-b7e6-5ed316143e74/print/
"SIEMENS HEALTHINEERS (FKA VARIAN MEDICAL SYSTEMS, INC.)",AKIN GUMP STRAUSS HAUER & FELD,2026,Q1,70000.0,"H.R. 6197, S. 1399",,https://lda.gov/filings/public/filing/bec78738-c92c-4245-b39f-174297dc856c/print/
NEWS/MEDIA ALLIANCE,INVARIANT LLC,2026,Q1,60000.0,,,https://lda.gov/filings/public/filing/6394245b-8e0b-4cc4-b501-e19b5f492627/print/
ADVANCED MEDICAL TECHNOLOGY ASSN,ADVANCED MEDICAL TECHNOLOGY ASSN,2026,Q1,1100000.0,H.R. 1539,,https://lda.gov/filings/public/filing/73eeb6bc-e2db-4118-88e0-aedf6c74ffff/print/
BUSINESS ROUNDTABLE,FIERCE GOVERNMENT RELATIONS,2026,Q1,60000.0,,,https://lda.gov/filings/public/filing/9192ffbe-59d1-45b6-af0f-3660618f60d1/print/
ORACLE CORPORATION,ORACLE CORPORATION,2026,Q1,2120000.0,"H.R. 2683, H.R. 5885, H.R. 6875, S. 3150",ai-cyberattacks; china-race; job-loss; power-bills,https://lda.gov/filings/public/filing/69ae1a3c-b5f0-45e3-b2a1-c638c5e3aaab/print/
CISCO SYSTEMS,KLEIN/JOHNSON GROUP,2026,Q1,50000.0,,,https://lda.gov/filings/public/filing/126f2a45-ed8d-4642-8012-46b48a3df4ee/print/
ERISA INDUSTRY COMMITTEE,THE ERISA INDUSTRY COMMITTEE,2026,Q1,90000.0,,ai-cyberattacks,https://lda.gov/filings/public/filing/0d2049c2-bf9e-40d5-9fa4-bd4b5e506171/print/
AICPA ASSOCIATION OF INTERNATIONAL CERTIFIED PROFESSIONAL ACCOUNTANTS,AICPA ASSOCIATION OF INTERNATIONAL CERTIFIED PROFESSIONAL ACCOUNTANTS,2026,Q1,1500000.0,,,https://lda.gov/filings/public/filing/aefc3142-a5b8-43a0-930f-08d7671244db/print/
IRON MOUNTAIN INCORPORATED,IRON MOUNTAIN INCORPORATED,2026,Q1,350000.0,,ai-cyberattacks; power-bills,https://lda.gov/filings/public/filing/5d61918e-5e23-4e66-baa7-e68ec44612ad/print/
"META PLATFORMS, INC.","MINDSET ADVOCACY, LLC",2026,Q1,50000.0,,ai-cyberattacks; deepfakes; kids-chatbots,https://lda.gov/filings/public/filing/ab1582f9-42ef-486b-b11f-a4dd9a005702/print/
CLEAN ENERGY BUYERS ASSOCIATION (FORMERLY RENEWABLE ENERGY BUYERS ALLIANCE),CLEAN ENERGY BUYERS ASSOCIATION (FORMERLY RENEWABLE ENERGY BUYERS ALLIANCE),2026,Q1,210000.0,"H.R. 1047, H.R. 1077, H.R. 1687, H.R. 1698, H.R. 1994, H.R. 2072, H.R. 2301, H.R. 2703, H.R. 2813, H.R. 2986, H.R. 301, H.R. 3638, H.R. 3657, H.R. 3751, H.R. 4503, H.R. 4776, H.R. 522, H.R. 5441, H.R. 5576, H.R. 5587, H.R. 5597, H.R. 5600, H.R. 5617, H.R. 5631, H.R. 5639, H.R. 573, H.R. 5964, H.R. 603, H.R. 6176, H.R. 6287, H.R. 6336, H.R. 6357, H.R. 6474, H.R. 6529, H.R. 6633, H.R. 6709, H.R. 6805, H.R. 7568, H.R. 7606, H.R. 7607, H.R. 7741, S. 1020, S. 1183, S. 1968, S. 3016, S. 3088, S. 3287, S. 3497, S. 3518, S. 3814, S. 3926, S. 4166, S. 456, S. 896",power-bills,https://lda.gov/filings/public/filing/1e830af4-7a8f-462c-8bbb-9ddb84dfe2a9/print/
ERICSSON INC.,ERICSSON INC.,2026,Q1,530000.0,,,https://lda.gov/filings/public/filing/2e95efb4-51c3-407b-8122-48ce917b445e/print/
"SB GROUP US, INC. DBA SOFTBANK GROUP US, INC.","SB GROUP US, INC. DBA SOFTBANK GROUP US, INC.",2026,Q1,550000.0,,,https://lda.gov/filings/public/filing/94453a99-c102-4d92-ae20-8919f157dec6/print/
"CISCO SYSTEMS, INC",FIERCE GOVERNMENT RELATIONS,2026,Q1,60000.0,,,https://lda.gov/filings/public/filing/16744c08-fd9f-44ac-a023-5132af05e725/print/
ANTI-DEFAMATION LEAGUE,ANTI-DEFAMATION LEAGUE,2026,Q1,400000.0,"H.R. 5681, H.Res. 963, S. 3292",,https://lda.gov/filings/public/filing/5dc3ab47-a3ff-468b-9195-2284df67726f/print/
MOTOROLA SOLUTIONS INC,"MOTOROLA SOLUTIONS, INC",2026,Q1,600000.0,,,https://lda.gov/filings/public/filing/3c9cdfbd-9777-4bd4-b2a8-e5dd31878b6b/print/
AMERICAN PSYCHIATRIC ASSOCIATION,AMERICAN PSYCHIATRIC ASSOCIATION,2026,Q1,205809.0,"H.R. 1, H.R. 1096, H.R. 1107, H.R. 1153, H.R. 1197, H.R. 1227, H.R. 1305, H.R. 1448, H.R. 1585, H.R. 1735, H.R. 1867, H.R. 1902, H.R. 1909, H.R. 1987, H.R. 2028, H.R. 2223, H.R. 2483, H.R. 2509, H.R. 2586, H.R. 2587, H.R. 2630, H.R. 3164, H.R. 3266, H.R. 3492, H.R. 3505, H.R. 3514, H.R. 3655, H.R. 3863, H.R. 3884, H.R. 3885, H.R. 3890, H.R. 4206, H.R. 4331, H.R. 4619, H.R. 4681, H.R. 4723, H.R. 4837, H.R. 498, H.R. 5074, H.R. 5281, H.R. 5434, H.R. 5482, H.R. 5509, H.R. 5557, H.R. 5629, H.R. 5706, H.R. 5725, H.R. 593, H.R. 6226, H.R. 6249, H.R. 6396, H.R. 6468, H.R. 6672, H.R. 6817, H.R. 7092, H.R. 7324, H.R. 7394, H.R. 7787, H.R. 786, H.R. 7875, H.R. 7961, H.R. 7994, H.R. 8234, H.R. 879, H.R. 912, H.R. 929, H.R. 957, H.Res. 792, S. 1056, S. 1062, S. 1261, S. 1379, S. 1460, S. 1640, S. 1673, S. 1816, S. 2011, S. 2121, S. 2439, S. 2446, S. 2621, S. 266, S. 2826, S. 2903, S. 3064, S. 3486, S. 3783, S. 3989, S. 4076, S. 475, S. 683, S. 709, S. 779, S. 926, S. 931, S. 942",ai-cyberattacks; bias; job-loss; kids-chatbots,https://lda.gov/filings/public/filing/3cf32bad-367f-48ba-a709-733648c3e69b/print/
SOUTHERN METHODIST UNIVERSITY,AXADVOCACY GOVERNMENT RELATIONS,2026,Q1,40000.0,,,https://lda.gov/filings/public/filing/51e6f276-87fb-4699-bda3-05ae8ba35485/print/
"ARMADA SYSTEMS, INC.","VENTURE GOVERNMENT STRATEGIES, LLC (FKA HOBART HALLAWAY & QUAYLE VENTURES, LLC)",2026,Q1,80000.0,,,https://lda.gov/filings/public/filing/37b4b81b-9eb4-4f7c-8ebe-dad094ed8b7d/print/
"AMERICAN INTERNATIONAL GROUP, INC.",INVARIANT LLC,2026,Q1,70000.0,,ai-cyberattacks,https://lda.gov/filings/public/filing/ce413cef-ffbb-427e-bf5f-fe11ee209ef6/print/
"ORACLE AMERICA, INC.",KLEIN/JOHNSON GROUP,2026,Q1,80000.0,,ai-cyberattacks,https://lda.gov/filings/public/filing/58efb6ad-0543-4e3e-92f3-8df3e10dd1cb/print/
RAVEN,KLEIN/JOHNSON GROUP,2026,Q1,20000.0,,,https://lda.gov/filings/public/filing/412de723-b403-4023-be9d-e99c8a7ead15/print/
"ZILLOW GROUP, INC.","ZILLOW GROUP, INC.",2026,Q1,320000.0,,,https://lda.gov/filings/public/filing/12cca65c-2f63-4a7a-a581-aea91fdd6bdf/print/
RELX INC.,KLEIN/JOHNSON GROUP,2026,Q1,50000.0,,,https://lda.gov/filings/public/filing/2b5cbd66-a6f2-46de-80ab-2a7063a139d9/print/
GOVLY,"MORAN GLOBAL STRATEGIES, INC.",2026,Q1,20000.0,,,https://lda.gov/filings/public/filing/664df20d-b903-45cb-8b97-02e04caeb2ec/print/
NEWS CORPORATION,"RESOLUTION PUBLIC AFFAIRS, LLC",2026,Q1,50000.0,,,https://lda.gov/filings/public/filing/d71ae96b-f5cb-4a6e-9e36-6b658d2db349/print/
SAMSARA INC.,KLEIN/JOHNSON GROUP,2026,Q1,50000.0,,,https://lda.gov/filings/public/filing/175ea37f-506a-4761-90c9-270884b0bd3f/print/
NOVARTIS,NOVARTIS,2026,Q1,3930000.0,"H.R. 1262, H.R. 2214, H.R. 3037, H.R. 5256, H.R. 946, S. 1500, S. 1682, S. 864, S. 932",kids-chatbots,https://lda.gov/filings/public/filing/88a6ffbd-8400-46ef-af8c-de6159486b34/print/
NATIONAL ASSOCIATION OF REALTORS,INVARIANT LLC,2026,Q1,80000.0,,,https://lda.gov/filings/public/filing/cf744267-1fbf-4346-b6a0-e676ab814072/print/
JOHN HANCOCK LIFE INSURANCE COMPANY (U.S.A),JOHN HANCOCK LIFE INSURANCE COMPANY (U.S.A),2026,Q1,400000.0,,,https://lda.gov/filings/public/filing/4d139618-de5a-4bf3-a913-c71ff8e6e7af/print/
U.S. CHAMBER OF COMMERCE,FULCRUM PUBLIC AFFAIRS LLC,2026,Q1,50000.0,,,https://lda.gov/filings/public/filing/e38bb4ed-307a-486b-988a-ffd046175a70/print/
THE BUSINESS ROUNDTABLE,"MEHLMAN CONSULTING, INC.",2026,Q1,60000.0,,,https://lda.gov/filings/public/filing/5cbc241c-365e-458a-9eba-3e0930c7e8f1/print/
"WORLDQUANT, LLC",BGR GOVERNMENT AFFAIRS,2026,Q1,60000.0,,,https://lda.gov/filings/public/filing/cedd16f9-7ef6-4baf-81ba-b1d46c1c5b74/print/
EDISON ELECTRIC INSTITUTE,"MEHLMAN CONSULTING, INC.",2026,Q1,60000.0,,job-loss,https://lda.gov/filings/public/filing/9da5d3cc-efc7-4ab0-8735-b8f3c75f59f0/print/
EPIC SYSTEMS CORPORATION,"MEHLMAN CONSULTING, INC.",2026,Q1,60000.0,,,https://lda.gov/filings/public/filing/1e78969a-5a52-43d8-a3b9-5e9a5b9adb85/print/
ISACA,IMPERIUM GLOBAL ADVISORS,2026,Q1,60000.0,,ai-cyberattacks,https://lda.gov/filings/public/filing/cd772c46-835c-458d-8666-10cdfbddef1e/print/
"KAISER FOUNDATION HEALTH PLAN, INC.","MEHLMAN CONSULTING, INC.",2026,Q1,90000.0,,,https://lda.gov/filings/public/filing/33791561-1e36-4e10-80d1-8ae299e5cba6/print/
BIPARTISAN POLICY CENTER ACTION,BIPARTISAN POLICY CENTER ACTION,2026,Q1,550000.0,,,https://lda.gov/filings/public/filing/5712b4d8-f01b-4f5a-8fed-9678617e65d9/print/
WALKME,IMPERIUM GLOBAL ADVISORS,2026,Q1,25000.0,,,https://lda.gov/filings/public/filing/49ffeaa8-d2b9-4dcb-87f4-922ab1cf575c/print/
MARVELL TECHNOLOGY,"MEHLMAN CONSULTING, INC.",2026,Q1,60000.0,,job-loss; power-bills,https://lda.gov/filings/public/filing/979edfe6-5284-4a0f-aee7-d25dc10f4175/print/
NATIONAL ASSOCIATION OF MANUFACTURERS,NATIONAL ASSOCIATION OF MANUFACTURERS,2026,Q1,2140000.0,,job-loss,https://lda.gov/filings/public/filing/462e66d6-acef-4568-80db-26025ba4f331/print/
"SAP AMERICA, INC.",AKIN GUMP STRAUSS HAUER & FELD,2026,Q1,130000.0,,ai-cyberattacks,https://lda.gov/filings/public/filing/5dbba26b-accc-45b2-86b9-866e50a34a30/print/
SOFTWARE & INFORMATION INDUSTRY ASSOCIATION (SIIA),"CROSSROADS STRATEGIES, LLC",2026,Q1,60000.0,"H.R. 1623, H.R. 2657, H.R. 2683, H.R. 3149, H.R. 5360, H.R. 6253, H.R. 6257, H.R. 6259, H.R. 6265, H.R. 6273, H.R. 6289, H.R. 6290, H.R. 6291, H.R. 6292, H.R. 6333, H.R. 6437, H.R. 6484, H.R. 6488, H.R. 6489, H.R. 6499, S. 1748, S. 2750, S. 278, S. 836",bias; kids-chatbots; loss-of-control,https://lda.gov/filings/public/filing/a41ebe5f-eb93-4284-a26a-b5517c2e6487/print/
NATIONAL VENTURE CAPITAL ASSOCIATION,"MEHLMAN CONSULTING, INC.",2026,Q1,60000.0,,ai-cyberattacks,https://lda.gov/filings/public/filing/37428a0d-dd6b-4bee-989c-aa65390eeb0a/print/
VERIZON COMMUNICATIONS INC,"MINDSET ADVOCACY, LLC",2026,Q1,30000.0,,ai-cyberattacks; china-race,https://lda.gov/filings/public/filing/e3986d16-a8a8-475c-973a-9923af2d8e7a/print/
AON CORPORATION,AON CORPORATION,2026,Q1,320000.0,H.R. 7128,power-bills,https://lda.gov/filings/public/filing/f1e7c437-496c-4f35-888b-87be94345434/print/
"OPENAI OPCO, LLC",DLA PIPER LLP (US),2026,Q1,50000.0,,,https://lda.gov/filings/public/filing/acaa7a72-bfde-4163-91f9-ea62d7ff47a0/print/
WASHINGTON STATE UNIVERSITY,WASHINGTON STATE UNIVERSITY,2026,Q1,81998.0,,ai-cyberattacks; job-loss,https://lda.gov/filings/public/filing/5409cdb3-c74e-4a36-b2c9-d35360bf9816/print/
"INTUIT, INC. AND AFFILIATES (FORMERLY INTUIT, INC.)","INTUIT, INC. AND AFFILIATES (FORMERLY INTUIT, INC.)",2026,Q1,1130000.0,"H.R. 3679, H.R. 5764, H.R. 5784",,https://lda.gov/filings/public/filing/0fe2f2c7-6157-4f76-812b-b9ca7a21ccc2/print/
"TRETE, INC.","INNOVATIVE POLICY, PLLC",2026,Q1,30000.0,,,https://lda.gov/filings/public/filing/e1fd5818-1005-48d8-adbe-b92766f5a0de/print/
UNITED ASSN OF JOURNEYMEN & APPRENTICES OF THE PLUMBING & PIPEFITTING INDUSTRY,UNITED ASSN OF JOURNEYMEN & APPRENTICES OF THE PLUMBING & PIPEFITTING INDUSTRY,2026,Q1,240000.0,"H.R. 1, H.R. 2550, H.R. 7148, H.R. 7613, S. 3682, S. 4214",job-loss; power-bills,https://lda.gov/filings/public/filing/755df1e5-43cc-4c4e-b09b-2f23f90aa904/print/
"WORKDAY, INC.",INVARIANT LLC,2026,Q1,70000.0,,,https://lda.gov/filings/public/filing/64eec01a-9911-4e92-951a-6786ca1e1b81/print/
"CROWDSTRIKE, INC.","CROWDSTRIKE, INC.",2026,Q1,400000.0,,ai-cyberattacks,https://lda.gov/filings/public/filing/16b7ab49-f4b3-4644-85a9-b8dec3267624/print/
RETAIL INDUSTRY LEADERS ASSOCIATION (RILA),"MEHLMAN CONSULTING, INC.",2026,Q1,50000.0,"H.R. 2853, S. 1404",ai-cyberattacks,https://lda.gov/filings/public/filing/398260ea-27ee-4184-9068-d1452bba9d00/print/
OCEANA INC,"OCEANA, INC.",2026,Q1,200000.0,"H.R. 1897, H.R. 1918, H.R. 2673, H.R. 2820, H.R. 2848, H.R. 2849, H.R. 2862, H.R. 2865, H.R. 2881, H.R. 2882, H.R. 2886, H.R. 4486, H.R. 4776, H.R. 6068, H.R. 6184, H.R. 6938, H.R. 7332, H.R. 7370, H.R. 7543, S. 1432, S. 1445, S. 1472, S. 1486, S. 2353, S. 4181, S. 897",job-loss,https://lda.gov/filings/public/filing/cf4e9bfe-39cb-4bf4-8f22-f905caf3d9de/print/
INSULET CORPORATION,INSULET CORPORATION,2026,Q1,140000.0,S. 4037,,https://lda.gov/filings/public/filing/0723cd08-37a0-4669-93f5-c48b3ee267f7/print/
AGILE DEFENSE LLC,"VENTURE GOVERNMENT STRATEGIES, LLC (FKA HOBART HALLAWAY & QUAYLE VENTURES, LLC)",2026,Q1,50000.0,,,https://lda.gov/filings/public/filing/60897806-d6d5-4299-b453-e6d79c3958fc/print/
US AI,STINSON LLP,2026,Q1,80000.0,,,https://lda.gov/filings/public/filing/761f4cc0-96c5-4244-9b67-c4b4a9de937d/print/
RECORDING INDUSTRY ASSOCIATION OF AMERICA,FIERCE GOVERNMENT RELATIONS,2026,Q1,50000.0,,,https://lda.gov/filings/public/filing/dae21221-476b-450b-9df7-67ebb2bdafe4/print/
HIGHMARK INC,"HIGHMARK, INC.",2026,Q1,250000.0,"H.R. 247, H.R. 5145, H.R. 6248, H.R. 6501, H.R. 6703, S. 2355, S. 3385, S. 3386, S. 3822, S. 4027, S. 46",kids-chatbots,https://lda.gov/filings/public/filing/69377e58-1838-48a9-bee9-e3eedc8ac443/print/
"AUTODESK, INC","CASSIDY & ASSOCIATES, INC.",2026,Q1,60000.0,,ai-cyberattacks; job-loss,https://lda.gov/filings/public/filing/784d6542-c879-4db5-a8b5-24158b91da66/print/
"ADVANCED MICRO DEVICES, INC.","VENTURE GOVERNMENT STRATEGIES, LLC (FKA HOBART HALLAWAY & QUAYLE VENTURES, LLC)",2026,Q1,40000.0,,,https://lda.gov/filings/public/filing/55ce21ee-4840-42dc-b531-5b94e12b4484/print/
MASSACHUSETTS MUTUAL LIFE INSURANCE COMPANY (MASSMUTUAL FINANCIAL GROUP),BGR GOVERNMENT AFFAIRS,2026,Q1,40000.0,H.R. 1,ai-cyberattacks,https://lda.gov/filings/public/filing/fdb8fbf1-97eb-4790-8409-52528419e318/print/
BOOZ ALLEN HAMILTON INC.,MONUMENT ADVOCACY,2026,Q1,30000.0,,ai-cyberattacks,https://lda.gov/filings/public/filing/9bb79a76-4b9c-4dfd-9d34-59db6f90ea00/print/
PINTEREST,"CM STRATEGIC, LLC",2026,Q1,30000.0,,kids-chatbots,https://lda.gov/filings/public/filing/3cbfee4c-ca3d-4550-85f4-9de8aa3e5f45/print/
GEMINUS.AI INC.,THE VOGEL GROUP,2026,Q1,10000.0,,,https://lda.gov/filings/public/filing/2b753d91-b6d9-4b55-aa43-b2d7886e0105/print/
NVIDIA CORPORATION,BGR GOVERNMENT AFFAIRS,2026,Q1,120000.0,,,https://lda.gov/filings/public/filing/a27ab4b8-c6f1-4e74-9886-17cffafd0e33/print/
"SIEMENS ENERGY, INC.",FIERCE GOVERNMENT RELATIONS,2026,Q1,50000.0,,power-bills,https://lda.gov/filings/public/filing/b9bac785-46cd-4a47-b6ee-19e2ec30cf58/print/
EDGECONNEX,MONUMENT ADVOCACY,2026,Q1,90000.0,,power-bills,https://lda.gov/filings/public/filing/11da86e7-9b97-4204-88be-30da81df7d24/print/
RELX INC,RELX INC.,2026,Q1,780000.0,,,https://lda.gov/filings/public/filing/a48945f2-9aa9-4530-9d99-46a171d57b70/print/
AFL-CIO,AFL-CIO,2026,Q1,880000.0,"H.R. 1076, H.R. 142, H.R. 1834, H.R. 3460, H.R. 4999, H.R. 5437, H.R. 5761, H.R. 5940, H.R. 6145, H.R. 6304, H.R. 6356, H.R. 6371, H.R. 6909, H.R. 7334, H.R. 8100, S. 1213, S. 1748, S. 2321, S. 2355, S. 262, S. 2750, S. 3319, S. 3339, S. 3480, S. 3866, S. 3952, S. 4046, S. 4214, S. 485",bias; china-race; job-loss; kids-chatbots; power-bills,https://lda.gov/filings/public/filing/fbcc38e6-a62b-4dbb-8581-2445c004d5a0/print/
HALEON US HOLDINGS LLC,HALEON US HOLDINGS LLC,2026,Q1,240000.0,,,https://lda.gov/filings/public/filing/d07f6568-24ba-4c2e-9937-b70b71a2e875/print/
HEWLETT PACKARD ENTERPRISE COMPANY & AFFILIATES,HEWLETT PACKARD ENTERPRISE COMPANY,2026,Q1,1070000.0,"H.R. 1118, H.R. 2385, H.R. 3838, H.R. 856, S. 2296",loss-of-control,https://lda.gov/filings/public/filing/9f02350a-9000-4d7a-a059-938cf6c3ecd8/print/
AARP,AARP,2026,Q1,3830000.0,"H.R. 1027, H.R. 1402, H.R. 1469, H.R. 1479, H.R. 1734, H.R. 2441, H.R. 2478, H.R. 2491, H.R. 2808, H.R. 2978, H.R. 2988, H.R. 306, H.R. 3183, H.R. 3469, H.R. 3633, H.R. 4313, H.R. 4936, H.R. 5575, H.R. 6425, H.R. 6644, H.R. 6678, H.R. 6735, H.R. 6766, H.R. 7215, H.R. 7548, H.R. 7618, H.R. 7786, H.R. 7966, H.R. 8100, S. 1227, S. 1467, S. 1699, S. 1773, S. 1877, S. 2019, S. 2117, S. 2120, S. 2237, S. 281, S. 2840, S. 314, S. 3354, S. 3439, S. 3492, S. 3774, S. 3886, S. 3982, S. 4055, S. 4092, S. 4118, S. 4144, S. 668",deepfakes; job-loss,https://lda.gov/filings/public/filing/5e947cad-7bb7-4291-bb48-85856b0c8c27/print/
CONCURRENT TECHNOLOGIES CORPORATION,PRASAM,2026,Q1,10000.0,,ai-cyberattacks,https://lda.gov/filings/public/filing/d05013e6-ee4c-4f75-9ec2-7d6f68f52377/print/
UNIVERSITY OF TULSA,"SBL STRATEGIES, LLC",2026,Q1,30000.0,,,https://lda.gov/filings/public/filing/9780dcb8-295d-4628-8e67-3b2b74b5bfa9/print/
"ZOOM COMMUNICATIONS, INC. (F/K/A ZOOM VIDEO COMMUNICATION INC.)","MEHLMAN CONSULTING, INC.",2026,Q1,50000.0,,,https://lda.gov/filings/public/filing/c1d4548f-c1f6-43fe-95bb-759018eff254/print/
BLUE CROSS AND BLUE SHIELD ASSOCIATION,BLUE CROSS AND BLUE SHIELD ASSOCIATION,2026,Q1,1520000.0,"H.R. 1197, H.R. 1627, H.R. 1909, H.R. 2509, H.R. 3841, H.R. 4710, H.R. 5629, H.R. 6248, S. 1851, S. 2355, S. 2420, S. 4027, S. 931, S. 958",ai-cyberattacks; job-loss,https://lda.gov/filings/public/filing/f688dc52-44fa-43c7-be1a-9f66d5ca326d/print/
CALIFORNIA STATE UNIVERSITY,CALIFORNIA STATE UNIVERSITY,2026,Q1,50000.0,"H.R. 5371, S. 1071",ai-cyberattacks; china-race; job-loss; kids-chatbots,https://lda.gov/filings/public/filing/2fd6e4cd-2162-4794-82eb-5b4b124ceef8/print/
PRINCE WILLIAM SOUND REGIONAL CITIZENS ADVISORY COUNCIL,BLANK ROME GOVERNMENT RELATIONS,2026,Q1,10000.0,"H.R. 4275, S. 524",,https://lda.gov/filings/public/filing/75a9795a-f158-4f81-aa68-5af5c395f86d/print/
PHARMACEUTICAL RESEARCH AND MANUFACTURERS OF AMERICA,PHARMACEUTICAL RESEARCH AND MANUFACTURERS OF AMERICA,2026,Q1,12210000.0,"H.R. 1, H.R. 1262, H.R. 1492, H.R. 2214, H.R. 4317, H.R. 5256, H.R. 6423, H.R. 7837, H.R. 7953, H.R. 946, S. 1414, S. 1954, S. 2296, S. 2658, S. 3345, S. 355, S. 3788, S. 5459, S. 652, S. 832, S. 864, S. 891, S. 932",kids-chatbots,https://lda.gov/filings/public/filing/1418a58b-0775-4e45-9b77-06e8109c2656/print/
SPOTIFY,"RESOLUTION PUBLIC AFFAIRS, LLC",2026,Q1,50000.0,,,https://lda.gov/filings/public/filing/369253f1-3bfb-47c8-b8c1-987294fcc003/print/
DIGITAL CURRENCY GROUP,BGR GOVERNMENT AFFAIRS,2026,Q1,60000.0,,,https://lda.gov/filings/public/filing/a81b533f-a322-4c32-9fcb-f1c50e5baa6b/print/
NEBIUS GROUP N.V.,BGR GOVERNMENT AFFAIRS,2026,Q1,200000.0,,power-bills,https://lda.gov/filings/public/filing/d531a283-2ac8-40a0-88d8-6e4a58875aa6/print/
ENTERGY SERVICES LLC,"ENTERGY SERVICES, LLC",2026,Q1,670000.0,"H.R. 2548, H.R. 3843, H.R. 3978, H.R. 5600, H.R. 6336, S. 1241, S. 2082, S. 3034, S. 3585, S. 3682, S. 3814, S. 3852, S. 3947, S. 465",ai-cyberattacks; power-bills,https://lda.gov/filings/public/filing/a9de8de6-01de-4876-bcba-fa4dfe4a0080/print/
"DATABRICKS, INC.",BGR GOVERNMENT AFFAIRS,2026,Q1,60000.0,,,https://lda.gov/filings/public/filing/a6ff0247-fdb1-4c24-ba5a-055bec28dfb3/print/
ECS,BGR GOVERNMENT AFFAIRS,2026,Q1,60000.0,,,https://lda.gov/filings/public/filing/385e03fa-83d1-4f41-bb4f-4d512e7f6e3a/print/
GOOGLE CLIENT SERVICES LLC,"THE SIMMONS & RUSSELL GROUP, LLC",2026,Q1,40000.0,H.R. 1,ai-cyberattacks,https://lda.gov/filings/public/filing/5ca35724-9d58-4cb7-9808-e8055e7ad56e/print/
PINNACLE WEST CAPITAL CORPORATION,PINNACLE WEST CAPITAL CORPORATION,2026,Q1,200000.0,"H.R. 1047, H.R. 1355, H.R. 2444, H.R. 2545, H.R. 3062, H.R. 3157, H.R. 3616, H.R. 3617, H.R. 3628, H.R. 3632, H.R. 3638, H.R. 3843, H.R. 4503, H.R. 5600, H.R. 6336, H.R. 6633, H.R. 6983, H.R. 7729, S. 1071, S. 1327, S. 1757, S. 2082, S. 3034, S. 3585, S. 3682, S. 3814, S. 3852, S. 3947, S. 465",ai-cyberattacks; power-bills,https://lda.gov/filings/public/filing/01be304e-4534-4c92-9cd5-b6851a77efe0/print/
SHOPIFY INC.,INVARIANT LLC,2026,Q1,50000.0,,,https://lda.gov/filings/public/filing/749cfa9c-38a5-48b2-9972-c5a1e355d1b6/print/
PPL CORPORATION,PPL CORPORATION,2026,Q1,210000.0,"H.R. 1047, H.R. 3015, H.R. 3062, H.R. 3157, H.R. 3616, H.R. 3617, H.R. 3628, H.R. 3632, H.R. 3638, H.R. 3843, H.R. 4503, H.R. 5600, H.R. 6336, H.R. 7257, H.R. 7272, H.R. 7305, H.R. 7729, S. 1327, S. 1337, S. 1875, S. 3034, S. 3585, S. 3852, S. 3947, S. 465",ai-cyberattacks; power-bills,https://lda.gov/filings/public/filing/4261c0d4-30d2-47d7-8041-9a5968070903/print/
"ARENA PHYSICA (FKA ARENA TECHNOLOGIES, INC.)",BGR GOVERNMENT AFFAIRS,2026,Q1,50000.0,,,https://lda.gov/filings/public/filing/1fbd3282-9712-44a8-ab94-c7760aa5e2ae/print/
GULF SOUTH BUSINESS ROUNDTABLE,"ALPINE GROUP PARTNERS, LLC.",2026,Q1,80000.0,,power-bills,https://lda.gov/filings/public/filing/b5e80af4-7bde-410e-ac8f-bf82b19e257d/print/
NVIDIA CORPORATION,NVIDIA CORPORATION,2026,Q1,1290000.0,"H.R. 2683, H.R. 3447, H.R. 6875, S. 1705, S. 3519",china-race; job-loss,https://lda.gov/filings/public/filing/e3bcdce8-77ad-4bfc-8d23-d52f9603efb3/print/
NVIDIA CORPORATION,"THE NICKLES GROUP, LLC",2026,Q1,100000.0,,,https://lda.gov/filings/public/filing/00bbd66f-2f3d-4533-a94f-558565e73cea/print/
NATIONAL ASSOCIATION OF MUTUAL INSURANCE COMPANIES,NATIONAL ASSOCIATION OF MUTUAL INSURANCE COMPANIES,2026,Q1,506440.0,"H.R. 1734, H.R. 2770, H.R. 3460, H.R. 3775, H.R. 4142, H.R. 5227, H.R. 5388, H.R. 5784, H.R. 5885, H.R. 6304, H.R. 6875, H.R. 8037, H.R. 8094, S. 1269, S. 1290, S. 1378, S. 1638, S. 1798, S. 2177, S. 2528, S. 2750, S. 2937, S. 3108, S. 3339, S. 3354, S. 3557, S. 3957, S. 4069",ai-cyberattacks; bias; china-race; deepfakes; job-loss; power-bills,https://lda.gov/filings/public/filing/8bd79731-b675-454d-bcef-8738b546af35/print/
FOUNDATION FOR ADVANCING ALCOHOL RESPONSIBILITY (FKA THE CENTURY COUNCIL),THE FOUNDATION FOR ADVANCING ALCOHOL RESPONSIBILITY (FKA THE CENTURY COUNCIL),2026,Q1,116342.0,"H.R. 1137, H.R. 4552, H.R. 6704, H.R. 7148, S. 2465",job-loss; loss-of-control,https://lda.gov/filings/public/filing/1e87c664-85b7-44ce-8aa1-dd002b8591c0/print/
AMERICAN ASSOCIATION FOR JUSTICE,AMERICAN ASSOCIATION FOR JUSTICE,2026,Q1,1480000.0,"H.R. 1941, H.R. 2481, H.R. 2794, H.R. 3149, H.R. 3921, H.R. 5511, H.R. 6149, H.R. 6253, H.R. 6257, H.R. 6265, H.R. 6273, H.R. 6291, H.R. 633, H.R. 6333, H.R. 6484, H.R. 6488, H.R. 6489, H.R. 7757, S. 1291, S. 1367, S. 146, S. 1586, S. 1748, S. 1829, S. 278, S. 281, S. 2937, S. 3023, S. 3062, S. 3546, S. 836, S. 841",bias; deepfakes; kids-chatbots,https://lda.gov/filings/public/filing/2853d596-6f96-411d-ba3e-8d652b8d46a4/print/
"MERCARI, INC.",INVARIANT LLC,2026,Q1,50000.0,,,https://lda.gov/filings/public/filing/50e8b277-004f-4398-9627-56f46a50b11e/print/
NATIONAL ASSOCIATION OF WHOLESALER-DISTRIBUTORS,NATIONAL ASSOCIATION OF WHOLESALER-DISTRIBUTORS,2026,Q1,640000.0,,,https://lda.gov/filings/public/filing/b04b4e81-3506-4739-b014-13fb4ddeb421/print/
NEWS MEDIA ALLIANCE,"WILLIAMS AND JENSEN, PLLC",2026,Q1,60000.0,,,https://lda.gov/filings/public/filing/e725c254-9f77-4028-b5f0-3cb73f2bd1a9/print/
"NETFLIX, INC.",MONUMENT ADVOCACY,2026,Q1,130000.0,,,https://lda.gov/filings/public/filing/adaab50c-57ce-48c1-918f-56e82dd2e388/print/
ECOLAB INC,ECOLAB INC.,2026,Q1,510000.0,,power-bills,https://lda.gov/filings/public/filing/fffd5f54-dcff-4457-91e4-38c4b0690df2/print/
AMERICAN SECURITY FUND,UPTOWN STRATEGIES INC. (FKA UPTOWN SOLUTIONS LLC),2026,Q1,30000.0,"H.R. 1718, H.R. 3932, H.R. 4704, H.R. 6149, H.R. 6943, H.R. 7532, H.R. 7567, H.R. 8315, S. 1409, S. 2103, S. 2399, S. 2502, S. 2714, S. 2770, S. 3050, S. 3162, S. 3205, S. 3312, S. 3696, S. 3897, S. 4638, S. 687",bioweapons; china-race; kids-chatbots,https://lda.gov/filings/public/filing/80af8a52-babd-42c7-a339-03d7f833ecd0/print/
"T-MOBILE USA, INC.",GOLDSTEIN POLICY SOLUTIONS LLC,2026,Q1,30000.0,,,https://lda.gov/filings/public/filing/85d603da-9e97-422e-bec0-e728f8f4a50e/print/
CORNELL UNIVERSITY,CORNELL UNIVERSITY,2026,Q1,180000.0,"H.R. 7567, H.R. 7949",china-race; job-loss,https://lda.gov/filings/public/filing/f39abd3e-5a39-447b-a3c0-d25a96f9483b/print/
SCIENCE APPLICATIONS INTERNATIONAL CORPORATION,SCIENCE APPLICATIONS INTERNATIONAL CORPORATION,2026,Q1,460000.0,,ai-cyberattacks,https://lda.gov/filings/public/filing/25d5fd82-5ede-4441-a7b9-3e0f3ac12c48/print/
COMCAST CORPORATION,ACG ADVOCACY,2026,Q1,20000.0,,,https://lda.gov/filings/public/filing/81a52183-db9b-4b4a-9688-80a5335a7ac4/print/
"ADVOCATE HEALTH (FKA ADVOCATE AURORA HEALTH, INC.)","ADVOCATE HEALTH (FKA ADVOCATE AURORA HEALTH, INC.)",2026,Q1,1170000.0,,ai-cyberattacks; job-loss,https://lda.gov/filings/public/filing/cb7cdce1-cb94-40b9-a2fd-6a5a027c6bb3/print/
UNIVERSITY OF CALIFORNIA,UNIVERSITY OF CALIFORNIA,2026,Q1,1140000.0,"H.R. 1223, H.R. 3816, H.R. 5089, H.R. 5304, H.R. 5371, H.R. 6938, H.R. 7006, H.R. 7148, H.R. 7567, H.R. 7889, S. 1541, S. 2587, S. 318, S. 3923",ai-cyberattacks; china-race; job-loss; kids-chatbots,https://lda.gov/filings/public/filing/1a845765-37c2-4edf-b973-1fa19ff1daaf/print/
ALLIANCE FOR A BETTER FUTURE,ACG ADVOCACY,2026,Q1,40000.0,,kids-chatbots,https://lda.gov/filings/public/filing/d95fb7fb-0b41-4650-8a0f-a34a4fec46ea/print/
DELTA AIR LINES INC,"DELTA AIR LINES, INC.",2026,Q1,1700000.0,"H.R. 1, H.R. 1719, H.R. 3530, H.R. 4213, H.R. 4552, H.R. 5371, H.R. 5451, H.R. 5455, H.R. 5851, H.R. 6086, H.R. 6518, H.R. 7147, H.R. 7613, S. 1045, S. 144, S. 2465, S. 3031, S. 3387, S. 3759",ai-cyberattacks; job-loss,https://lda.gov/filings/public/filing/010a3590-fe43-4200-bd90-ee65329540c4/print/
MEDICAL GROUP MANAGEMENT ASSN,MEDICAL GROUP MANAGEMENT ASSN,2026,Q1,300000.0,"H.R. 3514, H.R. 4710, H.R. 4731, H.R. 5269, H.R. 6160, H.R. 7148, H.R. 7961, H.R. 8163, S. 1816, S. 2439, S. 2761, S. 2879",job-loss; loss-of-control,https://lda.gov/filings/public/filing/6e0db8e3-8a0b-4880-a31f-fe6046b8965b/print/
"HUGGING FACE, INC.",INVARIANT LLC,2026,Q1,60000.0,,,https://lda.gov/filings/public/filing/cb7f16be-d9fd-4511-8538-0e3e83c646e6/print/
STRATEGIC EDUCATION INC (FKA CAPELLA EDUCATION COMPANY),"COOLEY, LLP",2026,Q1,50000.0,,job-loss,https://lda.gov/filings/public/filing/eac4545b-f5c7-4dc3-b88a-aec53b8b2fe5/print/
UNIVERSITY OF SOUTH FLORIDA,UNIVERSITY OF SOUTH FLORIDA,2026,Q1,60000.0,"H.R. 4016, H.R. 4552, H.R. 5304, H.R. 5342, S. 2354, S. 2465, S. 2572, S. 2587",ai-cyberattacks; job-loss,https://lda.gov/filings/public/filing/3c966371-c84a-4160-aac6-b08edc4bf071/print/
BIOTECHNOLOGY INNOVATION ORGANIZATION,BIOTECHNOLOGY INNOVATION ORGANIZATION,2026,Q1,1620000.0,"H.R. 1262, H.R. 1492, H.R. 1672, H.R. 3152, H.R. 3160, H.R. 3269, H.R. 5391, H.R. 6166, H.R. 6423, H.R. 6485, S. 1041, S. 1095, S. 1096, S. 1097, S. 1302, S. 1546, S. 1553, S. 2276, S. 2658, S. 2764, S. 3741, S. 43, S. 526, S. 527, S. 705, S. 832, S. 864, S. 932",bioweapons; china-race; kids-chatbots,https://lda.gov/filings/public/filing/aa3a50d4-e002-4373-a5cf-812a7ace6757/print/
BLUE CROSS AND BLUE SHIELD OF KANSAS INC,"BLUE CROSS AND BLUE SHIELD OF KANSAS, INC.",2026,Q1,10000.0,"H.R. 1627, H.R. 1909, H.R. 2509, H.R. 3841, H.R. 4710, H.R. 5629, H.R. 6248, S. 1851, S. 2355, S. 2420, S. 4027",ai-cyberattacks; job-loss,https://lda.gov/filings/public/filing/80806f1d-c58e-4e2d-a8dc-a6f0d47b383b/print/
"X, INC. F/K/A TWITTER, INC.","THE JOSEPH GROUP, LLC",2026,Q1,30000.0,,,https://lda.gov/filings/public/filing/ad633a8a-755d-423d-84fb-4858a9469710/print/
BLOCK INC.,"CROSSROADS STRATEGIES, LLC",2026,Q1,60000.0,S. 1582,,https://lda.gov/filings/public/filing/28bcb6d8-d412-4303-934a-3604df361322/print/
"SALESFORCE, INC.",INVARIANT LLC,2026,Q1,80000.0,,,https://lda.gov/filings/public/filing/8f26fe77-b7e9-4e61-bc4e-a31819382d51/print/
Y COMBINATOR,"THE JOSEPH GROUP, LLC",2026,Q1,45000.0,,,https://lda.gov/filings/public/filing/5753474b-6788-4608-afcc-7830e1b4a2d2/print/
DUCKDUCKGO,"THE JOSEPH GROUP, LLC",2026,Q1,30000.0,,,https://lda.gov/filings/public/filing/f26d10fe-22e2-40b0-bffc-485e643753e9/print/
CALBRIGHT COLLEGE,ARNOLD & PORTER KAYE SCHOLER LLP,2026,Q1,50000.0,,job-loss,https://lda.gov/filings/public/filing/aaeedf9e-b0ac-4bbc-8934-0fccc81b56ba/print/
"PEPSICO, INC.",MONUMENT ADVOCACY,2026,Q1,50000.0,,,https://lda.gov/filings/public/filing/e02df783-6ab4-4f6b-bd7b-2045dd1fc681/print/
DATA CENTER COALITION,"CROSSROADS STRATEGIES, LLC",2026,Q1,60000.0,,power-bills,https://lda.gov/filings/public/filing/87df1f5f-8b9a-4c08-b856-73e57d98d321/print/
EDISON ELECTRIC INSTITUTE,EDISON ELECTRIC INSTITUTE,2026,Q1,2559417.0,"H.R. 1047, H.R. 1355, H.R. 3015, H.R. 3062, H.R. 3157, H.R. 3616, H.R. 3617, H.R. 3628, H.R. 3632, H.R. 3638, H.R. 3657, H.R. 3843, H.R. 4503, H.R. 5600, H.R. 6336, H.R. 6633, H.R. 6983, H.R. 7729, S. 1327, S. 3034, S. 3585, S. 3682, S. 3852, S. 3947, S. 465",ai-cyberattacks; power-bills,https://lda.gov/filings/public/filing/a62afa01-8f71-4016-830b-8fdd19d8a8da/print/
COMPLETE COLLEGE AMERICA,ARNOLD & PORTER KAYE SCHOLER LLP,2026,Q1,40000.0,"H.R. 4806, S. 2511",job-loss,https://lda.gov/filings/public/filing/2e58a797-d543-4a8e-83b0-b4595af7d9cf/print/
OPENAI,"MILLER STRATEGIES, LLC",2026,Q1,150000.0,,,https://lda.gov/filings/public/filing/769cd6f2-89e9-42d7-ae56-a082f583fb2e/print/
MAGICSCHOOL AI,ARNOLD & PORTER KAYE SCHOLER LLP,2026,Q1,50000.0,"H.R. 2385, H.R. 5584, S. 1748, S. 2740, S. 836",kids-chatbots,https://lda.gov/filings/public/filing/cdf3c440-f1fd-4a24-915a-4d4f477ff873/print/
"HURON CONSULTING SERVICES, LLC.","MILNE, WIENER & SHOFE GLOBAL STRATEGIES (FKA M & W GOVERNMENT AFFAIRS, LLC)",2026,Q1,40000.0,,,https://lda.gov/filings/public/filing/5ace9069-d053-410d-b36d-c47c30141bbb/print/
MCGRAW-HILL EDUCATION,ARNOLD & PORTER KAYE SCHOLER LLP,2026,Q1,80000.0,S. 3063,,https://lda.gov/filings/public/filing/6824226b-0043-4b5b-96e9-7de9d3005f15/print/
AUTODESK INC,"AUTODESK, INC",2026,Q1,290000.0,,ai-cyberattacks; job-loss,https://lda.gov/filings/public/filing/b27e40d5-306c-4b74-8d06-a8320f639393/print/
TECHNOLOGY NETWORK AKA TECHNET,TECHNOLOGY NETWORK AKA TECHNET,2026,Q1,370000.0,,ai-cyberattacks; kids-chatbots,https://lda.gov/filings/public/filing/ce26d474-58e4-4f9b-be1f-d9b8ed605115/print/
ELECTRONIC FRONTIER FOUNDATION,ELECTRONIC FRONTIER FOUNDATION,2026,Q1,30000.0,"H.R. 6043, H.R. 7363",,https://lda.gov/filings/public/filing/b2547964-9039-48f7-aff3-4ec2d9008b18/print/
NORC AT THE UNIVERSITY OF CHICAGO,ARNOLD & PORTER KAYE SCHOLER LLP,2026,Q1,70000.0,,,https://lda.gov/filings/public/filing/ec87cfbf-5e4b-492f-ab06-839dff13493d/print/
TOYOTA MOTOR NORTH AMERICA INC (TMA),"TOYOTA MOTOR NORTH AMERICA, INC. (TMA)",2026,Q1,1244015.0,,ai-cyberattacks,https://lda.gov/filings/public/filing/018bc0bb-9814-4d47-9b77-c3f227c488a7/print/
PHILIPS HOLDING USA INC.,"PHILIPS HOLDING USA, INC.",2026,Q1,660000.0,,ai-cyberattacks,https://lda.gov/filings/public/filing/a4c934b8-3b82-4cdf-9371-f53a3b9b6197/print/
PARAMOUNT GLOBAL (FORMERLY VIACOMCBS),"BECKER & POLIAKOFF, P.A.",2026,Q1,10000.0,,,https://lda.gov/filings/public/filing/f4a577a0-8821-4788-9009-666e48569d31/print/
TRM LABS,DIROMA ECK & CO. LLP,2026,Q1,40000.0,,,https://lda.gov/filings/public/filing/9a6dd74e-b5cc-4b07-a425-5d7a35a16dfc/print/
AMERICAN MEDICAL ASSOCIATION,AMERICAN MEDICAL ASSOCIATION,2026,Q1,7970000.0,"H.R. 1, H.R. 1197, H.R. 1201, H.R. 1317, H.R. 1520, H.R. 1521, H.R. 1585, H.R. 1614, H.R. 1909, H.R. 1968, H.R. 2028, H.R. 2120, H.R. 2191, H.R. 2314, H.R. 2332, H.R. 2433, H.R. 247, H.R. 2483, H.R. 2725, H.R. 2757, H.R. 2767, H.R. 2850, H.R. 3022, H.R. 3108, H.R. 3164, H.R. 3170, H.R. 3492, H.R. 3514, H.R. 3878, H.R. 3885, H.R. 3890, H.R. 3951, H.R. 4002, H.R. 4206, H.R. 4583, H.R. 4681, H.R. 4710, H.R. 4731, H.R. 483, H.R. 4837, H.R. 4849, H.R. 498, H.R. 5081, H.R. 5145, H.R. 5199, H.R. 5283, H.R. 5347, H.R. 5371, H.R. 539, H.R. 5467, H.R. 5737, H.R. 5861, H.R. 5940, H.R. 6160, H.R. 628, H.R. 6294, H.R. 6468, H.R. 6501, H.R. 6575, H.R. 6703, H.R. 7148, H.R. 7520, H.R. 7602, H.R. 786, H.R. 7868, H.R. 7961, H.R. 7964, H.R. 8129, H.R. 8163, H.R. 879, H.R. 929, S. 1031, S. 106, S. 1105, S. 1330, S. 1380, S. 1390, S. 1399, S. 141, S. 1419, S. 1460, S. 1535, S. 1552, S. 1640, S. 1692, S. 1701, S. 1767, S. 1782, S. 1816, S. 1996, S. 232, S. 2420, S. 2426, S. 2439, S. 2621, S. 2650, S. 266, S. 2709, S. 2715, S. 2759, S. 2882, S. 3097, S. 3204, S. 3315, S. 3385, S. 3386, S. 3480, S. 3822, S. 3934, S. 526, S. 527, S. 632, S. 665, S. 709, S. 942",ai-cyberattacks; bias; deepfakes; job-loss; kids-chatbots,https://lda.gov/filings/public/filing/53c734ff-782a-4961-8d43-df5c97090b99/print/
UNIVERSITY OF GEORGIA,UNIVERSITY OF GEORGIA,2026,Q1,80000.0,,,https://lda.gov/filings/public/filing/d9db9448-5131-4308-b84f-185a4f95228c/print/
THE NORTHWESTERN MUTUAL LIFE INSURANCE COMPANY,THE NORTHWESTERN MUTUAL LIFE INSURANCE COMPANY,2026,Q1,1130000.0,,ai-cyberattacks,https://lda.gov/filings/public/filing/d6a6d9e4-0470-4345-90f1-976885e61edd/print/
PARALLAX ADVANCED RESEARCH,"INNOVATIVE FEDERAL STRATEGIES, LLC",2026,Q1,40000.0,,,https://lda.gov/filings/public/filing/67a49764-b3f8-4a9e-9636-26213d70731b/print/
FANUC AMERICA CORPORATION,DLA PIPER LLP (US),2026,Q1,170000.0,H.R. 7334,,https://lda.gov/filings/public/filing/323b3fd9-a223-4ec1-9d88-cc5f08283823/print/
"BOSTON DYNAMICS, INC.",DLA PIPER LLP (US),2026,Q1,240000.0,"H.R. 7334, H.R. 8189, S. 3275",,https://lda.gov/filings/public/filing/b2108922-8f4a-4980-b01a-bfd2825e680a/print/
CHUBB INA HOLDINGS INC.,CHUBB INA HOLDINGS INC.,2026,Q1,940000.0,"H.R. 1285, H.R. 3437, H.R. 7130, S. 1544, S. 570",ai-cyberattacks; china-race,https://lda.gov/filings/public/filing/d905acd0-dbe4-458d-ab33-c48e234395c2/print/
A16Z CAPITAL MANAGEMENT LLC (F/K/A AH CAPITAL MANAGEMENT L.L.C.),"A16Z CAPITAL MANAGEMENT LLC (F/K/A AH CAPITAL MANAGEMENT L.L.C., D/B/A ANDREESSEN HOROWITZ)",2026,Q1,660000.0,,,https://lda.gov/filings/public/filing/2a9d8028-5e17-437e-9e73-c4137e1f46d7/print/
VANDERBILT UNIVERSITY,VANDERBILT UNIVERSITY,2026,Q1,290000.0,"H.R. 4312, H.R. 5100, H.R. 6574, H.R. 6718, H.R. 6938, H.R. 7148, H.R. 7273, S. 3597, S. 3971, S. 853",ai-cyberattacks; china-race; deepfakes; job-loss,https://lda.gov/filings/public/filing/8f4cb5d4-fa25-4b05-a3f9-88e29e984d1f/print/
HONEYWELL INTERNATIONAL,HONEYWELL INTERNATIONAL,2026,Q1,1930000.0,H.R. 1,ai-cyberattacks,https://lda.gov/filings/public/filing/017063fc-3ea7-4259-bac2-a79b3c0a718a/print/
AMERICAN ASSOCIATION OF COLLEGES OF OSTEOPATHIC MEDICINE,AMERICAN ASSOCIATION OF COLLEGES OF OSTEOPATHIC MEDICINE,2026,Q1,110000.0,H.R. 1,,https://lda.gov/filings/public/filing/c8ba90c5-7f4d-4abe-a7a7-0795e0b6e14c/print/
NISOURCE INC,"NISOURCE, INC",2026,Q1,150000.0,,power-bills,https://lda.gov/filings/public/filing/c00bfcb5-02fc-4e4b-b4ca-9f780ec8c3c3/print/
DTE ENERGY,DTE ENERGY,2026,Q1,450000.0,,power-bills,https://lda.gov/filings/public/filing/cc934cac-19d3-459b-b663-99a7b5c80020/print/
"CAPITOL DOME ADVOCACY OBO AMERICAN SOCIETY OF COMPOSERS, AUTHORS, AND PUBLISHERS","RADIUS ADVOCACY, LLC",2026,Q1,30000.0,,,https://lda.gov/filings/public/filing/0cbc32ed-55c5-4b5f-bede-4eeecc5de51f/print/
MANAGED FUNDS ASSOCIATION,MANAGED FUNDS ASSOCIATION,2026,Q1,1630000.0,"H.R. 3383, H.R. 3633, H.R. 3682, H.R. 3838, H.R. 5748, H.R. 6161, S. 2296, S. 3578",bias,https://lda.gov/filings/public/filing/a45cd3b2-6147-4237-842a-4a14ac1b7c6f/print/
BLOCK INC.,BLOCK INC.,2026,Q1,490000.0,S. 1582,,https://lda.gov/filings/public/filing/8c9a2e9f-702e-4f44-b275-33ba4786160e/print/
J STREET,J STREET,2026,Q1,170000.0,"H.Res. 352, H.Res. 963, S. 2947, S.Res. 533",,https://lda.gov/filings/public/filing/2b16883f-04a1-49fa-b83f-e19f92ce8bfc/print/
MICROSOFT CORP.,"PLATINUM ADVISORS DC, LLC",2026,Q1,20000.0,,ai-cyberattacks,https://lda.gov/filings/public/filing/88b6813e-cd7f-4942-b2db-5329561091a3/print/
OPEN POLICY ASSOCIATION,OPEN POLICY ASSOCIATION,2026,Q1,50000.0,,ai-cyberattacks; china-race,https://lda.gov/filings/public/filing/af3d7b93-81d4-4aa4-9a18-3438efa35e8e/print/
COMPTEL DBA INCOMPAS,COMPTEL DBA INCOMPAS,2026,Q1,50000.0,"H.R. 3668, H.R. 3898",china-race,https://lda.gov/filings/public/filing/051fedc7-efd2-45a6-819c-db810285a7b9/print/
THE AMERICAN MEDICAL INFORMATICS ASSOCIATION,"POWERS PYLES SUTTER & VERVILLE, P.C.",2026,Q1,10000.0,,,https://lda.gov/filings/public/filing/a1265ae6-6327-4f48-bcc9-672c2c0b7c28/print/
NASDAQ INC,"NASDAQ, INC.",2026,Q1,830000.0,"H.R. 1, H.R. 2441, H.R. 2576, H.R. 2603, H.R. 2608, H.R. 2610, H.R. 2624, H.R. 3383, H.R. 4119, H.R. 6623, S. 1990, S. 2597",,https://lda.gov/filings/public/filing/b5d12165-f612-4aa4-a448-8efd02019522/print/
SONY PICTURES ENTERTAINMENT,"THE SMITH-FREE GROUP, LLC",2026,Q1,80000.0,,,https://lda.gov/filings/public/filing/2d36e04d-3801-4cfe-8bc3-88bf8bd9358e/print/
AT&T SERVICES INC AND ITS AFFILIATES,"AT&T SERVICES, INC. AND ITS AFFILIATES",2026,Q1,3200000.0,"H.R. 1343, H.R. 1519, H.R. 1681, H.R. 1975, H.R. 2449, H.R. 2750, H.R. 2805, H.R. 2817, H.R. 2850, H.R. 2975, H.R. 3125, H.R. 3479, H.R. 3825, H.R. 3921, H.R. 4032, H.R. 4518, H.R. 4950, H.R. 5079, H.R. 5200, H.R. 5266, H.R. 6046, H.R. 6505, H.R. 7022, H.R. 7386, H.R. 7422, H.R. 7833",ai-cyberattacks; china-race; deepfakes; kids-chatbots,https://lda.gov/filings/public/filing/7e1df2a1-d212-41a4-b0c7-d91eae86e5a7/print/
BAXTER HEALTHCARE CORPORATION,BAXTER HEALTHCARE CORPORATION,2026,Q1,250000.0,,bioweapons,https://lda.gov/filings/public/filing/f3515537-50cc-4faa-9d2a-32a3b720f449/print/
"SERVICENOW, INC.","SERVICENOW, INC.",2026,Q1,440000.0,,,https://lda.gov/filings/public/filing/d54f7845-343d-4368-bf64-e74661eceb19/print/
"GENERAL CATALYST GROUP MANAGEMENT, LLC","PORTERFIELD, FETTIG & SEARS, LLC",2026,Q1,70000.0,,,https://lda.gov/filings/public/filing/0facc504-88b2-4516-be52-939f4c30bc70/print/
NEWS CORPORATION,NEWS CORPORATION,2026,Q1,200000.0,,kids-chatbots,https://lda.gov/filings/public/filing/75f074f5-de34-4806-80d3-d0255bb0177e/print/
MASTERCARD WORLDWIDE,MASTERCARD WORLDWIDE,2026,Q1,1570000.0,"H.R. 1944, H.R. 7035, S. 3623, S. 381",ai-cyberattacks,https://lda.gov/filings/public/filing/ac9f9d72-bbbb-4215-b0ca-3795a50f0e1d/print/
SONY PICTURES ENTERTAINMENT INC.,SONY PICTURES ENTERTAINMENT INC.,2026,Q1,172038.0,,,https://lda.gov/filings/public/filing/f3fc4f0b-7757-47f8-88a0-2e6c6cf447ef/print/
"MOTOROLA SOLUTIONS, INC.","CROSSROADS STRATEGIES, LLC",2026,Q1,60000.0,"H.R. 1, H.R. 4016, H.R. 4213, H.R. 7148, S. 2572",,https://lda.gov/filings/public/filing/e0b13949-1a33-44b0-b93a-6d00a4e6ee46/print/
GOOGLE CLIENT SERVICES LLC,GOOGLE CLIENT SERVICES LLC,2026,Q1,2860000.0,"H.R. 1534, H.R. 1623, H.R. 1941, H.R. 2321, H.R. 2385, H.R. 2583, H.R. 2657, H.R. 3149, H.R. 3209, H.R. 471, H.R. 5173, H.R. 5272, H.R. 5360, H.R. 6253, H.R. 6257, H.R. 6259, H.R. 6265, H.R. 6273, H.R. 6289, H.R. 6290, H.R. 6291, H.R. 6333, H.R. 6334, H.R. 6437, H.R. 6484, H.R. 6488, H.R. 6489, H.R. 6499, H.R. 7158, H.R. 7757, H.R. 859, S. 1106, S. 1235, S. 1269, S. 1462, S. 1586, S. 1633, S. 1699, S. 1748, S. 1792, S. 2153, S. 2381, S. 2714, S. 278, S. 28, S. 2950, S. 3062, S. 737, S. 836",ai-cyberattacks; bias; china-race; deepfakes; kids-chatbots; loss-of-control,https://lda.gov/filings/public/filing/534610dc-d423-47a6-819e-26409b01ea6c/print/
ENTERTAINMENT SOFTWARE ASSOCIATION,ENTERTAINMENT SOFTWARE ASSOCIATION,2026,Q1,1520000.0,"H.R. 2657, H.R. 2794, H.R. 3149, H.R. 4365, H.R. 4819, H.R. 6265, H.R. 6266, H.R. 6333, H.R. 6334, H.R. 6484, H.R. 8031, S. 1367, S. 1586, S. 1748, S. 1829, S. 2253, S. 2254, S. 2266, S. 2367, S. 2750, S. 2937, S. 3062, S. 3193, S. 3495, S. 3546, S. 3774, S. 4159, S. 4199, S. 5360, S. 69, S. 836",deepfakes; kids-chatbots,https://lda.gov/filings/public/filing/fe22724d-d447-49b6-8338-95d977475e87/print/
MAPLEBEAR INC. D/B/A INSTACART,EMERGENT STRATEGIES,2026,Q1,45000.0,S. 3892,,https://lda.gov/filings/public/filing/73b663d7-a4c3-4145-abf7-51298b31d175/print/
AMERICAN COLLEGE OF OBSTETRICIANS AND GYNECOLOGISTS,AMERICAN COLLEGE OF OBSTETRICIANS AND GYNECOLOGISTS,2026,Q1,150000.0,"H.R. 1061, H.R. 1254, H.R. 1909, H.R. 3514, H.R. 3762, H.R. 6468, H.R. 6797, H.R. 7148, H.R. 7227, H.R. 7520, H.R. 7733, H.R. 7830, H.R. 7841, H.R. 7973, H.R. 8159, H.R. 8160, S. 1816, S. 1834, S. 2433, S. 2621, S. 3698, S. 380, S. 455, S.Res. 590",bioweapons; job-loss; kids-chatbots,https://lda.gov/filings/public/filing/2b6fb7e3-b6b1-4294-8199-5a5d23fe2c9e/print/
DIGITALEUROPE,DIGITALEUROPE,2026,Q1,10000.0,"H.R. 6461, H.R. 7158",,https://lda.gov/filings/public/filing/f937c7e1-5b8b-4ffd-89d8-41a003e25fd4/print/
ARM INC,ARM INC.,2026,Q1,40000.0,"H.R. 3447, H.R. 6875, S. 1705",bias,https://lda.gov/filings/public/filing/9d69e5fc-f7b3-4df0-ae35-5e6895ba21c0/print/
"VISA, INC.",VISA INC.,2026,Q1,2570000.0,"H.R. 3633, H.R. 6644, H.R. 7035, S. 1582, S. 3623",ai-cyberattacks,https://lda.gov/filings/public/filing/3f897090-9d29-4e8a-bd7a-db05e2443e48/print/
INTEL CORPORATION,INTEL CORPORATION,2026,Q1,680000.0,"H.R. 3447, H.R. 4213, H.R. 4920, H.R. 5885, H.R. 6207, H.R. 6322, H.R. 6875, H.R. 8170, S. 1473, S. 1705, S. 3150, S. 3301, S. 3374, S. 3597",china-race,https://lda.gov/filings/public/filing/092af594-e26d-4c20-a7c0-28d0aa36c191/print/
TORCH.AI,"INNOVATIVE FEDERAL STRATEGIES, LLC",2026,Q1,30000.0,,,https://lda.gov/filings/public/filing/ebfc226d-3b0a-4efd-9971-0e348db8610b/print/
DOMINION ENERGY INC,"DOMINION ENERGY, INC.",2026,Q1,1270000.0,,job-loss; power-bills,https://lda.gov/filings/public/filing/535be2df-2d80-44ff-93e2-86833e23387a/print/
VEEAM SOFTWARE,VEEAM SOFTWARE,2026,Q1,150000.0,,ai-cyberattacks,https://lda.gov/filings/public/filing/6bb1d5cc-7ca1-4429-853b-89e3ee5d782f/print/
MICROSOFT CORPORATION,PENN HILL GROUP,2026,Q1,70000.0,,job-loss,https://lda.gov/filings/public/filing/1887f9ba-ce03-4264-8b81-8d9c2b1a8eb6/print/
PEARSON EDUCATION,VENABLE LLP,2026,Q1,60000.0,"H.R. 5800, S. 2114",job-loss,https://lda.gov/filings/public/filing/63582b3b-8610-4eae-a3a2-dd0a41420d81/print/
WRITERS GUILD OF AMERICA WEST,CUNEO GILBERT FLANNERY & LADUCA (FORMERLY KNOWN AS CUNEO GILBERT & LADUCA),2026,Q1,45000.0,,,https://lda.gov/filings/public/filing/af56279e-d3ac-4d60-a2dd-350761b339c0/print/
ZILLOW INC,MONUMENT ADVOCACY,2026,Q1,80000.0,,,https://lda.gov/filings/public/filing/5cb62539-4842-4f1c-b3b9-5e30f5d3cb74/print/
"FIGMA, INC.",INVARIANT LLC,2026,Q1,90000.0,,,https://lda.gov/filings/public/filing/204246d1-572d-4cd7-8ce4-7e2284153d18/print/
BLUE CROSS BLUE SHIELD OF MICHIGAN,BLUE CROSS BLUE SHIELD OF MICHIGAN,2026,Q1,276347.0,"H.R. 1627, H.R. 4710, H.R. 5629, H.R. 6248, S. 2355, S. 2420, S. 4027",ai-cyberattacks,https://lda.gov/filings/public/filing/9ef1a085-f41a-402c-891c-cd69599dc7db/print/
BCBSM INC,"BCBSM, INC.",2026,Q1,30000.0,"H.R. 1197, H.R. 1627, H.R. 1909, H.R. 2509, H.R. 3841, H.R. 4710, H.R. 5629, H.R. 6248, S. 1851, S. 2355, S. 2420, S. 4027, S. 931, S. 958",ai-cyberattacks; job-loss,https://lda.gov/filings/public/filing/f0aff377-5858-42d5-89ef-edea305436a8/print/
INSURED RETIREMENT INSTITUTE,INSURED RETIREMENT INSTITUTE,2026,Q1,170000.0,"H.R. 1013, H.R. 1165, H.R. 1177, H.R. 1469, H.R. 1777, H.R. 20, H.R. 2082, H.R. 2089, H.R. 2441, H.R. 2478, H.R. 2696, H.R. 2718, H.R. 2799, H.R. 2891, H.R. 2988, H.R. 3383, H.R. 3469, H.R. 3482, H.R. 3942, H.R. 4177, H.R. 4237, H.R. 4548, H.R. 4637, H.R. 4718, H.R. 4763, H.R. 5337, H.R. 5338, H.R. 5339, H.R. 5748, H.R. 5887, H.R. 5914, H.R. 6084, H.R. 6324, H.R. 6722, H.R. 6729, H.R. 6757, H.R. 6772, H.R. 7130, H.R. 7556, H.R. 8944, H.R. 9515, H.R. 9764, H.R. 9765, S. 1198, S. 1323, S. 1526, S. 1561, S. 1696, S. 1707, S. 1773, S. 1831, S. 1839, S. 1877, S. 2007, S. 2281, S. 2282, S. 2335, S. 2365, S. 2387, S. 2461, S. 2512, S. 2840, S. 2860, S. 3086, S. 3715, S. 4055, S. 424, S. 427, S. 5139, S. 5148, S. 5149, S. 852",job-loss,https://lda.gov/filings/public/filing/44680c9c-ea99-4458-ad0f-4c8bc0e87593/print/
"SIEMENS MEDICAL SOLUTIONS USA, INC","SIEMENS MEDICAL SOLUTIONS USA, INC",2026,Q1,700000.0,"H.R. 1406, H.R. 2319, H.R. 2477, H.R. 4417, H.R. 5269, H.R. 5343, H.R. 6178, H.R. 6197, H.R. 842, S. 1157, S. 1168, S. 1399, S. 1717, S. 2761, S. 2927, S. 339",job-loss,https://lda.gov/filings/public/filing/12e75bdc-39a5-417e-8549-cb7b712f69ae/print/
"COGNITION AI, INC.",INVARIANT LLC,2026,Q1,60000.0,,,https://lda.gov/filings/public/filing/f928d4f6-adcd-4ed6-999f-2a964078ace5/print/
NATIONAL VENTURE CAPITAL ASSOCIATION,NATIONAL VENTURE CAPITAL ASSOCIATION,2026,Q1,464268.0,H.R. 2385,,https://lda.gov/filings/public/filing/add69aea-522e-41c8-b0fb-26c956017d4c/print/
"WOOLPERT, INC.","WOOLPERT, INC.",2026,Q1,290000.0,,power-bills,https://lda.gov/filings/public/filing/fff2bb33-e86e-4b1e-adef-4d0691061d92/print/
ALBERT INVENT,MONUMENT ADVOCACY,2026,Q1,10000.0,,,https://lda.gov/filings/public/filing/fec43c82-32d7-49c6-bc30-05331db6f7d3/print/
MICROSOFT CORPORATION,MICROSOFT CORPORATION,2026,Q1,2390000.0,"S. 1367, S. 2253",ai-cyberattacks; deepfakes; kids-chatbots,https://lda.gov/filings/public/filing/1281e273-1138-4c3c-8621-ecb6a5cb181e/print/
LINCOLN NATIONAL CORPORATION,LINCOLN NATIONAL CORPORATION,2026,Q1,460000.0,H.R. 2441,,https://lda.gov/filings/public/filing/0d779b71-6ab8-4ad0-b8e0-81dabe6fcf12/print/
"ALLIANCE OF COMMUNITY HEALTH PLANS, INC.","ALLIANCE OF COMMUNITY HEALTH PLANS, INC.",2026,Q1,680000.0,,job-loss,https://lda.gov/filings/public/filing/e363acdb-b1cc-493b-b4e2-0e3dffe408d3/print/
MEDTRONIC INC,"MEDTRONIC, INC.",2026,Q1,940000.0,H.R. 1539,,https://lda.gov/filings/public/filing/0601a2ee-d017-40f7-b169-bb31c5b9ff99/print/
ZETA GLOBAL CORP.,EMERGENT STRATEGIES,2026,Q1,75000.0,,,https://lda.gov/filings/public/filing/6b22cce6-030c-479d-8761-f996c5088df5/print/
ROCKET LP FKA RKT HOLDINGS,ROCKET LP FKA RKT HOLDINGS,2026,Q1,400000.0,H.R. 1777,,https://lda.gov/filings/public/filing/7c1a3d0a-7c10-46d0-be40-8715eec10a8f/print/
AMERICAN PROPERTY CASUALTY INSURANCE ASSOCIATION,EMERGENT STRATEGIES,2026,Q1,49500.0,,china-race,https://lda.gov/filings/public/filing/1cee1c6b-28a1-4fd5-b5d6-cf57e95799c7/print/
COALITION ON ADULT BASIC EDUCATION DBA COABE,PENN HILL GROUP,2026,Q1,20000.0,,job-loss,https://lda.gov/filings/public/filing/55f08d6b-f75f-4700-92c3-75923359b75b/print/
MICROSOFT CORPORATION,MICHAEL BEST STRATEGIES LLC,2026,Q1,70000.0,,,https://lda.gov/filings/public/filing/e785e604-62ef-45b0-a4b2-e6f3a83ff6e9/print/
PHARMACEUTICAL RESEARCH & MANUFACTURERS OF AMERICA INC,COVINGTON & BURLING LLP,2026,Q1,450000.0,"H.R. 3269, H.R. 5526, H.R. 6485, H.R. 7140, S. 1040, S. 1096, S. 1414, S. 1954, S. 2276, S. 3788, S. 4023, S. 4098, S. 43, S. 5459",kids-chatbots,https://lda.gov/filings/public/filing/cf6cd7a5-d6ee-4ed0-b861-047a616e7182/print/
DISNEY WORLDWIDE SERVICES INC,"DISNEY WORLDWIDE SERVICES, INC.",2026,Q1,1110000.0,"H.R. 2794, H.R. 6028, H.R. 791, S. 1367",,https://lda.gov/filings/public/filing/d4a7df73-8226-475a-94fd-bd687bbf99ff/print/
"MERCARI, INC.","MERCARI, INC.",2026,Q1,130000.0,,,https://lda.gov/filings/public/filing/ec6ad9d1-3e95-4c7d-bfc1-a0f20ff5b4d4/print/
DIGITALEUROPE,VIVID STRATEGIES LLC,2026,Q1,20000.0,H.R. 2471,ai-cyberattacks; china-race,https://lda.gov/filings/public/filing/84fdd57f-4c72-4db9-8ff2-0ffac0346620/print/
SIEMENS CORPORATION,SIEMENS CORPORATION,2026,Q1,870000.0,,job-loss; power-bills,https://lda.gov/filings/public/filing/928236c2-6d59-4e41-9581-133837cd94e9/print/
AMERICANS FOR RESPONSIBLE INNOVATION,AMERICANS FOR RESPONSIBLE INNOVATION,2026,Q1,480000.0,,china-race,https://lda.gov/filings/public/filing/eb32987d-e00f-4e2b-bdd0-5368504eb93b/print/
"SAMSUNG ELECTRONICS AMERICA, INC.",ARNOLD & PORTER KAYE SCHOLER LLP,2026,Q1,70000.0,,ai-cyberattacks,https://lda.gov/filings/public/filing/7e5e46f0-84d2-4ce5-b895-e5e6bc3085da/print/
PROTECTIVE LIFE CORPORATION,PROTECTIVE LIFE CORPORATION,2026,Q1,260000.0,,ai-cyberattacks,https://lda.gov/filings/public/filing/d7e17b1b-d6d2-47f5-bbd6-e78e25188968/print/
BOEING COMPANY,BOEING COMPANY,2026,Q1,2450000.0,"H.R. 4213, H.R. 5079, H.R. 7147, S. 2983",ai-cyberattacks,https://lda.gov/filings/public/filing/b4893a31-d047-4ff4-be33-fede34eb8860/print/
"FISERV, INC.",RICH FEUER ANDERSON,2026,Q1,50000.0,,,https://lda.gov/filings/public/filing/f9c7b2bd-1327-4519-8b54-265f2210c92e/print/
WILLIAM MORRIS ENDEAVOR ENTERTAINMENT LLC,FORWARD GLOBAL,2026,Q1,60000.0,,,https://lda.gov/filings/public/filing/55dd4e97-5728-4f8e-bdd9-dfe21d86f603/print/
NATIONAL ASSOCIATION OF REALTORS,NATIONAL ASSOCIATION OF REALTORS,2026,Q1,15460000.0,"H.R. 1777, H.R. 2808, H.R. 5404, S. 1465, S. 1467, S. 1561, S. 2651",,https://lda.gov/filings/public/filing/41d2d272-6094-49db-b5d5-65afd012daf1/print/
"PEARSON EDUCATION, INC.",TODD STRATEGY GROUP,2026,Q1,10000.0,H.R. 6585,job-loss,https://lda.gov/filings/public/filing/be3fdcc0-9bcb-4cbd-8e3d-d8eaa5388451/print/
"TERAMIND, INC.",GROISMAN LLC,2026,Q1,30000.0,,ai-cyberattacks,https://lda.gov/filings/public/filing/fdb0179f-54a1-4193-9507-68422a77ddff/print/
CTIA-THE WIRELESS ASSOCIATION,CTIA-THE WIRELESS ASSOCIATION,2026,Q1,7080000.0,"S. 3495, S. 836",kids-chatbots,https://lda.gov/filings/public/filing/d9afa2fb-a80d-4670-b3ee-b2cf76708f19/print/
JOHNSON & JOHNSON SERVICES INC,"JOHNSON & JOHNSON SERVICES, INC.",2026,Q1,3510000.0,,ai-cyberattacks,https://lda.gov/filings/public/filing/e3beff28-2272-4f88-b28c-e7fa63e13ebd/print/
"SAMSUNG ELECTRONICS AMERICA, INC.","SAMSUNG ELECTRONICS AMERICA, INC.",2026,Q1,1480000.0,,ai-cyberattacks,https://lda.gov/filings/public/filing/e538f6d5-11d0-4576-9193-496eff994445/print/
SAMSUNG ELECTRONICS AMERICA,CAPITOL CONSULTING GROUP LLC (DC),2026,Q1,70000.0,,ai-cyberattacks; job-loss,https://lda.gov/filings/public/filing/c38eb4e0-0fc8-48d8-9671-58bfecdf555d/print/
RTX CORPORATION AND AFFILIATES,RTX CORPORATION AND AFFILIATES,2026,Q1,4460000.0,,,https://lda.gov/filings/public/filing/381667db-4992-4a51-87c1-a1b2092ec47b/print/
"CORASCLOUD, INC.",ATLAS CROSSING LLC,2026,Q1,30000.0,,,https://lda.gov/filings/public/filing/618e1933-42f8-4110-b83c-294594464790/print/
"SAREPTA THERAPEUTICS, INC.","SAREPTA THERAPEUTICS, INC.",2026,Q1,270000.0,,,https://lda.gov/filings/public/filing/180006ef-c60d-44c9-918a-ea75812aa42a/print/
PUGET SOUND ENERGY,PUGET SOUND ENERGY,2026,Q1,240000.0,"H.R. 1047, H.R. 1355, H.R. 3015, H.R. 3062, H.R. 3157, H.R. 3616, H.R. 3617, H.R. 3628, H.R. 3632, H.R. 3638, H.R. 3657, H.R. 3668, H.R. 3699, H.R. 3843, H.R. 3898, H.R. 4503, H.R. 4690, H.R. 4776, H.R. 5600, H.R. 6336, H.R. 6633, H.R. 6983, H.R. 7729, S. 1327, S. 1945, S. 3034, S. 3585, S. 3682, S. 3852, S. 3947, S. 465",ai-cyberattacks; power-bills,https://lda.gov/filings/public/filing/d27d233b-2918-4aec-9539-8495a56d309a/print/
PEPSICO INC,"PEPSICO, INC",2026,Q1,1800000.0,,,https://lda.gov/filings/public/filing/3d327f7f-596f-4929-abe6-fdc36be9bef3/print/
GOOGLE CLIENT SERVICES LLC,JEFFRIES STRATEGIES LLC,2026,Q1,45000.0,,,https://lda.gov/filings/public/filing/36ed2759-815a-4d44-8834-a5e2c48a80c7/print/
"META PLATFORMS, INC.",JEFFRIES STRATEGIES LLC,2026,Q1,45000.0,,ai-cyberattacks; deepfakes; kids-chatbots,https://lda.gov/filings/public/filing/e68c2a91-7a85-4ce0-85e6-db8e676c5e69/print/
AMAZON.COM SERVICES LLC,JEFFRIES STRATEGIES LLC,2026,Q1,45000.0,,,https://lda.gov/filings/public/filing/ca0913c4-a76c-4ac8-aa21-c0a87f9351f5/print/
"UBER TECHNOLOGIES, INC.",JEFFRIES STRATEGIES LLC,2026,Q1,45000.0,,,https://lda.gov/filings/public/filing/3dca32ef-efca-4c36-8a0a-efd1a410e642/print/
COMCAST CORPORATION,COMCAST CORPORATION,2026,Q1,3080000.0,,,https://lda.gov/filings/public/filing/e6cee2a6-4416-4138-9cd6-22fac11be144/print/
AMERICAN PROPERTY CASUALTY INSURANCE ASSOCIATION,AMERICAN PROPERTY CASUALTY INSURANCE ASSOCIATION FKA PROPERTY CASUALTY INSURERS ASSOC. OF AMERICA,2026,Q1,1440000.0,"H.R. 1164, H.R. 1593, H.R. 2822, H.R. 3161, H.R. 3437, H.R. 3973, H.R. 4365, H.R. 4416, H.R. 4494, H.R. 4801, H.R. 4861, H.R. 5484, H.R. 550, H.R. 5500, H.R. 5504, H.R. 5574, H.R. 5577, H.R. 5607, H.R. 5608, H.R. 5633, H.R. 5961, H.R. 6025, H.R. 6256, H.R. 643, H.R. 6934, H.R. 7130, H.R. 7567, S. 1544, S. 2052, S. 2053, S. 2054, S. 2266, S. 2313, S. 2528, S. 2538, S. 2931, S. 2946, S. 3843, S. 4215, S. 824, S.Res. 554",ai-cyberattacks,https://lda.gov/filings/public/filing/0d05661b-feed-4188-84af-bcc2136a9d12/print/
NATIONAL MULTIPLE SCLEROSIS SOCIETY,NATIONAL MULTIPLE SCLEROSIS SOCIETY,2026,Q1,77400.0,"H.R. 1, H.R. 7148, H.R. 7779",,https://lda.gov/filings/public/filing/64ce912c-b79f-4be2-836b-b67b6d27cef4/print/
"REBELLION DEFENSE, INC.","CROSSROADS STRATEGIES, LLC",2026,Q1,50000.0,"H.R. 4016, H.R. 7148, S. 2572",,https://lda.gov/filings/public/filing/41655af7-f219-4ffe-bd44-1215cddf76ea/print/
NATIONAL RETAIL FEDERATION,NATIONAL RETAIL FEDERATION,2026,Q1,1936000.0,"H.R. 3149, H.R. 6291, H.R. 6484",ai-cyberattacks; kids-chatbots,https://lda.gov/filings/public/filing/9f46cb81-5254-4491-9e64-27841c6d0b04/print/
ENVIRONMENTAL POLICY INNOVATION CENTER,HIGH STREET STRATEGIES LLC,2026,Q1,7000.0,"H.R. 3898, H.R. 4503, H.R. 4776, H.R. 6256, S. 1564",,https://lda.gov/filings/public/filing/b8ce0132-d229-4884-b139-36195ce3251d/print/
REGIONS FINANCIAL CORP,REGIONS FINANCIAL CORP,2026,Q1,400000.0,,,https://lda.gov/filings/public/filing/660f367f-ba94-4e28-8f39-630f390a22de/print/
NATIONAL FAIR HOUSING ALLIANCE,NATIONAL FAIR HOUSING ALLIANCE,2026,Q1,31737.0,"H.R. 4069, S. 2322, S. 967",bias,https://lda.gov/filings/public/filing/051f92df-ca00-482a-b516-f2a8a3b3148e/print/
"COREWEAVE, INC.","CROSSROADS STRATEGIES, LLC",2026,Q1,80000.0,,power-bills,https://lda.gov/filings/public/filing/4f323057-7c30-4a60-962c-22d796fce9e8/print/
RELX INC,"BROWNSTEIN HYATT FARBER SCHRECK, LLP",2026,Q1,50000.0,,,https://lda.gov/filings/public/filing/122f5b83-11b4-42ef-933b-9a79189faed1/print/
ADVOCATES FOR COMMUNITY HEALTH,ADVOCATES FOR COMMUNITY HEALTH,2026,Q1,85000.0,"H.R. 1, H.R. 3885, H.R. 4581, H.R. 7148, H.R. 7391, H.R. 7961, H.R. 935",job-loss; loss-of-control,https://lda.gov/filings/public/filing/50f063a1-c512-49cc-a184-b0ffd4318012/print/
PWC US GROUP LLP,PWC US GROUP LLP,2026,Q1,970000.0,"H.R. 2392, S. 394",,https://lda.gov/filings/public/filing/a90c3f9d-584f-4b7e-8068-7f8a2d861a53/print/
"CONSTELLATION ENERGY GENERATION, LLC","CONSTELLATION ENERGY GENERATION, LLC",2026,Q1,2240000.0,,power-bills,https://lda.gov/filings/public/filing/a4303637-57ba-4c20-ac25-be81baa18e6b/print/
NATIONAL ASSOCIATION OF BROADCASTERS,NATIONAL ASSOCIATION OF BROADCASTERS,2026,Q1,2910000.0,"H.R. 2794, H.R. 861, S. 326, S. 4875",,https://lda.gov/filings/public/filing/3f0a10df-65f0-4518-b52e-8b7b4a25d1cd/print/
THE AES CORPORATION,THE AES CORPORATION,2026,Q1,430000.0,,power-bills,https://lda.gov/filings/public/filing/0a2b3821-1448-4845-8964-05ef5aaa4713/print/
"OPENAI OPCO, LLC","OPENAI OPCO, LLC",2026,Q1,1020000.0,,ai-cyberattacks,https://lda.gov/filings/public/filing/a8040c01-31bc-45c9-afb1-7ab54820ae32/print/
AMERICAN FEDERATION OF TEACHERS,AMERICAN FEDERATION OF TEACHERS,2026,Q1,490000.0,"H.R. 1, H.R. 1197, H.R. 1834, H.R. 1909, H.R. 2038, H.R. 22, H.R. 28, H.R. 3063, H.R. 3262, H.R. 3907, H.R. 4253, H.R. 4849, H.R. 5476, H.R. 5557, H.R. 593, H.R. 6124, H.R. 6359, H.R. 6361, H.R. 6392, H.R. 6498, H.R. 6502, H.R. 6529, H.R. 6574, H.R. 6617, H.R. 6677, H.R. 6703, H.R. 6718, H.R. 6771, H.R. 6984, H.R. 7296, H.R. 7300, H.R. 7340, H.R. 7536, H.R. 7858, H.R. 7890, H.R. 7985, S. 1383, S. 1558, S. 1562, S. 1748, S. 2024, S. 2330, S. 2451, S. 2481, S. 2556, S. 2621, S. 278, S. 2819, S. 3010, S. 3323, S. 3480, S. 3589, S. 3747, S. 3904, S. 4056, S. 4085, S. 4269, S. 558, S. 745, S. 788, S. 836, S. 9, S. 934",job-loss; kids-chatbots; power-bills,https://lda.gov/filings/public/filing/a77cd267-5028-4b74-aeb5-b18e9139475d/print/
EMERGENT STRATEGIES ON BEHALF OF ZETA GLOBAL CORP.,MARBLE ARCH,2026,Q1,50000.0,,,https://lda.gov/filings/public/filing/c96f381f-0e97-4993-bc46-bc8b2972bfb4/print/
"WORKDAY, INC.","WORKDAY, INC.",2026,Q1,300000.0,,ai-cyberattacks,https://lda.gov/filings/public/filing/c8f7e5a8-7a89-412a-86e3-692e97984101/print/
AI INTEGRATORS COUNCIL,"FRANKLIN SQUARE GROUP, LLC",2026,Q1,60000.0,S. 2750,,https://lda.gov/filings/public/filing/6818c8ce-d5d8-4576-8faf-772e50fef8a6/print/
BUSINESS SOFTWARE ALLIANCE,BUSINESS SOFTWARE ALLIANCE,2026,Q1,470000.0,"H.R. 1000, H.R. 2385, H.R. 2417, H.R. 2765, H.R. 3220, H.R. 3788, H.R. 3838, H.R. 3961, H.R. 4142, H.R. 4942, H.R. 633, H.R. 6875, H.R. 7604, S. 1337, S. 1344, S. 1362, S. 146, S. 1746, S. 1748, S. 1792, S. 2081, S. 2558, S. 2750, S. 3150, S. 3597, S. 836",ai-cyberattacks; china-race; kids-chatbots,https://lda.gov/filings/public/filing/391b60b5-fbc2-4269-b86a-fdcc6853578e/print/
NEWS MEDIA ALLIANCE,NEWS MEDIA ALLIANCE,2026,Q1,330000.0,"H.R. 10540, H.R. 1623, H.R. 2657, H.R. 3149, H.R. 5360, H.R. 6253, H.R. 6257, H.R. 6259, H.R. 6265, H.R. 6273, H.R. 6289, H.R. 6290, H.R. 6291, H.R. 6292, H.R. 633, H.R. 6333, H.R. 6437, H.R. 6484, H.R. 6489, H.R. 6499, H.R. 8094, S. 1396, S. 146, S. 2367, S. 2455, S. 278, S. 3663, S. 3813, S. 836",bias; deepfakes; kids-chatbots; loss-of-control,https://lda.gov/filings/public/filing/40405e76-5a0d-4729-9ec1-d4922cccbf3f/print/
SEMI,SEMI,2026,Q1,450000.0,,ai-cyberattacks; china-race; job-loss,https://lda.gov/filings/public/filing/f2f9b364-cb9d-41fb-acef-0a85e09d9445/print/
FDD ACTION,FDD ACTION,2026,Q1,270000.0,"H.R. 5868, H.R. 6576, H.R. 7121, H.R. 7625, H.R. 8283, S. 1473, S. 1775, S. 2177, S. 2222, S. 450",ai-cyberattacks; china-race; power-bills,https://lda.gov/filings/public/filing/eeeb76a7-d363-4481-84a9-ca14cf8f6996/print/
CISCO SYSTEMS INC,"FRANKLIN SQUARE GROUP, LLC",2026,Q1,50000.0,,ai-cyberattacks,https://lda.gov/filings/public/filing/5f36352d-cc86-4099-8b1d-62571fcb3849/print/
"COINBASE, INC.","FRANKLIN SQUARE GROUP, LLC",2026,Q1,80000.0,,ai-cyberattacks,https://lda.gov/filings/public/filing/1aa577ea-04fa-4741-86c4-d2671968fed0/print/
"HEALTH CARE SERVICE CORPORATION, A MUTUAL LEGAL RESERVE COMPANY (HCSC)","HEALTH CARE SERVICE CORPORATION, A MUTUAL LEGAL RESERVE COMPANY (HCSC)",2026,Q1,1870000.0,"H.R. 4710, S. 2420",,https://lda.gov/filings/public/filing/4ee0ed65-f21b-4b13-8b04-952e626668aa/print/
SONY MUSIC ENTERTAINMENT (FORMERLY KNOWN AS SONY BMG MUSIC ENTERTAINMENT),SONY MUSIC ENTERTAINMENT (FORMERLY KNOWN AS SONY BMG MUSIC ENTERTAINMENT),2026,Q1,380000.0,"H.R. 2794, H.R. 861",,https://lda.gov/filings/public/filing/2f56e4f1-e224-4f29-b583-89169d94f7d8/print/
"UBER TECHNOLOGIES, INC.","UBER TECHNOLOGIES, INC.",2026,Q1,940000.0,"H.R. 6291, S. 1654",kids-chatbots,https://lda.gov/filings/public/filing/e72bdfe6-b50d-4709-9703-06a9bc5d9543/print/
"DROPBOX, INC.","DROPBOX, INC.",2026,Q1,350000.0,,,https://lda.gov/filings/public/filing/2eec57fd-7cd4-415f-95e0-41b7d637c611/print/
CONSUMER TECHNOLOGY ASSOCIATION,CONSUMER TECHNOLOGY ASSOCIATION,2026,Q1,850000.0,"H.R. 3447, H.R. 7334, S. 3597",ai-cyberattacks,https://lda.gov/filings/public/filing/5333f553-e8b7-4f8a-a747-a2106dc42e2a/print/
CALIFORNIA STATE SENATE,"CJ LAKE, LLC",2026,Q1,30000.0,,kids-chatbots,https://lda.gov/filings/public/filing/b1f806ab-a41b-43c7-ab8c-456a2aa85708/print/
"DISCOVERY COMMUNICATIONS, LLC","DISCOVERY COMMUNICATIONS, LLC",2026,Q1,810000.0,,deepfakes,https://lda.gov/filings/public/filing/7037f1d6-5af0-4460-a297-c259930a63e3/print/
AMAZON.COM SERVICES LLC,AMAZON.COM SERVICES LLC,2026,Q1,4380000.0,"H.R. 2385, H.R. 2853, H.R. 4123, H.R. 5457, H.R. 9747, S. 1404, S. 1956",ai-cyberattacks,https://lda.gov/filings/public/filing/eb88d053-1e97-4089-8e38-d2234c9bb80e/print/
"SHIELD AI, INC.",ATLAS CROSSING LLC,2026,Q1,50000.0,,,https://lda.gov/filings/public/filing/971b580b-2674-4f56-a36e-bb76b06183f7/print/
JOHNS HOPKINS UNIVERSITY,JOHNS HOPKINS UNIVERSITY,2026,Q1,280000.0,,,https://lda.gov/filings/public/filing/6aace209-dde1-491b-a293-12aa76ea4246/print/
"SALESFORCE, INC.","SALESFORCE, INC.",2026,Q1,1220000.0,S. 2296,china-race; job-loss; loss-of-control,https://lda.gov/filings/public/filing/624fa747-ddd8-42dc-90f7-dc8ede5e502c/print/
"META PLATFORMS, INC. AND VARIOUS SUBSIDIARIES","META PLATFORMS, INC. AND VARIOUS SUBSIDIARIES",2026,Q1,7080000.0,"H.R. 1623, H.R. 2657, H.R. 3149, H.R. 3209, H.R. 5360, H.R. 5764, H.R. 6048, H.R. 6253, H.R. 6257, H.R. 6259, H.R. 6265, H.R. 6273, H.R. 6289, H.R. 6290, H.R. 6291, H.R. 6333, H.R. 6437, H.R. 6484, H.R. 6488, H.R. 6489, H.R. 6499, H.R. 7757, S. 1367, S. 146, S. 1586, S. 1748, S. 1792, S. 1829, S. 1885, S. 2019, S. 2081, S. 2750, S. 3150, S. 3397, S. 3774, S. 3947, S. 3982, S. 4046, S. 836",ai-cyberattacks; bias; deepfakes; kids-chatbots; loss-of-control,https://lda.gov/filings/public/filing/2796fa63-8416-4e28-ab64-a242a084b2a3/print/
NXP USA INC,"NXP USA, INC.",2026,Q1,120000.0,,,https://lda.gov/filings/public/filing/316b8b9e-a89a-4501-9304-eee929a9f197/print/
CROWDSTRIKE,"FRANKLIN SQUARE GROUP, LLC",2026,Q1,50000.0,,ai-cyberattacks,https://lda.gov/filings/public/filing/0f9d32b4-187e-4930-b2ab-8177fbcfb8e0/print/
GE VERNOVA INTERNATIONAL LLC,GE VERNOVA INTERNATIONAL LLC,2026,Q1,590000.0,,ai-cyberattacks,https://lda.gov/filings/public/filing/a7d6d62d-57b2-435f-a066-295e07b783df/print/
"DROPBOX, INC.","FRANKLIN SQUARE GROUP, LLC",2026,Q1,50000.0,"S. 1748, S. 836",ai-cyberattacks; kids-chatbots,https://lda.gov/filings/public/filing/5de0a867-6d49-497a-bfbc-5899043f7e43/print/
"BSA BUSINESS SOFTWARE ALLIANCE, INC.","CROSSROADS STRATEGIES, LLC",2026,Q1,10000.0,,ai-cyberattacks,https://lda.gov/filings/public/filing/2c45f44b-954c-42a5-ae5c-7b2136930db5/print/
AMERICAN LIBRARY ASSOCIATION,PENN HILL GROUP,2026,Q1,20000.0,"H.R. 7661, S. 4028",kids-chatbots,https://lda.gov/filings/public/filing/ba4bf17c-2ab2-49ce-bb89-3273f06d8914/print/
"HOPSKIPDRIVE, INC.","FRANKLIN SQUARE GROUP, LLC",2026,Q1,50000.0,,,https://lda.gov/filings/public/filing/85d16ecf-fcaa-448a-8658-3e439b2a2f4c/print/
NCTA - THE INTERNET & TELEVISION ASSOCIATION,"GUIDEPOSTSTRATEGIES, LLC",2026,Q1,50000.0,,,https://lda.gov/filings/public/filing/b137460f-0e5b-4160-a107-8213d1c3cece/print/
KLA CORPORATION,"FRANKLIN SQUARE GROUP, LLC",2026,Q1,60000.0,,china-race,https://lda.gov/filings/public/filing/b1d48caa-fbfb-41f3-9c92-f41635d93c1c/print/
PACIFIC LIFE INSURANCE COMPANY,PACIFIC LIFE INSURANCE COMPANY,2026,Q1,420000.0,"S. 1582, S. 2164, S. 2750",ai-cyberattacks; bias,https://lda.gov/filings/public/filing/e35821ad-515c-4de6-9658-5bcfceb73840/print/
"OKTA, INC.","FRANKLIN SQUARE GROUP, LLC",2026,Q1,30000.0,,ai-cyberattacks,https://lda.gov/filings/public/filing/e0ddde41-1b6a-499f-9f8e-a598a3f7a792/print/
CHAMBER OF COMMERCE OF THE U.S.A.,CHAMBER OF COMMERCE OF THE U.S.A.,2026,Q1,19750000.0,"H.J.Res. 35, H.J.Res. 91, H.R. 1047, H.R. 1070, H.R. 1085, H.R. 1140, H.R. 1152, H.R. 1335, H.R. 1577, H.R. 1949, H.R. 2617, H.R. 2635, H.R. 2986, H.R. 3015, H.R. 3062, H.R. 3109, H.R. 3616, H.R. 3617, H.R. 3628, H.R. 3632, H.R. 3638, H.R. 3657, H.R. 3668, H.R. 3699, H.R. 4754, H.R. 5551, H.R. 6129, H.R. 6336, H.R. 7023, H.R. 7257, H.R. 7258, H.R. 7266, H.R. 7305, H.R. 755, H.R. 7688, H.R. 77, H.R. 8045, S. 1071, S. 1863, S. 2228, S. 2827, S. 3170, S. 3808, S. 3947, S. 4217, S. 4753, S. 4815, S. 714, S.J.Res. 12, S.J.Res. 55",ai-cyberattacks; china-race; power-bills,https://lda.gov/filings/public/filing/ccb8f0b2-7803-4e16-b48a-399d4429f7a1/print/
"PAYPAL, INC.","FRANKLIN SQUARE GROUP, LLC",2026,Q1,50000.0,,ai-cyberattacks,https://lda.gov/filings/public/filing/9ed9fe36-aa69-4810-a546-60f30447c4bf/print/
"REDDIT, INC.","FRANKLIN SQUARE GROUP, LLC",2026,Q1,60000.0,"H.R. 3921, H.R. 633, S. 146, S. 1829, S. 836",kids-chatbots,https://lda.gov/filings/public/filing/13d5203c-9018-41cb-a997-c4e49086d719/print/
BLUE CROSS AND BLUE SHIELD OF FLORIDA INC,"BLUE CROSS AND BLUE SHIELD OF FLORIDA, INC.",2026,Q1,130000.0,"H.R. 1197, H.R. 1627, H.R. 1909, H.R. 2509, H.R. 3841, H.R. 4710, H.R. 5629, H.R. 6248, S. 1851, S. 2355, S. 2420, S. 4027, S. 931, S. 958",ai-cyberattacks; job-loss,https://lda.gov/filings/public/filing/2354994a-866f-49ac-b0cb-3cd418cf0d38/print/
ROBLOX CORPORATION,"FRANKLIN SQUARE GROUP, LLC",2026,Q1,80000.0,"H.R. 633, S. 146, S. 1748, S. 836",kids-chatbots,https://lda.gov/filings/public/filing/fc4aab1f-2c8f-4120-9342-97071ef5a83e/print/
SALESFORCE.COM INC.,"FRANKLIN SQUARE GROUP, LLC",2026,Q1,60000.0,,ai-cyberattacks,https://lda.gov/filings/public/filing/8a819900-a8df-414d-b59f-3b56abf49824/print/
DOW CHEMICAL COMPANY DBA DOW,"THE DOW CHEMICAL COMPANY, DBA DOW",2026,Q1,1690000.0,"H.R. 5079, S. 1337",ai-cyberattacks,https://lda.gov/filings/public/filing/685b927e-ab76-448b-a6e7-b0fee28ee9ad/print/
STUBHUB,"FRANKLIN SQUARE GROUP, LLC",2026,Q1,50000.0,,,https://lda.gov/filings/public/filing/ff9f10db-0258-4ba7-a45b-f4cd469afea9/print/
TWILIO INC.,"FRANKLIN SQUARE GROUP, LLC",2026,Q1,50000.0,,,https://lda.gov/filings/public/filing/4b60bbc9-5b12-4b3c-9320-9a14149b9b61/print/
"INTUIT, INC. AND AFFILIATES",CAPITOL COUNSEL LLC,2026,Q1,60000.0,H.R. 3679,,https://lda.gov/filings/public/filing/dc2c9af3-f969-498f-b3c1-e3c7e18c901e/print/
SPOTIFY USA INC.,SPOTIFY USA INC.,2026,Q1,530000.0,,bias,https://lda.gov/filings/public/filing/9c77e617-034a-4699-9be7-ad87582b6061/print/
"AMERICAN HONDA MOTOR CO., INC.","AMERICAN HONDA MOTOR CO., INC.",2026,Q1,879000.0,"H.R. 3684, H.R. 5371, S. 1377",ai-cyberattacks; job-loss,https://lda.gov/filings/public/filing/007cd80c-5fcb-43db-ae71-713a36164c26/print/
"ANTHROPIC, PBC",AVENUE SOLUTIONS,2026,Q1,60000.0,,,https://lda.gov/filings/public/filing/c6733db4-0079-4046-9e73-2755bb4f4879/print/
WALMART INC,WALMART INC.,2026,Q1,3290000.0,,,https://lda.gov/filings/public/filing/02de05c5-c40e-4cd8-bb9c-2ab909242852/print/
UNIVERSITY OF MARYLAND,UNIVERSITY OF MARYLAND,2026,Q1,27000.0,"H.R. 1048, H.R. 4312, H.R. 6938, H.R. 7148",ai-cyberattacks; job-loss; loss-of-control,https://lda.gov/filings/public/filing/d38e61a2-db37-4d09-9279-dba43599df06/print/
UNIVERSAL MUSIC GROUP,UNIVERSAL MUSIC GROUP,2026,Q1,660000.0,"H.R. 2794, H.R. 791, H.R. 8094, H.R. 861, S. 1367, S. 253, S. 326, S. 3813, S. 5379",deepfakes,https://lda.gov/filings/public/filing/28ebc0ba-8eda-4f2b-95e5-deaaebb896df/print/
SAS INSTITUTE,SAS INSTITUTE,2026,Q1,490000.0,,,https://lda.gov/filings/public/filing/362164a8-8a12-4c85-8370-1add0f1a3da1/print/
"THE SUSAN G. KOMEN BREAST CANCER FOUNDATION, INC. DBA SUSAN G. KOMEN","THE SUSAN G. KOMEN BREAST CANCER FOUNDATION, INC. DBA SUSAN G. KOMEN",2026,Q1,80000.0,"H.R. 2381, H.R. 4541, H.R. 8358, S. 1866, S. 2339, S. 4318",,https://lda.gov/filings/public/filing/df277947-6248-4251-8bc3-3ed7e4dbaa00/print/
KROGER CO,THE KROGER CO.,2026,Q1,400000.0,H.R. 1165,bias; china-race; kids-chatbots,https://lda.gov/filings/public/filing/a45a2249-b9cd-4bd3-966b-42f8789cf072/print/
BSA THE SOFTWARE ALLIANCE (FORMERLY BSA BUSINESS SOFTWARE ALLIANCE INC),"CGCN GROUP, LLC",2026,Q1,30000.0,"H.R. 1000, H.R. 2385, H.R. 2417, H.R. 2765, H.R. 3220, H.R. 3788, H.R. 3838, H.R. 3961, H.R. 4142, H.R. 4942, H.R. 633, S. 1337, S. 1344, S. 1362, S. 146, S. 1746, S. 1748, S. 1792, S. 2081, S. 2558, S. 2750, S. 3150, S. 836",ai-cyberattacks; china-race; kids-chatbots,https://lda.gov/filings/public/filing/fae3d903-9159-4426-9f44-1985a2a7b186/print/
"C3.AI, INC.","CGCN GROUP, LLC",2026,Q1,80000.0,"H.R. 4016, S. 2572",,https://lda.gov/filings/public/filing/63b1d96f-88ea-446b-8682-67204ca4c747/print/
"HEALTHCARE PRIVACY FORUM, LLC DBA, HEALTHCARE TRUST INSTITUTE",AVENUE SOLUTIONS,2026,Q1,30000.0,,ai-cyberattacks,https://lda.gov/filings/public/filing/daa79354-ecdf-4fc0-8190-2b1296e99b1a/print/
AMERICAN COUNCIL OF LIFE INSURERS,AMERICAN COUNCIL OF LIFE INSURERS,2026,Q1,1126104.0,"H.R. 4173, H.R. 5511, H.R. 6356, S. 1582, S. 2750, S. 3308",ai-cyberattacks; bias,https://lda.gov/filings/public/filing/f11fb96a-0d51-4e80-837d-715e6a9134ca/print/
"ILLUMINA, INC.",AVENUE SOLUTIONS,2026,Q1,60000.0,"H.R. 842, S. 339",,https://lda.gov/filings/public/filing/dde80150-9e83-4f08-8581-1f48f85ec450/print/
AMERICA'S HEALTH INSURANCE PLANS INC (AHIP),"AMERICA'S HEALTH INSURANCE PLANS, INC. (AHIP)",2026,Q1,5320000.0,"H.R. 1096, H.R. 1407, H.R. 1523, H.R. 1614, H.R. 1627, H.R. 1867, H.R. 1899, H.R. 2013, H.R. 2049, H.R. 2404, H.R. 2528, H.R. 2741, H.R. 3000, H.R. 4206, H.R. 4484, H.R. 5081, H.R. 5371, H.R. 7064, H.R. 7537, H.R. 7787, H.R. 7790, H.R. 842, H.R. 935, S. 1056, S. 1227, S. 1261, S. 1329, S. 1847, S. 2356, S. 2709, S. 339, S. 3822, S. 3829, S. 3834, S. 422, S. 931",ai-cyberattacks; job-loss,https://lda.gov/filings/public/filing/2c1e2648-d1da-4d3b-8f42-38a6c89632e2/print/
"X CORP. (FORMERLY TWITTER, INC.)","X CORP. (FORMERLY TWITTER, INC.)",2026,Q1,190000.0,"H.R. 3209, H.R. 3562, H.R. 6875, H.R. 7757",bias; kids-chatbots; power-bills,https://lda.gov/filings/public/filing/fc4d272e-285a-41bb-8796-0fdc6444a6de/print/
BUSINESS ROUNDTABLE INC,"THE BUSINESS ROUNDTABLE, INC.",2026,Q1,7590000.0,"H.R. 5079, S. 1337, S. 2983",ai-cyberattacks; job-loss,https://lda.gov/filings/public/filing/ead0067f-6960-40c2-b0c8-9e301fe4d33b/print/
ATLASSIAN,MONUMENT ADVOCACY,2026,Q1,10000.0,,,https://lda.gov/filings/public/filing/fd507d50-2898-4554-a9ab-fc51bb7d4ed2/print/
"DEXCOM, INC.","DEXCOM, INC.",2026,Q1,380000.0,H.R. 1539,,https://lda.gov/filings/public/filing/d9bc8e53-79d8-44bb-8a43-419154aa8d7a/print/
GE HEALTHCARE,RED+BLUE STRATEGIES,2026,Q1,70000.0,,,https://lda.gov/filings/public/filing/d972118f-5a38-427a-aa81-b80910d78d3d/print/
ORACLE CORPORATION,AVENUE SOLUTIONS,2026,Q1,60000.0,,ai-cyberattacks,https://lda.gov/filings/public/filing/0d1eae10-be2b-441e-9d0e-65d18c66bc35/print/
THE AI POLICY NETWORK INC.,THE AI POLICY NETWORK INC.,2026,Q1,110000.0,"H.R. 3919, H.R. 4505, H.R. 4920, H.R. 7003, S. 1633, S. 2615, S. 2938, S. 3108, S. 4113, S. 4216",china-race; loss-of-control,https://lda.gov/filings/public/filing/e4a3ee49-e8ca-48cc-b58f-90872aea4959/print/
"SIEMENS MEDICAL SOLUTIONS USA, INC.",AVENUE SOLUTIONS,2026,Q1,70000.0,"H.R. 6197, S. 1399",,https://lda.gov/filings/public/filing/516ea585-9ee3-4232-9e92-d793c02df6e6/print/
HARTWELL CAPITOL CONSULTING *ON BEHALF OF DRAI HEALTH),"CAPITOL ADVOCACY & GOVERNMENT AFFAIRS, LLC",2026,Q1,10000.0,,,https://lda.gov/filings/public/filing/e5993c04-307b-4214-b0a9-f6b8a2ba4ef5/print/
"SYNOPSYS, INC.","SYNOPSYS, INC.",2026,Q1,370000.0,,,https://lda.gov/filings/public/filing/effd1422-8ccd-43e7-a505-23735b1556c0/print/
AMERICAN FED OF GOVERNMENT EMPLOYEES AFL-CIO,"AMERICAN FED OF GOVERNMENT EMPLOYEES, AFL-CIO",2026,Q1,410000.0,"H.R. 2137, H.R. 2303, H.R. 2550, H.R. 3261, H.R. 3944, H.R. 4077, H.R. 472, H.R. 491, H.R. 493, H.R. 6014, H.R. 6015, H.R. 657, H.R. 659, H.R. 740, H.R. 7948, H.R. 7950, H.R. 8010, H.R. 8041, H.R. 8052, H.R. 932, S. 1068, S. 124, S. 126, S. 2196, S. 275, S. 2837, S. 3174, S. 3466, S. 624",job-loss,https://lda.gov/filings/public/filing/c1cae67e-b0bb-4ff1-a09c-cc7867654043/print/
CAPITAL INVESTMENT ADVISORS,TROUTMAN STRATEGIES,2026,Q1,30000.0,"H.R. 4801, S. 2528",,https://lda.gov/filings/public/filing/6796af5f-791e-4ca4-91f3-41d9d9ab0d3f/print/
THE INTERNET INFRASTRUCTURE COALITION (I2COALITION),"TWINLOGIC STRATEGIES, LLP",2026,Q1,40000.0,,ai-cyberattacks; deepfakes; kids-chatbots,https://lda.gov/filings/public/filing/731b44d8-451b-488a-bc07-4796af77570e/print/
LINKEDIN CORPORATION,LINKEDIN CORPORATION,2026,Q1,240000.0,"H.R. 6291, H.R. 6484, H.R. 7757, S. 1683, S. 1748, S. 278, S. 836",job-loss; kids-chatbots,https://lda.gov/filings/public/filing/a45f403b-4c85-4fff-81f6-bea2c8bd7f66/print/
SIEMENS HEALTHINEERS,TIBER CREEK GROUP,2026,Q1,60000.0,"H.R. 5269, H.R. 6197, S. 1399, S. 2761",job-loss,https://lda.gov/filings/public/filing/8f3fda53-7907-4b1f-84ad-1743b9382d2f/print/
AMERICAN BANKERS ASSOCIATION,AMERICAN BANKERS ASSOCIATION,2026,Q1,3140000.0,"H.R. 1181, H.R. 1602, H.R. 1606, H.R. 1652, H.R. 1653, H.R. 1799, H.R. 1900, H.R. 1919, H.R. 1944, H.R. 2183, H.R. 2331, H.R. 2392, H.R. 2513, H.R. 2702, H.R. 2835, H.R. 2885, H.R. 306, H.R. 3230, H.R. 3379, H.R. 3380, H.R. 3390, H.R. 3445, H.R. 3446, H.R. 3633, H.R. 3709, H.R. 3716, H.R. 4437, H.R. 4460, H.R. 4478, H.R. 4544, H.R. 478, H.R. 5262, H.R. 5270, H.R. 5276, H.R. 5291, H.R. 6536, H.R. 654, H.R. 6544, H.R. 6546, H.R. 6550, H.R. 6551, H.R. 6553, H.R. 6554, H.R. 6555, H.R. 6570, H.R. 6955, H.R. 7035, H.R. 7056, H.R. 8087, H.R. 8287, H.R. 940, H.R. 941, H.R. 976, H.R. 987, S. 1124, S. 113, S. 2019, S. 3017, S. 3623, S. 381, S. 394, S. 3940, S. 401, S. 4198, S. 557, S. 875, S. 919",ai-cyberattacks; kids-chatbots,https://lda.gov/filings/public/filing/bc3564ab-c2c3-4836-b902-bcdfba485789/print/
SOLVENTUM CORPORATION,TIBER CREEK GROUP,2026,Q1,60000.0,,,https://lda.gov/filings/public/filing/9e4845e2-2886-4189-a428-3132f654389f/print/
"SUPER MICRO COMPUTER, INC.","SUPER MICRO COMPUTER, INC.",2026,Q1,20000.0,,china-race; power-bills,https://lda.gov/filings/public/filing/b2fd2177-5d51-4ad1-8c54-f55a51d08133/print/
"BLOCK, INC.","AVOQ, LLC",2026,Q1,60000.0,,,https://lda.gov/filings/public/filing/acb3b4b9-3bf9-4a80-9b46-a31f736aaae0/print/
BLACKROCK FUNDS SERVICES GROUP LLC,"BLACKROCK FUNDS SERVICES GROUP, LLC",2026,Q1,810000.0,,,https://lda.gov/filings/public/filing/e7d7cef2-dc64-4f53-861d-9b9a94b9bb08/print/
"T-MOBILE USA, INC.","T-MOBILE USA, INC.",2026,Q1,2640000.0,,ai-cyberattacks,https://lda.gov/filings/public/filing/2ecef964-0b53-4683-ad08-b7009877b1f7/print/
LOWE'S COMPANIES INC.,LOWE'S COMPANIES INC.,2026,Q1,870000.0,,,https://lda.gov/filings/public/filing/d36572c3-20b5-41da-bab7-005d6d14cd24/print/
"SB TECHNOLOGY, INC. D/B/A SANDBOXAQ",MICHAEL BEST STRATEGIES LLC,2026,Q1,40000.0,,,https://lda.gov/filings/public/filing/8503a588-6cb3-41a3-87de-2d570ec072a4/print/
AMERICAN BAR ASSOCIATION,AMERICAN BAR ASSOCIATION,2026,Q1,250000.0,,,https://lda.gov/filings/public/filing/16e3e585-5692-4a39-96ba-04a433fbbac2/print/
THE ALLIANCE FOR SECURE AI ACTION,THE ALLIANCE FOR SECURE AI ACTION,2026,Q1,10000.0,"H.R. 3447, H.R. 6875, H.R. 7985, H.R. 8170, S. 1473, S. 2938, S. 3062, S. 3108, S. 4046, S. 4113",china-race; kids-chatbots; power-bills,https://lda.gov/filings/public/filing/59145146-9408-4b0f-95de-b83ec495f856/print/
DOUBLEVERIFY INC.,"AVOQ, LLC",2026,Q1,60000.0,,,https://lda.gov/filings/public/filing/87c012c5-b4f2-4f61-885b-314da0b5e73c/print/
XCEL ENERGY INC,"XCEL ENERGY, INC",2026,Q1,960000.0,"H.R. 1047, H.R. 1355, H.R. 2444, H.R. 2703, H.R. 3015, H.R. 3062, H.R. 3157, H.R. 3616, H.R. 3617, H.R. 3626, H.R. 3628, H.R. 3632, H.R. 3638, H.R. 3657, H.R. 3668, H.R. 3699, H.R. 3843, H.R. 3898, H.R. 4136, H.R. 4503, H.R. 471, H.R. 5600, H.R. 6336, H.R. 6633, H.R. 6983, H.R. 753, H.R. 7729, H.Res. 290, S. 1327, S. 1462, S. 1757, S. 1801, S. 1945, S. 2082, S. 3034, S. 3585, S. 3682, S. 3814, S. 3852, S. 3947, S. 465, S. 914",ai-cyberattacks; power-bills,https://lda.gov/filings/public/filing/8c296bc3-f794-4595-b7ba-76f2416c162a/print/
EYEO GMBH,"AVOQ, LLC",2026,Q1,50000.0,,,https://lda.gov/filings/public/filing/d63ca133-0964-4328-9de1-939cbbd8baa5/print/
ADVANCE PUBLICATIONS,"NVG, LLC",2026,Q1,50000.0,S. 2367,kids-chatbots,https://lda.gov/filings/public/filing/7128c7fd-5691-42bb-8f07-08e41fe874d7/print/
XYLEM INC.,XYLEM INC.,2026,Q1,70000.0,"H.R. 2940, H.R. 6075",,https://lda.gov/filings/public/filing/19524467-08fb-4a16-92c8-5dc5ba2cf8c8/print/
"SWITCH, LTD",MICHAEL BEST STRATEGIES LLC,2026,Q1,110000.0,,power-bills,https://lda.gov/filings/public/filing/3424c418-1c63-4a7a-841b-a01eb8a2e5ff/print/
AMERICAN ASSOCIATION FOR JUSTICE,"NVG, LLC",2026,Q1,90000.0,"H.R. 6265, H.R. 6291, H.R. 6484",kids-chatbots,https://lda.gov/filings/public/filing/5ec34f4a-bed4-4e0f-88c3-51759445f5a4/print/
EARTHJUSTICE ACTION,EARTHJUSTICE ACTION,2026,Q1,111650.94,"H.J.Res. 140, H.R. 10378, H.R. 1366, H.R. 2079, H.R. 261, H.R. 4609, H.R. 471, H.R. 5745, H.R. 7458, H.R. 7656, S. 1426, S. 1462, S. 2860, S. 3609, S. 544, S. 90",china-race; power-bills,https://lda.gov/filings/public/filing/8bc7271f-eb9b-4039-9d53-6954b7b3d45c/print/
AMERICAN ASSOCIATION OF INDEPENDENT MUSIC,"NVG, LLC",2026,Q1,20000.0,"H.R. 2794, H.R. 861, S. 1367, S. 326",,https://lda.gov/filings/public/filing/34483836-a1c5-4330-bc44-e948df23d72d/print/
"GROQ, INC.",INVARIANT LLC,2026,Q1,50000.0,,,https://lda.gov/filings/public/filing/3f887bbb-d253-4cc4-9e9e-1cea49f9c0b1/print/
COMCAST CORPORATION,"NVG, LLC",2026,Q1,30000.0,,,https://lda.gov/filings/public/filing/0b28a61e-1e38-4e05-a120-762efa7bcafc/print/
SOLVENTUM CORPORATION,SOLVENTUM CORPORATION,2026,Q1,250000.0,H.R. 1,,https://lda.gov/filings/public/filing/007f269b-7944-485a-ad92-3f4e34f6d5fa/print/
RECORDING INDUSTRY ASSOCIATION OF AMERICA,COLTON STREET GROUP,2026,Q1,50000.0,,,https://lda.gov/filings/public/filing/8ca7ddc2-370c-448c-ba29-3491c531ae7e/print/
GETTY IMAGES INC.,"NVG, LLC",2026,Q1,20000.0,"H.R. 2794, S. 1367, S. 2455",,https://lda.gov/filings/public/filing/aad0cfd5-497e-454d-984f-393050600aa3/print/
"CENTER FOR AI SAFETY ACTION FUND, INC.","CENTER FOR AI SAFETY ACTION FUND, INC.",2026,Q1,100000.0,,china-race,https://lda.gov/filings/public/filing/fe3e8e64-0a1f-4b3f-9476-17530065e2bd/print/
INSTITUTE OF INTERNAL AUDITORS,"NVG, LLC",2026,Q1,40000.0,,ai-cyberattacks,https://lda.gov/filings/public/filing/c015a6a9-1fff-4c6f-9b1b-b193e365648c/print/
BLACK HILLS CORPORATION,BLACK HILLS CORPORATION,2026,Q1,70000.0,,power-bills,https://lda.gov/filings/public/filing/15bd32ad-a7fe-4765-827f-e7f1494dd1bc/print/
INTERNATIONAL LONGSHORE AND WAREHOUSE UNION,"NVG, LLC",2026,Q1,60000.0,,job-loss,https://lda.gov/filings/public/filing/7505c5fe-b646-4669-87bd-dd920eb84af7/print/
QUALCOMM INCORPORATED,"QUALCOMM, INCORPORATED",2026,Q1,1680000.0,H.R. 802,,https://lda.gov/filings/public/filing/5594dadc-ff89-483f-9444-21a5bc3bc96f/print/
DELL TECHNOLOGIES,"THEGROUP DC, LLC",2026,Q1,80000.0,,ai-cyberattacks,https://lda.gov/filings/public/filing/6bc9a014-9d03-4b4a-9ce9-3630fd2a9535/print/
ERNST & YOUNG LLP (WASHINGTON COUNCIL ERNST & YOUNG),ERNST & YOUNG LLP (WASHINGTON COUNCIL ERNST & YOUNG),2026,Q1,760000.0,"H.R. 2911, S. 1582",,https://lda.gov/filings/public/filing/457113b8-3d7d-4738-b669-69ba71c573f8/print/
VANNEVAR LABS,MICHAEL BEST STRATEGIES LLC,2026,Q1,120000.0,,,https://lda.gov/filings/public/filing/ee6ffb72-f6d4-4b2f-b588-ff1aeb26dbc8/print/
TSMC ARIZONA,"SIGHTLINE ADVOCACY, LLC",2026,Q1,50000.0,"H.R. 3447, S. 1705",china-race,https://lda.gov/filings/public/filing/0e5f9cda-2f76-4a46-8426-7ae79bc756b1/print/
GUARDIAN LIFE INSURANCE COMPANY OF AMERICA,"AVOQ, LLC",2026,Q1,60000.0,,,https://lda.gov/filings/public/filing/51817aba-30fa-49a7-9e5f-176e191959e4/print/
LINKEDIN,"TWINLOGIC STRATEGIES, LLP",2026,Q1,50000.0,,kids-chatbots,https://lda.gov/filings/public/filing/5af45e7d-8ce2-49a4-ba59-3769dc93db83/print/
WAYMO LLC,MONUMENT ADVOCACY,2026,Q1,50000.0,,,https://lda.gov/filings/public/filing/324724fa-bd98-4cde-931d-ebdfecd889d0/print/
"SAMSUNG SEMICONDUCTOR, INC.","CGCN GROUP, LLC",2026,Q1,50000.0,,ai-cyberattacks,https://lda.gov/filings/public/filing/801faadf-c1a4-4f00-ab54-2a0e5c840359/print/
"X CORP. (FORMERLY TWITTER, INC.)","TWINLOGIC STRATEGIES, LLP",2026,Q1,40000.0,,kids-chatbots,https://lda.gov/filings/public/filing/0f5ef01e-0504-4f3e-928d-d3b06a7a66f6/print/
"T-MOBILE USA, INC.","TWINLOGIC STRATEGIES, LLP",2026,Q1,40000.0,,ai-cyberattacks,https://lda.gov/filings/public/filing/e7d3e9e1-75a7-435d-a51d-78c53d9f1702/print/
MAPLEBEAR INC. D/B/A INSTACART,"AVOQ, LLC",2026,Q1,60000.0,,,https://lda.gov/filings/public/filing/a67ef516-dbaf-4bc0-affc-bbd91ebced6c/print/
"META PLATFORMS, INC.","AVOQ, LLC",2026,Q1,80000.0,,,https://lda.gov/filings/public/filing/7b5bc578-9fa1-4190-bf2d-0c25a3c1dedb/print/
SCIENCE APPLICATIONS INTERNATIONAL CORPORATION,"TWINLOGIC STRATEGIES, LLP",2026,Q1,30000.0,,ai-cyberattacks,https://lda.gov/filings/public/filing/33e074db-dce5-49fc-ba45-c3937d6c74a4/print/
HEALTH INNOVATION ALLIANCE,MONUMENT ADVOCACY,2026,Q1,20000.0,,,https://lda.gov/filings/public/filing/f01cf308-4fff-4d98-a76e-d5894c698de5/print/
REINSURANCE ASSN OF AMERICA,REINSURANCE ASSN OF AMERICA,2026,Q1,520000.0,"H.R. 7132, S. 245, S. 3578, S. 3772",ai-cyberattacks,https://lda.gov/filings/public/filing/c60a2a18-f8c1-433d-912b-9a05a635797c/print/
COGNIZANT TECHNOLOGY SOLUTIONS,"THEGROUP DC, LLC",2026,Q1,60000.0,,,https://lda.gov/filings/public/filing/61da9a7f-e053-47f0-a983-28986c2c7208/print/
REGIONS FINANCIAL CORPORATION,"CGCN GROUP, LLC",2026,Q1,30000.0,,,https://lda.gov/filings/public/filing/28003b66-2c99-49de-b73f-885ed4502636/print/
"ORACLE AMERICA, INC.","SIGHTLINE ADVOCACY, LLC",2026,Q1,60000.0,"H.R. 6875, H.R. 8152, S. 3519",china-race,https://lda.gov/filings/public/filing/d3107d1c-af26-4145-b75c-533d755d88b1/print/
SIIA,"TWINLOGIC STRATEGIES, LLP",2026,Q1,25000.0,,deepfakes,https://lda.gov/filings/public/filing/9e64afaf-3bff-464a-9ca8-72c7aba846af/print/
OTUS,"AVOQ, LLC",2026,Q1,40000.0,,,https://lda.gov/filings/public/filing/b3b98b38-b6d8-4e4f-95a0-0339b3a45edf/print/
INTERNATIONAL BUSINESS MACHINES CORPORATION (IBM),INTERNATIONAL BUSINESS MACHINES CORPORATION (IBM),2026,Q1,800000.0,S. 579,ai-cyberattacks,https://lda.gov/filings/public/filing/30d7b332-c6f8-47d9-8efa-897d46c5996a/print/
ENCODE AI CORPORATION,ENCODE AI CORPORATION,2026,Q1,110000.0,"H.R. 7757, S. 1729",kids-chatbots,https://lda.gov/filings/public/filing/33e60018-ba08-493b-b737-087f88e6840c/print/
NEWS CORPORATION,"CGCN GROUP, LLC",2026,Q1,50000.0,,,https://lda.gov/filings/public/filing/c35339dd-5022-4774-9aff-c1bb668ed25d/print/
AMERICAN ASSOCIATION OF NURSE ANESTHETISTS,AMERICAN ASSOCIATION OF NURSE ANESTHETISTS,2026,Q1,240000.0,"H.R. 1317, H.R. 3593, H.R. 5304, H.R. 6545, S. 1874, S. 2587, S. 575",bias; job-loss,https://lda.gov/filings/public/filing/ece0f6fb-2de3-449c-976d-d56f1b9b8d44/print/
TOOLS FOR HUMANITY CORPORATION,"TWINLOGIC STRATEGIES, LLP",2026,Q1,80000.0,,ai-cyberattacks,https://lda.gov/filings/public/filing/4549b3bd-dc9e-4c44-996f-abaab0f48166/print/
"SIX CONTINENTS HOTELS, INC.","SIX CONTINENTS HOTELS, INC.",2026,Q1,460000.0,"H.R. 1479, S. 314",,https://lda.gov/filings/public/filing/259bab76-43c2-48a8-bdc1-9073f7e5e370/print/
"AMERICAN ELECTRIC POWER COMPANY, INC. AND AFFILIATED CORPORATIONS","AMERICAN ELECTRIC POWER COMPANY, INC. AND AFFILIATED CORPORATIONS",2026,Q1,1209000.0,"H.R. 1047, H.R. 1355, H.R. 3015, H.R. 3062, H.R. 3157, H.R. 3616, H.R. 3617, H.R. 3628, H.R. 3632, H.R. 3638, H.R. 3657, H.R. 3843, H.R. 4503, H.R. 5600, H.R. 6336, H.R. 6633, H.R. 6983, H.R. 7729, S. 1327, S. 3034, S. 3585, S. 3682, S. 3814, S. 3852, S. 3947, S. 465",ai-cyberattacks; power-bills,https://lda.gov/filings/public/filing/9bd36a82-3142-4da1-af70-c95d6d900f34/print/
EXELON BUSINESS SERVICES LLC,"EXELON BUSINESS SERVICES, LLC",2026,Q1,530000.0,"H.R. 5301, H.R. 7729, H.R. 8050, S. 2975, S. 3852",power-bills,https://lda.gov/filings/public/filing/ca9aa256-c840-4480-8ead-85aa1932f2e0/print/
THE WALT DISNEY CORPORATION,ALPINE ADVISORS,2026,Q1,50000.0,,,https://lda.gov/filings/public/filing/bcf4cbc2-3320-474b-a8e5-da40ea213dd5/print/
"AMERICAN CONSERVATION COALITION ACTION, INC.","AMERICAN CONSERVATION COALITION ACTION, INC.",2026,Q1,100000.0,,power-bills,https://lda.gov/filings/public/filing/19dc8fc1-7215-4f7d-ac46-803776075b43/print/
PARAMOUNT SKYDANCE CORPORATION,PARAMOUNT SKYDANCE CORPORATION,2026,Q1,1340000.0,"H.R. 2794, S. 1367",,https://lda.gov/filings/public/filing/f6a40d63-8332-44c9-9778-e7b0835b7e92/print/
RELX INC.,"AVOQ, LLC",2026,Q1,60000.0,,,https://lda.gov/filings/public/filing/111ad294-9e42-4ffa-8562-d2c68a845ea3/print/
ANTHROPIC PBC,"NAVIGATORS GLOBAL LLC (FORMERLY DC NAVIGATORS, LLC)",2026,Q1,30000.0,,,https://lda.gov/filings/public/filing/2797e93c-4d13-4570-aee7-d61488b3023e/print/
MICROSOFT CORPORATION,"HARBINGER STRATEGIES, LLC",2026,Q1,60000.0,,,https://lda.gov/filings/public/filing/71867c62-8bc4-497d-a0c2-2c3ee24a6c75/print/
CAPITAL ONE FINANCIAL CORPORATION,VENABLE LLP,2026,Q1,30000.0,,,https://lda.gov/filings/public/filing/ab325c95-67f7-4710-912e-11249284b4e5/print/
PEARSON EDUCATION,PEARSON EDUCATION,2026,Q1,240000.0,H.R. 8183,job-loss,https://lda.gov/filings/public/filing/8d133d79-13b2-4e00-ae9c-76c15d1d7d2f/print/
APPLE INC.,INVARIANT LLC,2026,Q1,180000.0,,,https://lda.gov/filings/public/filing/7ea3d512-e58a-4d73-a8ad-17e042feb89f/print/
MASTERCARD WORLDWIDE,"CGCN GROUP, LLC",2026,Q1,80000.0,"H.R. 1944, H.R. 7035, S. 3623, S. 381",ai-cyberattacks,https://lda.gov/filings/public/filing/0bd29eaf-37f0-41a8-81d2-d6ad12dc92d7/print/
EBAY INC.,EBAY INC.,2026,Q1,580000.0,"H.R. 3149, H.R. 6266, H.R. 6484, H.R. 6489, H.R. 7757, H.R. 7890, H.R. 7891, H.R. 8818, S. 1409, S. 1586, S. 1748, S. 294, S. 836",kids-chatbots,https://lda.gov/filings/public/filing/6baff27e-9395-42c5-9277-09480d23c678/print/
TECHNOLOGY NETWORK AKA TECHNET,"AVOQ, LLC",2026,Q1,60000.0,,,https://lda.gov/filings/public/filing/9bd3cd62-6794-43d5-bcf3-dff7808e599b/print/
ZURICH AMERICAN INSURANCE COMPANY,ZURICH AMERICAN INSURANCE COMPANY,2026,Q1,700000.0,"H.R. 1285, H.R. 469, H.R. 471, H.R. 643, H.R. 7128, S. 570, S. 985",ai-cyberattacks; deepfakes; power-bills,https://lda.gov/filings/public/filing/9cd07760-aacd-428b-a260-6662f72b29ef/print/
C3.AI,C3.AI,2026,Q1,205000.0,"H.R. 4016, S. 2572",,https://lda.gov/filings/public/filing/ec5be0bc-2d19-45c9-a01f-0e0e4d8194e5/print/
COMCAST CORPORATION,"STEWART STRATEGIES AND SOLUTIONS, LLC",2026,Q1,30000.0,,,https://lda.gov/filings/public/filing/16543c92-2e4a-4378-b904-9ae86e0d83b3/print/
ADOBE INC.,"FEDERAL STREET STRATEGIES, LLC",2026,Q1,50000.0,,ai-cyberattacks; deepfakes,https://lda.gov/filings/public/filing/1e1f74ef-2957-4e1a-a33b-d49ec254af29/print/
META PLATFORMS INC (FORMERLY FACEBOOK INC & VARIOUS SUBSIDIARIES),"STEWART STRATEGIES AND SOLUTIONS, LLC",2026,Q1,60000.0,H.R. 3149,ai-cyberattacks; power-bills,https://lda.gov/filings/public/filing/bc10d750-52e2-4302-8d5c-926d1990a751/print/
MICROSOFT CORPORATION,"STEWART STRATEGIES AND SOLUTIONS, LLC",2026,Q1,60000.0,,ai-cyberattacks; power-bills,https://lda.gov/filings/public/filing/9b5b59eb-8140-4699-b8f8-e5658750b5de/print/
CENTER FOR RESPONSIBLE LENDING A SUPPORTING CORP OF CTR FOR COMMUNITY SELF-HELP,"CENTER FOR RESPONSIBLE LENDING, A SUPPORTING CORP OF CTR FOR COMMUNITY SELF-HELP",2026,Q1,170000.0,"H.R. 5912, H.R. 7056, H.Res. 1007, S. 3538, S. 3721, S. 3793",,https://lda.gov/filings/public/filing/5edb149f-51f0-49d1-8302-ccfaeb4c5f30/print/
SOFTWARE & INFORMATION INDUSTRY ASSOCIATION,SIIA,2026,Q1,1369519.0,"H.R. 2385, H.R. 2657, H.R. 2683, H.R. 3149, H.R. 3209, H.R. 3447, H.R. 3562, H.R. 4776, H.R. 4801, H.R. 6291, H.R. 6875, H.R. 7757, S. 146, S. 1705, S. 1748, S. 1837, S. 1894, S. 2528, S. 2750, S. 278, S. 836",china-race; kids-chatbots,https://lda.gov/filings/public/filing/683fddf2-cac3-4a8c-85e0-b440fa893bf5/print/
SHI INTERNATIONAL CORP.,"NAVIGATORS GLOBAL LLC (FORMERLY DC NAVIGATORS, LLC)",2026,Q1,60000.0,,,https://lda.gov/filings/public/filing/1c61113e-c4e7-4956-bfc5-150756a8fa32/print/
"LIGHTSPEED MANAGEMENT COMPANY, LLC.",INVARIANT LLC,2026,Q1,40000.0,,,https://lda.gov/filings/public/filing/2ccd037d-a939-431a-8981-a70c88cf3570/print/
ANTHROPIC,ANTHROPIC,2026,Q1,1560000.0,"H.R. 6875, H.R. 7757, S. 4046",china-race; job-loss; kids-chatbots,https://lda.gov/filings/public/filing/90cc74f3-1bd5-40c1-bba0-8d6e00fbb200/print/
"CITIGROUP WASHINGTON, INC.","CITIGROUP WASHINGTON, INC.",2026,Q1,1460000.0,"H.R. 1944, H.R. 2392, H.R. 2548, H.R. 2702, H.R. 3633, H.R. 987, S. 1241, S. 2381, S. 2999, S. 401, S. 4198, S. 875",ai-cyberattacks; china-race,https://lda.gov/filings/public/filing/b744606b-d91e-49b6-8654-03ebd5ba4cc0/print/
S&P GLOBAL INC. (F/K/A MCGRAW HILL FINANCIAL INC.),S&P GLOBAL INC. (F/K/A MCGRAW HILL FINANCIAL INC.),2026,Q1,600000.0,"H.R. 3633, S. 1582",kids-chatbots; power-bills,https://lda.gov/filings/public/filing/8834f541-1418-4f57-8e66-b8aa441466f0/print/
IHEARTMEDIA INC,"IHEARTMEDIA, INC.",2026,Q1,1086900.0,"H.R. 861, S. 326",,https://lda.gov/filings/public/filing/4679ebe2-756d-4175-8545-5961ad09b420/print/
NEC CORPORATION OF AMERICA,NEC CORPORATION OF AMERICA,2026,Q1,85000.0,,,https://lda.gov/filings/public/filing/5fbe84d8-d51d-4880-a63e-4284315dbe01/print/
LIFELINE DATA CENTERS,THE VOGEL GROUP,2026,Q1,20000.0,,china-race,https://lda.gov/filings/public/filing/684c391a-fab2-4a05-b747-5590d39d5171/print/
INTERNATIONAL BROTHERHOOD OF TEAMSTERS,INTERNATIONAL BROTHERHOOD OF TEAMSTERS,2026,Q1,431955.0,"H.R. 1319, H.R. 1320, H.R. 20, H.R. 4896, H.R. 5408, H.R. 8100, H.R. 8911, S. 2031, S. 2138, S. 2228, S. 2613, S. 3867, S. 567",job-loss,https://lda.gov/filings/public/filing/82e91d90-aa4f-4b8e-9d85-501b70dbfd4b/print/
NATIONAL ASSOCIATION OF CHILDREN'S HOSPITALS (N.A.C.H.),NATIONAL ASSOCIATION OF CHILDRENS HOSPITALS AND AFFILIATES,2026,Q1,1440000.0,"H.R. 1262, H.R. 1509, H.R. 169, H.R. 1735, H.R. 2483, H.R. 2587, H.R. 3255, H.R. 3505, H.R. 3890, H.R. 4262, H.R. 4768, S. 1266, S. 1673, S. 2448, S. 357, S. 752, S. 779, S. 932",bioweapons; job-loss; kids-chatbots,https://lda.gov/filings/public/filing/87eb9f7f-5a31-446e-b6ab-3636988027b3/print/
"ID.ME, INC.","HARBINGER STRATEGIES, LLC",2026,Q1,60000.0,,ai-cyberattacks,https://lda.gov/filings/public/filing/a4eccb3a-cc11-41c7-99dc-a4e5e3b1ab62/print/
CHILDREN AND SCREENS: INSTITUTE OF DIGITAL MEDIA & CHILD DEVELOPMENT,CURRENTSTRATEGIC LLC,2026,Q1,7500.0,,kids-chatbots,https://lda.gov/filings/public/filing/39f367c2-1ec9-40fa-89b7-edf88c9277de/print/
LINKEDIN CORPORATION,"HARBINGER STRATEGIES, LLC",2026,Q1,50000.0,,,https://lda.gov/filings/public/filing/325f87b0-4578-41cd-b1d4-a9091ef30dc1/print/
SAGE,INVARIANT LLC,2026,Q1,10000.0,,,https://lda.gov/filings/public/filing/abfaa3bb-bb09-4af3-91d2-6c2fb89bf74d/print/
EDGARAGENTS,THE VOGEL GROUP,2026,Q1,20000.0,,,https://lda.gov/filings/public/filing/c91c66e5-3cce-4b3e-a43b-339daeedd019/print/
CALIFORNIA ASSOCIATION OF SCHOOL BUSINESS OFFICIALS,CURRENTSTRATEGIC LLC,2026,Q1,9000.0,,,https://lda.gov/filings/public/filing/0fb00b46-4fe8-4844-b674-85abe2d8915c/print/
EDISON ELECTRIC INSTITUTE,CAPITOL COUNSEL LLC,2026,Q1,50000.0,"H.R. 1047, H.R. 1355, H.R. 3015, H.R. 3062, H.R. 3157, H.R. 3616, H.R. 3617, H.R. 3628, H.R. 3632, H.R. 3638, H.R. 3657, H.R. 3843, H.R. 4503, H.R. 5600, H.R. 6336, H.R. 6633, H.R. 6983, H.R. 7729, S. 1327, S. 3034, S. 3585, S. 3682, S. 3852, S. 3947, S. 465",ai-cyberattacks; power-bills,https://lda.gov/filings/public/filing/3add14ae-f441-454c-8db8-d02fced0a500/print/
THE CHEMOURS COMPANY,THE CHEMOURS COMPANY,2026,Q1,510000.0,,power-bills,https://lda.gov/filings/public/filing/fe5dc876-a7fb-4d4f-bf71-6ea6cbe476aa/print/
DEERE & COMPANY,DEERE & COMPANY,2026,Q1,494000.0,"H.R. 6944, S. 3580",,https://lda.gov/filings/public/filing/9ce1fcbf-4cf3-414e-b45c-52f885acb28f/print/
MOTION PICTURE ASSOCIATION INC,"MOTION PICTURE ASSOCIATION, INC.",2026,Q1,640000.0,,deepfakes; kids-chatbots,https://lda.gov/filings/public/filing/e05e08e6-9279-495c-9b6b-7edbf06ed044/print/
NVIDIA,THE VOGEL GROUP,2026,Q1,60000.0,,,https://lda.gov/filings/public/filing/1029a3dc-aeb5-42d4-a381-d80db7074b61/print/
CISCO SYSTEMS INC,"CISCO SYSTEMS, INC",2026,Q1,1210000.0,,,https://lda.gov/filings/public/filing/37bb707d-ad13-456b-adc1-69d95d513d15/print/
GSK (FKA GLAXOSMITHKLINE INC.),GSK (FKA GLAXOSMITHKLINE INC.),2026,Q1,1640000.0,"H.R. 1, H.R. 1262, H.R. 1492, H.R. 2214, H.R. 4317, H.R. 5256, H.R. 5509, H.R. 6423, H.R. 7837, H.R. 7953, H.R. 946, S. 1414, S. 2296, S. 2658, S. 3345, S. 355, S. 3788, S. 5459, S. 652, S. 832, S. 864, S. 891, S. 932",kids-chatbots,https://lda.gov/filings/public/filing/2c5d0123-1385-41b5-aa02-7303db5efcbf/print/
"HIDDENLAYER, INC.",HOLLAND & KNIGHT LLP,2026,Q1,20000.0,,ai-cyberattacks,https://lda.gov/filings/public/filing/e9eebe90-1325-4cd2-bad5-2e0c95681a85/print/
"ELASTICSEARCH, INC.","ELASTICSEARCH, INC.",2026,Q1,60000.0,,ai-cyberattacks,https://lda.gov/filings/public/filing/063a3dae-482a-498a-b5f0-0d6c71a78c7e/print/
CONSTELLATION,ALPINE ADVISORS,2026,Q1,60000.0,,power-bills,https://lda.gov/filings/public/filing/cf62d045-0cd1-432b-9581-3ee18240fbee/print/
APPLE INC,APPLE INC.,2026,Q1,2480000.0,"H.R. 3149, H.R. 6333, S. 1586, S. 1748",kids-chatbots; loss-of-control,https://lda.gov/filings/public/filing/762236f9-6d35-410c-8553-d38615106746/print/
POPLICUS INCORPORATED D/B/A GOVINI,POPLICUS INCORPORATED D/B/A GOVINI,2026,Q1,230000.0,,china-race,https://lda.gov/filings/public/filing/68578509-75f4-4413-86ed-4c352b336f9c/print/
APPLIED DIGITAL,"ELEVATE GOVERNMENT AFFAIRS, LLC",2026,Q1,50000.0,,,https://lda.gov/filings/public/filing/aeaf4bb6-7a79-4f17-83b4-542c2e174d60/print/
DUKE ENERGY CORPORATION,DUKE ENERGY CORPORATION,2026,Q1,2050000.0,"H.R. 1047, H.R. 3616, H.R. 3617, H.R. 3657, H.R. 3898, H.R. 5600, H.R. 6529, H.R. 7329, S. 1327, S. 3034, S. 3585, S. 3947, S. 465",power-bills,https://lda.gov/filings/public/filing/97da45f2-3507-443c-8ca4-fef6b261215b/print/
EXCELLA CO.,"ELEVATE GOVERNMENT AFFAIRS, LLC",2026,Q1,50000.0,,,https://lda.gov/filings/public/filing/9af72de0-68b1-4199-b18a-a1d1d0e6b0e5/print/
ZEBRA TECHNOLOGIES,121 STRATEGIES & GOVERNMENT RELATIONS,2026,Q1,40000.0,,ai-cyberattacks,https://lda.gov/filings/public/filing/e241cf26-d3ac-4c3e-afea-b312be508abd/print/
THOMSON REUTERS,HOLLAND & KNIGHT LLP,2026,Q1,70000.0,,ai-cyberattacks,https://lda.gov/filings/public/filing/7b8ff736-414e-4e36-8b5b-79bee5fa51be/print/
WAYMO LLC,HOLLAND & KNIGHT LLP,2026,Q1,80000.0,"H.R. 4419, H.R. 7390",china-race,https://lda.gov/filings/public/filing/72a7944e-659d-4e54-a4d7-c53eb2d936b7/print/
"AQUIA GROUP ON BEHALF OF ANTHROPIC, PBC",TOWER 19,2026,Q1,20000.0,,,https://lda.gov/filings/public/filing/5bff38a9-0656-42de-a27e-7958ec1f5005/print/
"LYTX, INC.","ELEVATE GOVERNMENT AFFAIRS, LLC",2026,Q1,40000.0,,ai-cyberattacks,https://lda.gov/filings/public/filing/2e5111ae-9657-48c1-934e-2bef60b1bf26/print/
MAJOR LEAGUE BASEBALL PLAYERS ASSOCIATION,"ELEVATE GOVERNMENT AFFAIRS, LLC",2026,Q1,10000.0,S. 1367,deepfakes,https://lda.gov/filings/public/filing/e3359331-c33f-428c-a857-dec2f293fe87/print/
NATIONAL BASKETBALL PLAYERS ASSOCIATION,"ELEVATE GOVERNMENT AFFAIRS, LLC",2026,Q1,10000.0,S. 1367,deepfakes,https://lda.gov/filings/public/filing/2eb22983-6aad-4a85-ad35-b7e6cf095705/print/
ADVANCE,ONMESSAGE PUBLIC STRATEGIES,2026,Q1,50000.0,,,https://lda.gov/filings/public/filing/9f4262cc-13c3-4e9d-a992-8bc6d9198974/print/
NATIONAL FOOTBALL LEAGUE PLAYERS ASSOCIATION,"ELEVATE GOVERNMENT AFFAIRS, LLC",2026,Q1,10000.0,S. 1367,deepfakes,https://lda.gov/filings/public/filing/9d255597-46c0-40f5-97a9-cd7208c6de6d/print/
NATIONAL HOCKEY LEAGUE PLAYERS ASSOCIATION,"ELEVATE GOVERNMENT AFFAIRS, LLC",2026,Q1,10000.0,S. 1367,deepfakes,https://lda.gov/filings/public/filing/4ef393e8-f1db-4595-a57c-285b6a3a2477/print/
MAJOR LEAGUE SOCCER PLAYERS ASSOCIATION,"ELEVATE GOVERNMENT AFFAIRS, LLC",2026,Q1,10000.0,S. 1367,deepfakes,https://lda.gov/filings/public/filing/82655952-a7c5-4b7b-944d-81dc6406b2e0/print/
"META PLATFORMS, INC.","ELEVATE GOVERNMENT AFFAIRS, LLC",2026,Q1,50000.0,,ai-cyberattacks,https://lda.gov/filings/public/filing/6b21d0ab-3e9b-4f2a-b86b-164ec4b5dd3f/print/
MICROSOFT CORPORATION,"ELEVATE GOVERNMENT AFFAIRS, LLC",2026,Q1,60000.0,,deepfakes,https://lda.gov/filings/public/filing/bb40c659-c692-46aa-8105-3b07f861337f/print/
PALISADE RESEARCH INC.,PALISADE RESEARCH INC.,2026,Q1,60000.0,,loss-of-control,https://lda.gov/filings/public/filing/5d4c9ed7-aeb5-407f-aee8-8df1c6289326/print/
GEORGIA INSTITUTE OF TECHNOLOGY,GEORGIA INSTITUTE OF TECHNOLOGY,2026,Q1,70000.0,,job-loss,https://lda.gov/filings/public/filing/e513e9b2-8d5a-4b2f-b5c9-8c63ef4b1b0e/print/
NATIONAL SMALL BUSINESS ASSOCIATION,NATIONAL SMALL BUSINESS ASSOCIATION,2026,Q1,15000.0,"H.R. 1, H.R. 1163, H.R. 1804, H.R. 1816, H.R. 1968, H.R. 2513, H.R. 2804, H.R. 2966, H.R. 3169, H.R. 425, H.R. 4366, H.R. 5100, H.R. 5371, H.R. 6453, H.R. 6855, H.R. 703, H.R. 736, H.R. 754, H.R. 788, H.R. 789, H.R. 804, H.R. 818, H.R. 825, H.R. 828, H.R. 832, H.R. 872, H.R. 919, S. 100, S. 1210, S. 1211, S. 1978, S. 202, S. 213, S. 2777, S. 305, S. 3971, S. 4038, S. 495, S. 505",ai-cyberattacks; job-loss; kids-chatbots,https://lda.gov/filings/public/filing/90c486de-3734-4e0d-b415-56a8f3794107/print/
NATIONAL ASSOCIATION OF SOCIAL WORKERS,NATIONAL ASSOCIATION OF SOCIAL WORKERS,2026,Q1,20000.0,"H.R. 1149, H.R. 3655, H.R. 6672",job-loss; kids-chatbots,https://lda.gov/filings/public/filing/fdba53fc-978f-4af5-ab73-7e335bf6f346/print/
MITSUBISHI ELECTRIC US INC,"MITSUBISHI ELECTRIC US, INC.",2026,Q1,70000.0,H.R. 1,power-bills,https://lda.gov/filings/public/filing/9f5ec361-9f6b-4d09-87e9-16c331b973f2/print/
PANASONIC CORPORATION OF NORTH AMERICA,"WHITMER & WORRALL, LLC",2026,Q1,30000.0,,,https://lda.gov/filings/public/filing/ea6932e7-78f7-4292-af12-76cffa368b2f/print/
"BNP PARIBAS RCC, INC.","BNP PARIBAS RCC, INC.",2026,Q1,60000.0,,,https://lda.gov/filings/public/filing/edb7c007-c5f4-4d98-a35c-cc991b07fd90/print/
"PRIMEAI, INC.","WHITMER & WORRALL, LLC",2026,Q1,20000.0,,,https://lda.gov/filings/public/filing/ed935960-7b92-4786-a91d-cdd29419c259/print/
FIBER BROADBAND ASSOCIATION,FIBER BROADBAND ASSOCIATION,2026,Q1,143000.0,,job-loss; power-bills,https://lda.gov/filings/public/filing/9ba9f685-615c-4d04-8256-08b0f7499467/print/
CALIFORNIA BAPTIST UNIVERSITY,"CAPITOL CORE GROUP, INC.",2026,Q1,7500.0,"H.R. 5351, S. 3339",job-loss,https://lda.gov/filings/public/filing/8e768db9-1087-48fa-af90-4bec6d4719e3/print/
SUNY STONY BROOK UNIVERSITY,"MCALLISTER & QUINN, LLC",2026,Q1,50000.0,,,https://lda.gov/filings/public/filing/76714f56-fcc4-4456-882d-33cebe2a456b/print/
TEMPLE UNIVERSITY,"MCALLISTER & QUINN, LLC",2026,Q1,20000.0,,job-loss,https://lda.gov/filings/public/filing/7d898e13-8989-4ce1-8fbc-869064404f82/print/
COMMUNICATIONS WORKERS OF AMERICA,COMMUNICATIONS WORKERS OF AMERICA,2026,Q1,430000.0,,job-loss,https://lda.gov/filings/public/filing/c2133e22-833c-4f16-95f9-17ab8b0e864e/print/
AT&T SERVICES INC AND ITS AFFILIATES,"MERCURY STRATEGIES, LLC",2026,Q1,50000.0,"H.R. 1343, H.R. 1519, H.R. 1541, H.R. 1681, H.R. 1870, H.R. 1975, H.R. 2171, H.R. 2289, H.R. 2298, H.R. 2350, H.R. 2449, H.R. 2482, H.R. 2750, H.R. 2805, H.R. 2817, H.R. 2850, H.R. 2975, H.R. 3125, H.R. 3479, H.R. 3825, H.R. 3921, H.R. 4032, H.R. 4518, H.R. 4950, H.R. 5079, H.R. 5200, H.R. 5266, H.R. 6046, H.R. 6505, H.R. 7022, H.R. 7386, H.R. 7422, H.R. 7833, S. 1269, S. 3199, S. 3639, S. 4062",ai-cyberattacks; china-race; deepfakes; kids-chatbots,https://lda.gov/filings/public/filing/99999689-0938-4a31-9117-775789203503/print/
CTIA: THE WIRELESS ASSOCIATION,"MERCURY STRATEGIES, LLC",2026,Q1,50000.0,"S. 3495, S. 836",kids-chatbots,https://lda.gov/filings/public/filing/c972c596-961a-4b88-9adb-c15a32c0876f/print/
"LUMEN TECHNOLOGIES, INC. (FORMERLY CENTURYLINK, INC.)","MERCURY STRATEGIES, LLC",2026,Q1,50000.0,H.R. 2784,ai-cyberattacks; power-bills,https://lda.gov/filings/public/filing/8b442ad7-5532-4f89-be75-e77dac3bcc63/print/
LEADERSHIP CONFERENCE ON CIVIL AND HUMAN RIGHTS,LEADERSHIP CONFERENCE ON CIVIL AND HUMAN RIGHTS,2026,Q1,240000.0,"H.R. 7158, H.R. 7826, H.R. 7943",bias,https://lda.gov/filings/public/filing/4841bbb6-a2dc-4bb1-a1fd-3a3579a9172d/print/
FISERV (FKA FIRST DATA CORPORATION),FISERV (FKA FIRST DATA CORPORATION),2026,Q1,370000.0,,ai-cyberattacks,https://lda.gov/filings/public/filing/8ae64e6a-4342-4288-a70e-efdb3c678ad1/print/
"SAMSUNG ELECTRONICS AMERICA, INC.","ROBERTI GLOBAL (FKA ROBERTI WHITE, LLC)",2026,Q1,60000.0,,ai-cyberattacks,https://lda.gov/filings/public/filing/82c7576c-d5fc-4aa1-8df1-abfa3415c24e/print/
TRIPADVISOR LLC,TRIPADVISOR LLC,2026,Q1,160000.0,"H.R. 1479, H.R. 6484, S. 281, S. 314",kids-chatbots,https://lda.gov/filings/public/filing/7813da64-c10f-4c4a-9a02-3d877ab13b49/print/
"NASDAQ OMX GROUP (FORMERLY ""THE NASDAQ STOCK MARKET"")","PUBLIC STRATEGIES WASHINGTON, INC.",2026,Q1,60000.0,,,https://lda.gov/filings/public/filing/5e761094-c545-4f27-86e6-437db98631bd/print/
"TD BANK, N.A.","PUBLIC STRATEGIES WASHINGTON, INC.",2026,Q1,20000.0,,,https://lda.gov/filings/public/filing/00559a46-1aab-4fb3-b03d-a15e9daacf18/print/
MASS GENERAL BRIGHAM (FORMERLY KNOWN AS PARTNERS HEALTHCARE),MASS GENERAL BRIGHAM (FORMERLY KNOWN AS PARTNERS HEALTHCARE),2026,Q1,171000.0,,,https://lda.gov/filings/public/filing/d25cde28-662f-4312-ac91-5bb7a01e274c/print/
INFINEON TECHNOLOGIES AMERICAS CORP.,INFINEON TECHNOLOGIES AMERICAS CORP.,2026,Q1,140000.0,,power-bills,https://lda.gov/filings/public/filing/56ba39d8-cd01-4cdb-8152-824c3bee29f5/print/
PNK DC LLC,"ROBERTI GLOBAL (FKA ROBERTI WHITE, LLC)",2026,Q1,80000.0,,power-bills,https://lda.gov/filings/public/filing/595ddc7b-49ed-4a1a-8d5f-9bd3a16e6fd1/print/
NATIONAL FRATERNAL ORDER OF POLICE,NATIONAL FRATERNAL ORDER OF POLICE,2026,Q1,100000.0,"H.R. 1046, H.R. 1236, H.R. 1260, H.R. 1266, H.R. 1269, H.R. 1443, H.R. 1505, H.R. 1551, H.R. 1556, H.R. 1726, H.R. 1773, H.R. 2094, H.R. 2096, H.R. 2189, H.R. 2194, H.R. 2240, H.R. 2305, H.R. 2502, H.R. 2654, H.R. 27, H.R. 2711, H.R. 2735, H.R. 2752, H.R. 2964, H.R. 3267, H.R. 3366, H.R. 3372, H.R. 3398, H.R. 3598, H.R. 378, H.R. 3832, H.R. 4024, H.R. 4334, H.R. 4607, H.R. 503, H.R. 5107, H.R. 5282, H.R. 5391, H.R. 5403, H.R. 5594, H.R. 5744, H.R. 6042, H.R. 6120, H.R. 621, H.R. 633, H.R. 6602, H.R. 6605, H.R. 6683, H.R. 6911, H.R. 7033, H.R. 7114, H.R. 7184, H.R. 7718, H.R. 7834, H.R. 7876, H.R. 911, H.R. 993, S. 1077, S. 122, S. 1247, S. 1283, S. 1295, S. 1300, S. 1316, S. 1333, S. 1401, S. 1409, S. 146, S. 1572, S. 1595, S. 167, S. 180, S. 2200, S. 237, S. 2400, S. 3023, S. 3189, S. 331, S. 3366, S. 3453, S. 3626, S. 3801, S. 3897, S. 4260, S. 516, S. 666, S. 678, S. 679, S. 767, S. 83, S. 911, S. 978",deepfakes; kids-chatbots,https://lda.gov/filings/public/filing/71c734f4-f444-41b8-a10d-ae8f440a1f97/print/
THE INSTITUTE OF INTERNAL AUDITORS,THE INSTITUTE OF INTERNAL AUDITORS,2026,Q1,50000.0,,,https://lda.gov/filings/public/filing/743a7b78-4560-4ed5-a53b-023b5d17bc94/print/
SONY INTERACTIVE ENTERTAINMENT LLC,SONY INTERACTIVE ENTERTAINMENT LLC,2026,Q1,390000.0,"H.R. 2657, H.R. 3149, H.R. 6253, H.R. 6265, H.R. 6291, H.R. 7757",bias; kids-chatbots,https://lda.gov/filings/public/filing/ea433a53-8634-4b3d-8eba-82ab578c7f5e/print/
"SAP AMERICA, INC.",GEOFFREY P. GRAY,2026,Q1,50000.0,,ai-cyberattacks,https://lda.gov/filings/public/filing/2cefa9c0-0b3e-4954-a850-5f00ad3bfb58/print/
"PAYSAFE PAYMENT PROCESSING SOLUTIONS, LLC","WHITMER & WORRALL, LLC",2026,Q1,30000.0,"H.R. 3633, S. 394",,https://lda.gov/filings/public/filing/7a4ab54c-6b5e-4fa3-8bc2-61d922a15ded/print/
AXEL SPRINGER,AXEL SPRINGER,2026,Q1,110000.0,,,https://lda.gov/filings/public/filing/249b88ca-8261-429b-8851-c31577b85ec7/print/
AMERICAN ACADEMY OF PEDIATRICS,AMERICAN ACADEMY OF PEDIATRICS,2026,Q1,320000.0,"H.R. 1, H.R. 1197, H.R. 1433, H.R. 1509, H.R. 1909, H.R. 2540, H.R. 2560, H.R. 2590, H.R. 2598, H.R. 3409, H.R. 3701, H.R. 4425, H.R. 4641, H.R. 4709, H.R. 5166, H.R. 6291, H.R. 6484, H.R. 6561, S. 1234, S. 1261, S. 139, S. 1748, S. 2287, S. 4257, S. 455, S. 705, S. 752, S. 760, S. 830, S. 836",job-loss; kids-chatbots,https://lda.gov/filings/public/filing/c4915e30-fda6-44ce-8b78-c1b211894c2e/print/
COMMON SENSE MEDIA,COMMON SENSE MEDIA,2026,Q1,5000.0,,kids-chatbots,https://lda.gov/filings/public/filing/5d411185-f054-4c7a-8796-20f434293b8e/print/
ASSN. OF STATE AND TERRITORIAL HEALTH OFFICIALS,ASSN. OF STATE AND TERRITORIAL HEALTH OFFICIALS,2026,Q1,49792.0,"H.R. 7227, S. 3698, S. 4008",bioweapons; job-loss; kids-chatbots,https://lda.gov/filings/public/filing/d0e5b942-19d0-4b9c-98b9-8cdd001deeff/print/
AMERICAN HEALTH INFORMATION MANAGEMENT ASSN,AMERICAN HEALTH INFORMATION MANAGEMENT ASSN,2026,Q1,20000.0,H.R. 2002,job-loss,https://lda.gov/filings/public/filing/bcfd9ec5-9d87-49a0-99e1-8bfeb906b154/print/
AMERICAN FEDERATION OF MUSICIANS,AMERICAN FEDERATION OF MUSICIANS,2026,Q1,40000.0,,,https://lda.gov/filings/public/filing/f4d36069-14a7-482a-b490-61b8065a6379/print/
ALLIANCE FOR THE FUTURE,HILLTOP ADVOCACY,2026,Q1,20000.0,,,https://lda.gov/filings/public/filing/c61e3cfe-1b4a-4a52-9bba-954cda0c76d1/print/
"WORKDAY, LLC",HILLTOP ADVOCACY,2026,Q1,10000.0,,,https://lda.gov/filings/public/filing/145e11dd-c4ee-4ac5-9d63-106734528f0d/print/
AMERICAN DENTAL ASSOCIATION,AMERICAN DENTAL ASSOCIATION,2026,Q1,243780.0,,ai-cyberattacks; loss-of-control,https://lda.gov/filings/public/filing/693d8124-4036-465d-86f0-03a7e81ac41a/print/
CARIS SCIENCE INC,SPLITOAK STRATEGIES LLC,2026,Q1,40000.0,,,https://lda.gov/filings/public/filing/eab58cc6-08bc-42fe-ad60-5cb9f386efb4/print/
DIGITAL CONTENT NEXT,DIGITAL CONTENT NEXT,2026,Q1,80000.0,,,https://lda.gov/filings/public/filing/eccd44a4-aa64-4bff-878c-3936b3578488/print/
"AMERICAN FAMILY MUTUAL INSURANCE COMPANY, S.I.","CONSCIENCE POINT CONSULTING, INC.",2026,Q1,22500.0,S. 2651,,https://lda.gov/filings/public/filing/0966ddbb-100e-48df-bf32-07298a8ef059/print/
BOSSIER PARISH POLICE JURY,GOVERNMENT SOLUTIONS LLC,2026,Q1,30000.0,,ai-cyberattacks,https://lda.gov/filings/public/filing/bc345e2f-9277-4ec8-94f6-439fea96fd83/print/
AMERICANS FOR RESPONSIBLE INNOVATION (ARI),NEIL HILL GLOBAL STRATEGIES LLC,2026,Q1,40000.0,,,https://lda.gov/filings/public/filing/4f5d34c8-f89d-4c97-b3f5-5be56f19eafc/print/
"BOON LOGIC, INC.",WASHINGTON ALLIANCE GROUP,2026,Q1,20000.0,,ai-cyberattacks,https://lda.gov/filings/public/filing/0714fad9-d0be-4528-8a4f-f377001ffcff/print/
COLLEGE OF AMERICAN PATHOLOGISTS,COLLEGE OF AMERICAN PATHOLOGISTS,2026,Q1,305901.0,"H.R. 5269, H.R. 7148, S. 2761",job-loss,https://lda.gov/filings/public/filing/a0fcd8f8-93af-46d5-ba01-f882cea34f78/print/
INTERNET WORKS,INTERNET WORKS,2026,Q1,45000.0,"H.R. 1275, H.R. 2657, H.R. 3149, H.R. 6333, H.R. 7757, S. 1367, S. 146, S. 1478, S. 1586, S. 1829, S. 2153, S. 3397, S. 3398",kids-chatbots,https://lda.gov/filings/public/filing/557a623d-fc1d-46c2-9428-50751cc29e56/print/
DIGITAL DIAGNOSTICS INC.,DIGITAL DIAGNOSTICS INC.,2026,Q1,10000.0,,,https://lda.gov/filings/public/filing/255b97fc-5996-45a2-bcd2-9dc56ffd1306/print/
AIRLINE DISPATCHERS FEDERATION,LANDMARK CONSULTING SOLUTIONS,2026,Q1,15000.0,,,https://lda.gov/filings/public/filing/67e1c343-7cb0-4025-988d-d13bad65fade/print/
TEXAS CHRISTIAN UNIVERSITY,"CORLEY CONSULTING, LLC",2026,Q1,30000.0,,,https://lda.gov/filings/public/filing/b3931862-4053-434b-bcae-e19f1c0a59b2/print/
SABRE GLBL INC,SABRE GLBL INC.,2026,Q1,120000.0,,,https://lda.gov/filings/public/filing/69caecdd-37d7-4cd5-9d05-ce48e6edada5/print/
BROAD INSTITUTE INC.,BROAD INSTITUTE INC.,2026,Q1,70000.0,,,https://lda.gov/filings/public/filing/a554b990-ba23-4c96-ab58-7a46f26e81b1/print/
OPEN AI,"MERCURY PUBLIC AFFAIRS, LLC",2026,Q1,50000.0,,,https://lda.gov/filings/public/filing/0d73882a-6011-4023-b883-de10d904e6e9/print/
STM,"WEINREICH STRATEGIC GROUP, INC.",2026,Q1,20000.0,,,https://lda.gov/filings/public/filing/e3c50ee2-e6e4-404c-b186-397acaf3f64a/print/
SECURITY INDUSTRY ASSOCIATION,SECURITY INDUSTRY ASSOCIATION,2026,Q1,34000.0,,,https://lda.gov/filings/public/filing/7a6807da-eb69-445f-9b50-adc418197a5e/print/
"NETFLIX, INC.","MEHLMAN CONSULTING, INC.",2025,Q4,50000.0,,kids-chatbots,https://lda.gov/filings/public/filing/cd089b71-0c9d-4e53-b503-ae85e3eeaca7/print/
RED HAT INC,"MEHLMAN CONSULTING, INC.",2025,Q4,30000.0,,ai-cyberattacks,https://lda.gov/filings/public/filing/5ae53314-6b49-45d9-b730-7db7a7147890/print/
"GOOGLE CLIENT SERVICES, LLC",RYAN COSTELLO STRATEGIES,2025,Q4,50000.0,,ai-cyberattacks,https://lda.gov/filings/public/filing/2be0da5e-0104-4f01-af96-252c922bb643/print/
VERILY LIFE SCIENCES LLC,MCDERMOTT+,2025,Q4,10000.0,,,https://lda.gov/filings/public/filing/26d169cb-11a1-4501-a455-57fafddda1e8/print/
HEALTHCARE LEADERSHIP COUNCIL,PLATFORM GOVERNMENT STRATEGIES,2025,Q4,24000.0,,ai-cyberattacks,https://lda.gov/filings/public/filing/d257e2f5-81b4-43ee-9931-5dc9b16276f6/print/
"SCALE AI, INC.","CORNERSTONE GOVERNMENT AFFAIRS, INC.",2025,Q4,60000.0,,,https://lda.gov/filings/public/filing/30e96546-a5d5-459b-ae08-9b3efffca45b/print/
"R4 TECHNOLOGIES, INC.","CORNERSTONE GOVERNMENT AFFAIRS, INC.",2025,Q4,20000.0,,,https://lda.gov/filings/public/filing/8bc85590-c07f-4ca0-acb3-9962f12bf410/print/
"AMERICAN FAMILY MUTUAL INSURANCE COMPANY, S.I.","CONSCIENCE POINT CONSULTING, INC.",2025,Q4,22500.0,S. 2651,,https://lda.gov/filings/public/filing/6dc050b6-30e6-496a-b17c-02c2a31a2887/print/
"ADVANCED MICRO DEVICES, INC.","CORNERSTONE GOVERNMENT AFFAIRS, INC.",2025,Q4,80000.0,,,https://lda.gov/filings/public/filing/b95a15ca-30a0-4fe4-8171-947264b6d4ae/print/
BIG CITIES HEALTH COALITION,VENABLE LLP,2025,Q4,40000.0,,job-loss,https://lda.gov/filings/public/filing/96cee3d3-2622-4af8-841d-767ad23a9c46/print/
THE UNIVERSITY OF TENNESSEE,THE UNIVERSITY OF TENNESSEE,2025,Q4,130000.0,,bioweapons; job-loss,https://lda.gov/filings/public/filing/ea5adb0d-5b97-4b51-9026-06c85a426005/print/
CHILDREN AND SCREENS: INSTITUTE OF DIGITAL MEDIA & CHILD DEVELOPMENT,CURRENTSTRATEGIC LLC,2025,Q4,7500.0,,kids-chatbots,https://lda.gov/filings/public/filing/d3c13d30-37fe-4292-96af-ca78c94f60ec/print/
CALIFORNIA ASSOCIATION OF SCHOOL BUSINESS OFFICIALS,CURRENTSTRATEGIC LLC,2025,Q4,9000.0,,,https://lda.gov/filings/public/filing/aa848b3c-b32a-4af3-8a0d-7aa1f52dc319/print/
STM,"WEINREICH STRATEGIC GROUP, INC.",2025,Q4,20000.0,,,https://lda.gov/filings/public/filing/038537f0-0961-4a19-854f-a833d2dddb27/print/
ALLIANCE FOR THE FUTURE,HILLTOP ADVOCACY,2025,Q4,20000.0,,,https://lda.gov/filings/public/filing/1dad7ebb-b5ce-4495-95de-c8f826003f85/print/
"WORKDAY, LLC",HILLTOP ADVOCACY,2025,Q4,10000.0,,,https://lda.gov/filings/public/filing/269fec16-f86b-48e0-af34-659840a6e3a5/print/
"VANTAGE DATA CENTERS MANAGEMENT COMPANY, LLC","CORNERSTONE GOVERNMENT AFFAIRS, INC.",2025,Q4,50000.0,,china-race; power-bills,https://lda.gov/filings/public/filing/67a58ec5-f50e-486a-8f16-f39d393e7dca/print/
COPYRIGHT ALLIANCE,COPYRIGHT ALLIANCE,2025,Q4,30000.0,,,https://lda.gov/filings/public/filing/4f6d0304-9295-401f-9b86-e5dee2390056/print/
AMERICAN FEDERATION OF MUSICIANS,AMERICAN FEDERATION OF MUSICIANS,2025,Q4,40000.0,,,https://lda.gov/filings/public/filing/e212100d-ace5-4fb1-96e1-7a0ecc40b624/print/
ALLIANCE FOR RETIRED AMERICANS,ALLIANCE FOR RETIRED AMERICANS,2025,Q4,90000.0,S. 1071,,https://lda.gov/filings/public/filing/ef290ce4-203a-4424-9854-29cb1a197965/print/
BLOCK INC.,ZERO ONE STRATEGIES,2025,Q4,10000.0,,,https://lda.gov/filings/public/filing/e4fa214d-8aff-4c8f-a751-a216773eb1ef/print/
ACADEMY OF TELEVISION ART & SCIENCES,VENABLE LLP,2025,Q4,10000.0,"H.R. 2794, S. 1367",deepfakes,https://lda.gov/filings/public/filing/ed29f3ff-1419-4fcd-a204-b34e90f1601f/print/
THE AI POLICY NETWORK INC.,THE AI POLICY NETWORK INC.,2025,Q4,202518.0,"H.R. 3447, H.R. 3838, H.R. 3919, H.R. 5885, S. 1071, S. 1705, S. 2296, S. 3374",china-race; loss-of-control,https://lda.gov/filings/public/filing/65ea7ddf-457e-472b-8893-731f29c11339/print/
AMERICAN STAFFING ASSOCIATION,SQUIRE PATTON BOGGS,2025,Q4,30000.0,,job-loss,https://lda.gov/filings/public/filing/b8efe26f-cae0-459f-9e32-57d8c07c14c4/print/
ALTANA TECHNOLOGIES,ALTANA TECHNOLOGIES,2025,Q4,45000.0,,china-race,https://lda.gov/filings/public/filing/b760d631-994a-463e-8caa-393a76874ba7/print/
FUTURE OF LIFE INSTITUTE,DENTONS US LLP,2025,Q4,90000.0,,,https://lda.gov/filings/public/filing/eb5af7c4-de5d-4c3f-ba8b-6b6fc6abb825/print/
ACG ADVOCACY OBO THE AMERICAN SOCIETY FOR COLLECTIVE RIGHTS LICENSING,MARLA GROSSMAN LLC,2025,Q4,20000.0,,,https://lda.gov/filings/public/filing/6b4db0b2-f09c-4c8c-ae9e-45d0376e23c6/print/
"APPLIED INTUITION, INC.",HOLLAND & KNIGHT LLP,2025,Q4,60000.0,"H.R. 4016, S. 2572",,https://lda.gov/filings/public/filing/8711d085-2ccb-48b3-b48c-41ee091e1965/print/
"JRC INTEGRATED SYSTEMS, INC.",HOLLAND & KNIGHT LLP,2025,Q4,60000.0,,,https://lda.gov/filings/public/filing/e05c9cb3-d9c4-4041-8c8f-419e3fa3b676/print/
"WIKIMEDIA FOUNDATION, INC.",HOLLAND & KNIGHT LLP,2025,Q4,150000.0,,,https://lda.gov/filings/public/filing/dde07d3e-f32a-44aa-b7c9-7af9d63a0263/print/
"ABRIDGE AI, INC.",HOLLAND & KNIGHT LLP,2025,Q4,60000.0,,,https://lda.gov/filings/public/filing/402bc162-0b95-4878-92cd-65fa1267bdc6/print/
NASDAQ INC,"NASDAQ, INC.",2025,Q4,700000.0,"H.R. 1, H.R. 2441, H.R. 2576, H.R. 2603, H.R. 2608, H.R. 2610, H.R. 2624, H.R. 3383, H.R. 4119, H.R. 6623, S. 1990, S. 2597",,https://lda.gov/filings/public/filing/f82f0726-f3b2-4428-8e53-815b1ff96787/print/
STRATEGIC EDUCATION INC (FKA CAPELLA EDUCATION COMPANY),"COOLEY, LLP",2025,Q4,50000.0,,job-loss,https://lda.gov/filings/public/filing/fb4b4e12-7644-4b98-8f0d-6b549047a614/print/
ADVOCATE HEALTH,VENABLE LLP,2025,Q4,50000.0,,ai-cyberattacks,https://lda.gov/filings/public/filing/fd8917d2-e481-4f83-8b84-5ee5d269c218/print/
"BROADCAST MUSIC, INC.","BROADCAST MUSIC, INC.",2025,Q4,70000.0,"H.R. 2794, S. 1367",,https://lda.gov/filings/public/filing/aeb6c8c7-bd3a-4856-8b67-23e98ffd5b7c/print/
EPIC SYSTEMS,MCDERMOTT+,2025,Q4,20000.0,,,https://lda.gov/filings/public/filing/dc27c865-042d-440d-9c10-8c8d69a08487/print/
"CREDIT UNION NATIONAL ASSOCIATION, INC. DBA AMERICA'S CREDIT UNIONS",CREDIT UNION NATIONAL ASSOCIATION. INC. DBA AMERICA'S CREDIT UNIONS,2025,Q4,1060000.0,"H.R. 1606, H.R. 1652, H.R. 1653, H.R. 1777, H.R. 1791, H.R. 1799, H.R. 1919, H.R. 1944, H.R. 2064, H.R. 2094, H.R. 2152, H.R. 2183, H.R. 2331, H.R. 2513, H.R. 2702, H.R. 2808, H.R. 2987, H.R. 3074, H.R. 3230, H.R. 3379, H.R. 3380, H.R. 3445, H.R. 3633, H.R. 3838, H.R. 4167, H.R. 4437, H.R. 4460, H.R. 4544, H.R. 4568, H.R. 4735, H.R. 4801, H.R. 4936, H.R. 507, H.R. 5577, H.R. 654, H.R. 6544, H.R. 6644, H.R. 940, H.R. 975, H.R. 976, S. 110, S. 1124, S. 1467, S. 1561, S. 1880, S. 2019, S. 2113, S. 2419, S. 2486, S. 2545, S. 2651, S. 2704, S. 3017, S. 381, S. 522, S. 557, S. 875, S. 978",ai-cyberattacks; kids-chatbots; loss-of-control,https://lda.gov/filings/public/filing/43e75f1f-32fe-40a2-92ee-b70fe92b74b7/print/
NASHVILLE SONGWRITERS ASSOCIATION INTERNATIONAL,NASHVILLE SONGWRITERS ASSOCIATION INTERNATIONAL,2025,Q4,10000.0,,,https://lda.gov/filings/public/filing/179eca07-1b2b-4552-8c7b-8a5871fe82b6/print/
INCOMPAS,VENABLE LLP,2025,Q4,80000.0,,,https://lda.gov/filings/public/filing/9f5eb976-07c9-4046-a326-55ba1bfbe36e/print/
PROFESSIONAL PHOTOGRAPHERS OF AMERICA,"R2P STRATEGIES, LLC",2025,Q4,60000.0,,,https://lda.gov/filings/public/filing/cae7babf-2cae-4257-952d-4aad9fc6350b/print/
MEDICAL DEVICE MANUFACTURERS ASSOCIATION,LMH STRATEGIC SOLUTIONS,2025,Q4,20000.0,H.R. 1539,ai-cyberattacks,https://lda.gov/filings/public/filing/cbd79843-3593-48bf-b6a8-1d1e1a12f109/print/
ZEBRA TECHNOLOGIES,121 STRATEGIES & GOVERNMENT RELATIONS,2025,Q4,20000.0,,ai-cyberattacks,https://lda.gov/filings/public/filing/02f47898-a0a3-4b60-9f07-8a8a2f3a1415/print/
CENTER FOR HUMANE TECHNOLOGY,HOLLAND & KNIGHT LLP,2025,Q4,80000.0,,,https://lda.gov/filings/public/filing/7ad1a79c-3a2a-495b-b684-58e19bd68e75/print/
MEDICAL DEVICE MANUFACTURERS ASSOCIATION,MEDICAL DEVICE MANUFACTURERS ASSOCIATION,2025,Q4,300000.0,"H.R. 2369, H.R. 3723, H.R. 5343, H.R. 5662, S. 1717",ai-cyberattacks,https://lda.gov/filings/public/filing/28ccaf0e-8aa6-495a-8667-e9f9c8b2219b/print/
URAC,URAC,2025,Q4,90000.0,,,https://lda.gov/filings/public/filing/03ec2bab-6645-4923-9d1e-768edae9f8fe/print/
OCHSNER CLINIC FOUNDATION DBA OCHSNER HEALTH,VENABLE LLP,2025,Q4,50000.0,,job-loss,https://lda.gov/filings/public/filing/7e1cd0df-b9fe-4a20-a02e-c8dd04ca39c7/print/
HEALTH INNOVATION ALLIANCE,HORIZON GOVERNMENT AFFAIRS,2025,Q4,10000.0,,,https://lda.gov/filings/public/filing/b0d5d9ce-7d88-4148-a22f-17b95b0dac3d/print/
SUTTER HEALTH,VENABLE LLP,2025,Q4,80000.0,"H.R. 3164, H.R. 4206, H.R. 4581, H.R. 5269, H.R. 929, S. 1261, S. 2372, S. 2426, S. 266, S. 2761, S. 335",job-loss,https://lda.gov/filings/public/filing/d6aedbc0-c334-40b0-9bfa-3e321466108b/print/
"DIRECTORS GUILD OF AMERICA, INC.","DIRECTORS GUILD OF AMERICA, INC.",2025,Q4,90000.0,,,https://lda.gov/filings/public/filing/cea292bf-c380-4c81-b9c6-e3fdfb2f6170/print/
"DYNAMOFL, INC.",TIGER HILL PARTNERS LLC,2025,Q4,20000.0,,,https://lda.gov/filings/public/filing/d5f4161d-ba54-4fc2-a086-ee41d830000f/print/
IAC,SQUIRE PATTON BOGGS,2025,Q4,90000.0,,,https://lda.gov/filings/public/filing/38ccd974-7d87-4720-9882-57fc33bad967/print/
"CAPITOL DOME ADVOCACY OBO AMERICAN SOCIETY OF COMPOSERS, AUTHORS, AND PUBLISHERS","RADIUS ADVOCACY, LLC",2025,Q4,110000.0,,,https://lda.gov/filings/public/filing/aaf21269-e26e-479d-97a8-da3ebb130859/print/
BRIA ARTIFICIAL INTELLIGENCE INC.,"RADIUS ADVOCACY, LLC",2025,Q4,40000.0,"H.R. 1, H.R. 2794, H.R. 3921, S. 1396, S. 1748, S. 1829, S. 2367, S. 2455, S. 278, S. 2937, S. 836",deepfakes; kids-chatbots,https://lda.gov/filings/public/filing/9caa022a-768a-48a2-8a63-255af3a0ed97/print/
COPYRIGHT CLEARANCE CENTER,"RADIUS ADVOCACY, LLC",2025,Q4,30000.0,,,https://lda.gov/filings/public/filing/1e57bb3b-3865-4e11-97be-45729920d09d/print/
INSIGHTS ASSOCIATION (FKA: MARKETING RESEARCH ASSOCIATION),INSIGHTS ASSOCIATION (FKA: MARKETING RESEARCH ASSOCIATION),2025,Q4,30000.0,,china-race,https://lda.gov/filings/public/filing/5a33c73e-ff85-4ba8-8c32-1e0888cf926b/print/
"VIRTUALITICS, INC.",SKYLINE CAPITOL LLC,2025,Q4,15000.0,,,https://lda.gov/filings/public/filing/3d862fde-eec9-49bb-bb5d-19e50a8bb39b/print/
AMERICAN COLLEGE OF PHYSICIANS,AMERICAN COLLEGE OF PHYSICIANS,2025,Q4,85529.0,"H.R. 1585, H.R. 1899, H.R. 2028, H.R. 238, H.R. 4731, H.R. 6366, H.R. 950, S. 1261, S. 2439, S. 709, S.Res. 343",bioweapons; job-loss,https://lda.gov/filings/public/filing/eca3e19c-aede-4068-a3a4-b1b5727296f3/print/
"AMERICAN COLLEGE OF PHYSICIAN SERVICES, INC.","AMERICAN COLLEGE OF PHYSICIAN SERVICES, INC.",2025,Q4,123492.0,"H.R. 1585, H.R. 1899, H.R. 2028, H.R. 238, H.R. 4731, H.R. 6366, H.R. 950, S. 1261, S. 2439, S. 709, S.Res. 343",bioweapons; job-loss,https://lda.gov/filings/public/filing/cfb795e3-35bb-4fc0-a28f-e2322894eb25/print/
"EQUINIX, INC.",BALLARD PARTNERS,2025,Q4,120000.0,,power-bills,https://lda.gov/filings/public/filing/a055f053-082a-4891-b90a-d93efbc0bace/print/
UNIVERSITY OF ROCHESTER,"LEWIS-BURKE ASSOCIATES, LLC",2025,Q4,50000.0,"H.R. 4999, S. 579",job-loss,https://lda.gov/filings/public/filing/98488a91-09bb-4530-afef-7a5ae5a65475/print/
ADVAMED IMAGING,"KOUNTOUPES DENHAM CARR & REID, LLC",2025,Q4,80000.0,,ai-cyberattacks,https://lda.gov/filings/public/filing/899b9c71-a9c4-4414-b1f4-468b13be31d6/print/
ASSOC FOR DIAGNOSTICS & LAB MEDICINE (FKA AM ASSOC OF CLINICAL CHEMISTRY),POLSINELLI PC,2025,Q4,30000.0,,job-loss,https://lda.gov/filings/public/filing/1b9f0edc-764f-43d6-8f6f-4a24c7c1e4fa/print/
"SHIELD AI, INC.",LIZ WILLIAMS AND COMPANY,2025,Q4,20000.0,"H.R. 3838, H.R. 4016, S. 2296, S. 2572",,https://lda.gov/filings/public/filing/afe18706-3748-484d-8a53-2609b93b6b0b/print/
NATIONAL ASSOCIATION OF SOCIAL WORKERS,NATIONAL ASSOCIATION OF SOCIAL WORKERS,2025,Q4,20000.0,"H.R. 2223, H.R. 2509, H.R. 3266, H.R. 3655, H.R. 4186, H.R. 6672, S. 931",job-loss; kids-chatbots,https://lda.gov/filings/public/filing/e5375445-1fc8-4d71-9f8f-ed5e66270052/print/
AMERICAN SECURITY FUND,UPTOWN STRATEGIES INC. (FKA UPTOWN SOLUTIONS LLC),2025,Q4,30000.0,"H.R. 1718, H.R. 3932, H.R. 4704, H.R. 6149, H.R. 6943, H.R. 7532, H.R. 7567, H.R. 8315, S. 1409, S. 2103, S. 2399, S. 2502, S. 2714, S. 2770, S. 3050, S. 3162, S. 3205, S. 3312, S. 3696, S. 3897, S. 4638, S. 687",bioweapons; china-race; kids-chatbots,https://lda.gov/filings/public/filing/dd7c6454-3e8a-48f0-affd-87ca6df538d0/print/
PURDUE UNIVERSITY,"LEWIS-BURKE ASSOCIATES, LLC",2025,Q4,25000.0,S. 579,job-loss,https://lda.gov/filings/public/filing/9d83a8bf-4a84-4fab-a59c-450f0b736b48/print/
THE ERISA INDUSTRY COMMITTEE,DYKEMA GOSSETT PLLC,2025,Q4,20000.0,,ai-cyberattacks; bias,https://lda.gov/filings/public/filing/881636c6-9246-400e-a0b1-d62142abb098/print/
IVANTI,"BRIDGE PUBLIC AFFAIRS, LLC",2025,Q4,60000.0,,ai-cyberattacks,https://lda.gov/filings/public/filing/1abc1ff5-cea0-429c-95ab-51e4ecda3c10/print/
ACCENTURE FEDERAL SERVICES LLC,ACCENTURE FEDERAL SERVICES LLC,2025,Q4,310000.0,,ai-cyberattacks,https://lda.gov/filings/public/filing/36e06d6c-0777-4db6-88c6-1175c56afa7b/print/
THRIVENT FINANCIAL FOR LUTHERANS,THRIVENT FINANCIAL FOR LUTHERANS,2025,Q4,140000.0,,,https://lda.gov/filings/public/filing/e1445fe7-3945-480e-ba3b-fab3eaa7dd26/print/
AMERICANS FOR RESPONSIBLE INNOVATION,"KOUNTOUPES DENHAM CARR & REID, LLC",2025,Q4,90000.0,,,https://lda.gov/filings/public/filing/3469f8f0-b39c-4536-9591-fb4d55bdc8b2/print/
"URAC, INC.",ARNOLD & PORTER KAYE SCHOLER LLP,2025,Q4,70000.0,"H.R. 6609, H.R. 6610",,https://lda.gov/filings/public/filing/b6833931-63b9-4e9b-97e5-141cfb0368e1/print/
WALGREEN CO.,"BROWNSTEIN HYATT FARBER SCHRECK, LLP",2025,Q4,50000.0,,,https://lda.gov/filings/public/filing/09a8ca86-5cf3-492d-b67d-4fdff932bfa8/print/
INTERNATIONAL ALLIANCE OF THEATRICAL STAGE EMPLOYEES,INTERNATIONAL ALLIANCE OF THEATRICAL STAGE EMPLOYEES,2025,Q4,135000.0,"H.R. 3838, H.R. 7913, S. 1071, S. 2691, S. 5379",,https://lda.gov/filings/public/filing/9fdea906-95ce-4f22-a12f-f28312088f42/print/
"TD BANK, NA","TD BANK, NA",2025,Q4,470000.0,,ai-cyberattacks,https://lda.gov/filings/public/filing/827d4aad-80be-46b4-9624-efe1e920a16d/print/
CONFERENCE OF PROVINCIALS OF NORTH AMERICA,NATIONAL ADVOCACY CENTER OF THE SISTERS OF THE GOOD SHEPHERD,2025,Q4,20000.0,"H.R. 1144, H.R. 3565, H.R. 5856, H.R. 6552",,https://lda.gov/filings/public/filing/aacf2897-92cd-4f89-8cfc-84bf7785a086/print/
"ZIMMER BIOMET, INC.","ZIMMER BIOMET, INC.",2025,Q4,170000.0,,,https://lda.gov/filings/public/filing/18f0c85b-d7db-4819-bd61-b1cf15dc0056/print/
COMPLETE COLLEGE AMERICA,ARNOLD & PORTER KAYE SCHOLER LLP,2025,Q4,40000.0,"H.R. 4806, S. 2511",,https://lda.gov/filings/public/filing/1fe03db4-f15a-4089-bc6b-cb44cb0348e7/print/
MCGRAW-HILL EDUCATION,ARNOLD & PORTER KAYE SCHOLER LLP,2025,Q4,80000.0,,,https://lda.gov/filings/public/filing/eef6977e-6c76-4fa1-981a-804fc1b88fec/print/
NORC AT THE UNIVERSITY OF CHICAGO,ARNOLD & PORTER KAYE SCHOLER LLP,2025,Q4,70000.0,,,https://lda.gov/filings/public/filing/4be43460-5d3f-4454-a7c8-bb9bb87ee3ba/print/
"LANCIUM, LLC",HOLLAND & KNIGHT LLP,2025,Q4,20000.0,,power-bills,https://lda.gov/filings/public/filing/54858e46-8dbd-4746-8256-3b1492d5e6ab/print/
"BOON LOGIC, INC.",WASHINGTON ALLIANCE GROUP,2025,Q4,10000.0,,ai-cyberattacks,https://lda.gov/filings/public/filing/cf6e0c58-cab9-44ed-aceb-0acd1c016be1/print/
THE ASSOCIATION FOR THE ADVANCEMENT OF ARTIFICIAL INTELLIGENCE,"LEWIS-BURKE ASSOCIATES, LLC",2025,Q4,40000.0,,job-loss,https://lda.gov/filings/public/filing/6cf6f7a5-44aa-445b-bae8-58b36d949ee8/print/
TATA CONSULTANCY SERVICES,SQUIRE PATTON BOGGS,2025,Q4,80000.0,,,https://lda.gov/filings/public/filing/72e65dba-4f7f-478e-8f56-8a4be61949b7/print/
ERISA INDUSTRY COMMITTEE,THE ERISA INDUSTRY COMMITTEE,2025,Q4,90000.0,,ai-cyberattacks,https://lda.gov/filings/public/filing/eb5257ca-15dc-45ef-8584-e12ce5b39247/print/
ARIZONA STATE UNIVERSITY,ARIZONA STATE UNIVERSITY,2025,Q4,280000.0,,job-loss,https://lda.gov/filings/public/filing/bfc0ff9d-9788-4c3b-a121-b09f394c75ff/print/
"TOAST, INC.","BROWNSTEIN HYATT FARBER SCHRECK, LLP",2025,Q4,80000.0,,,https://lda.gov/filings/public/filing/bbebd59e-4106-4cc6-9c5f-7a79e2aa648a/print/
OPEN AI,"MERCURY PUBLIC AFFAIRS, LLC",2025,Q4,50000.0,,,https://lda.gov/filings/public/filing/3a166844-f13a-4c05-8b29-150c75e660f7/print/
NISOURCE INC,"NISOURCE, INC",2025,Q4,150000.0,,power-bills,https://lda.gov/filings/public/filing/a1e22916-efef-4716-8fe9-0a8930118a10/print/
STATE FARM MUTUAL AUTOMOBILE INSURANCE COMPANY,STATE FARM MUTUAL AUTOMOBILE INSURANCE COMPANY,2025,Q4,660000.0,"H.R. 3437, H.R. 643",,https://lda.gov/filings/public/filing/46590125-e4d1-4c2b-a56a-419fd6fb0dcb/print/
BROADCOM INC.,"CASSIDY & ASSOCIATES, INC.",2025,Q4,50000.0,,ai-cyberattacks,https://lda.gov/filings/public/filing/d9b65879-98ba-4719-9d39-65a0720fae9d/print/
UNIVERSITY OF OKLAHOMA,"LEWIS-BURKE ASSOCIATES, LLC",2025,Q4,50000.0,,job-loss,https://lda.gov/filings/public/filing/c82a8d38-6d05-470e-9f0b-1f2494f673da/print/
LEXSET,INTERSECTION,2025,Q4,20000.0,,,https://lda.gov/filings/public/filing/46e8dcd7-77f5-4f3d-955c-2abccb3ffb67/print/
VERTIV GROUP CORPORATION,SQUIRE PATTON BOGGS,2025,Q4,60000.0,,power-bills,https://lda.gov/filings/public/filing/c7f81790-2a74-48b4-96e7-20cdacfff679/print/
CONSENSUS CLOUD SOLUTIONS,"BROWNSTEIN HYATT FARBER SCHRECK, LLP",2025,Q4,20000.0,,,https://lda.gov/filings/public/filing/a1889c2a-c7ed-442d-9e5a-7c5c04fe8ddc/print/
UNIVERSITY OF ARKANSAS AT LITTLE ROCK,STRATEGIC MARKETING INNOVATIONS,2025,Q4,30000.0,,,https://lda.gov/filings/public/filing/0893bf60-47e5-433f-8105-a6660bae0069/print/
TRANSPARENCY INTERNATIONAL U.S. (A PROJECT OF THE FUND FOR CONSTITUTIONAL GOVT),TRANSPARENCY INTERNATIONAL U.S. (A PROJECT OF THE FUND FOR CONSTITUTIONAL GOVT),2025,Q4,30000.0,"H.R. 253, H.R. 3460, H.R. 5106, H.R. 6085, H.R. 6689, S. 1792, S. 3191, S. 874",,https://lda.gov/filings/public/filing/28fdd527-0253-4e19-9090-22db9ee1e6fc/print/
ELI LILLY AND COMPANY,ELI LILLY AND COMPANY,2025,Q4,2200000.0,"H.R. 1, H.R. 5376",,https://lda.gov/filings/public/filing/06ea6567-0738-42bf-82b3-e31f08e06dee/print/
PUBLIC CITIZEN,PUBLIC CITIZEN,2025,Q4,73000.0,"H.R. 1, H.R. 2965, H.R. 4305, H.R. 6145, H.R. 67, S. 2750, S. 2937, S. 3210",job-loss; kids-chatbots; loss-of-control; power-bills,https://lda.gov/filings/public/filing/33abe508-df00-4fe7-a8b4-fa62c8630dba/print/
"TECO HOLDINGS INC., FORMERLY KNOWN AS ENERGY, INC.","TECO HOLDINGS INC., FORMERLY KNOWN AS TECO ENERGY, INC.",2025,Q4,175536.0,"H.R. 1, H.R. 3699, S. 1945",power-bills,https://lda.gov/filings/public/filing/f38b38e9-3925-407b-b53d-b5563184306c/print/
AMERICAN COUNCIL OF LIFE INSURERS,AMERICAN COUNCIL OF LIFE INSURERS,2025,Q4,1878641.0,"H.R. 4173, H.R. 5511, H.R. 6356, S. 1582, S. 2750, S. 3308",ai-cyberattacks; bias,https://lda.gov/filings/public/filing/7ee50a60-de53-4de9-b50f-c70e65ded141/print/
HP INC,HP INC.,2025,Q4,1180000.0,,,https://lda.gov/filings/public/filing/2c66ae77-c5a5-454c-97bd-26a6d14c18ac/print/
NVIDIA CORPORATION,"THE NICKLES GROUP, LLC",2025,Q4,80000.0,,,https://lda.gov/filings/public/filing/528e6285-a580-4a03-b186-3725a08ae5a6/print/
NVIDIA CORPORATION,"BROWNSTEIN HYATT FARBER SCHRECK, LLP",2025,Q4,80000.0,,,https://lda.gov/filings/public/filing/fd23349f-a9c1-4d45-a7e3-f13e5eb9c51c/print/
"PALO ALTO NETWORKS, INC.","PALO ALTO NETWORKS, INC.",2025,Q4,740000.0,,ai-cyberattacks,https://lda.gov/filings/public/filing/d291c1f5-5ba5-4ae8-9796-0aae5312c62b/print/
DEACON HEALTH,"BROWNSTEIN HYATT FARBER SCHRECK, LLP",2025,Q4,20000.0,,,https://lda.gov/filings/public/filing/096527c8-d67a-4ccb-9060-b42aeeaeec4e/print/
SEAGATE TECHNOLOGY LLC,"BROWNSTEIN HYATT FARBER SCHRECK, LLP",2025,Q4,80000.0,,china-race,https://lda.gov/filings/public/filing/e279a344-6d39-4d80-9c9f-d9a222734a6d/print/
RECORDING INDUSTRY ASSOCIATION OF AMERICA,"ALPINE GROUP PARTNERS, LLC.",2025,Q4,50000.0,"H.R. 2794, S. 1367",,https://lda.gov/filings/public/filing/273aa27f-06a3-43f8-a061-2be12a254190/print/
INFOSYS LIMITED,DGA GROUP GOVERNMENT RELATIONS LLC,2025,Q4,90000.0,,job-loss,https://lda.gov/filings/public/filing/e1f7a311-aa7e-4e4d-8bc4-15e8b87976f6/print/
"INTERACTIVE ADVERTISING BUREAU, INC.","INTERACTIVE ADVERTISING BUREAU, INC.",2025,Q4,130000.0,,,https://lda.gov/filings/public/filing/e6e2ad09-3f1d-4139-b664-09dac7742091/print/
"ORACLE AMERICA, INC.",TROUTMAN STRATEGIES,2025,Q4,70000.0,,,https://lda.gov/filings/public/filing/9362254d-5b63-4e9a-8bc4-f60211d09c97/print/
MEDIATEK USA INC.,MEDIATEK USA INC.,2025,Q4,136980.0,,,https://lda.gov/filings/public/filing/0e825a1b-35e2-48eb-88e2-442d1af4c507/print/
PALISADE RESEARCH INC.,PALISADE RESEARCH INC.,2025,Q4,20000.0,,loss-of-control,https://lda.gov/filings/public/filing/3f8994c8-aa22-428b-a43f-fbe78d31a07a/print/
CALBRIGHT COLLEGE,ARNOLD & PORTER KAYE SCHOLER LLP,2025,Q4,50000.0,,job-loss,https://lda.gov/filings/public/filing/e6efa731-bd11-407c-b2a4-949960243219/print/
MAGICSCHOOL AI,ARNOLD & PORTER KAYE SCHOLER LLP,2025,Q4,40000.0,"H.R. 2385, H.R. 5584, S. 1748, S. 2740, S. 836",kids-chatbots,https://lda.gov/filings/public/filing/a275bd34-c478-464a-ad54-b2ed3da8097b/print/
HEALTHCARE LEADERSHIP COUNCIL,HEALTHCARE LEADERSHIP COUNCIL,2025,Q4,180000.0,"H.R. 5145, S. 2824, S. 2983",ai-cyberattacks; china-race,https://lda.gov/filings/public/filing/8fd6c170-5fc7-4e40-afdd-f7fc823e3244/print/
"DELL TECHNOLOGIES, INC.","GREENBERG TRAURIG, LLP",2025,Q4,80000.0,"H.R. 3447, H.R. 3838, H.R. 4016, H.R. 5371, S. 1705, S. 2296, S. 2572",ai-cyberattacks,https://lda.gov/filings/public/filing/936fd79b-d616-4bfc-a64f-3cf81851d8eb/print/
WEC ENERGY GROUP,WEC ENERGY GROUP,2025,Q4,440000.0,,power-bills,https://lda.gov/filings/public/filing/859e3df0-3d9d-4e38-95f4-65c918ec9382/print/
MEDIATEK USA INC.,"PLURUS STRATEGIES, LLC",2025,Q4,60000.0,,,https://lda.gov/filings/public/filing/1c58ce2c-d238-4923-b01b-abd27ca0d2b7/print/
"T-MOBILE USA, INC.","PLURUS STRATEGIES, LLC",2025,Q4,30000.0,,,https://lda.gov/filings/public/filing/40e7bbf1-cb45-4951-b61a-69930a0e4f0a/print/
GOOGLE CLIENT SERVICES LLC,"MARSHALL & POPP, LLC",2025,Q4,60000.0,,,https://lda.gov/filings/public/filing/e84bec68-0722-4e00-a59f-e90344a614ce/print/
DOUBLEVERIFY,DOUBLEVERIFY,2025,Q4,70000.0,,,https://lda.gov/filings/public/filing/893bdc01-36bd-4589-9a87-343d7c4e76b1/print/
SWISS BANKERS ASSOCIATION,MAYER BROWN LLP,2025,Q4,10000.0,,,https://lda.gov/filings/public/filing/d275526d-f9b7-4e90-9fe8-b02f7df52e05/print/
GOVLY,"MORAN GLOBAL STRATEGIES, INC.",2025,Q4,10000.0,,,https://lda.gov/filings/public/filing/230209c8-a2c3-4b33-b6bd-47ad95f3827f/print/
AMERICAN HEALTH INFORMATION MANAGEMENT ASSN,AMERICAN HEALTH INFORMATION MANAGEMENT ASSN,2025,Q4,20000.0,"H.R. 2002, H.R. 3514, H.R. 935",job-loss,https://lda.gov/filings/public/filing/638d4c19-7acb-45f3-abb0-44f004cef077/print/
MOZILLA CORPORATION,"KOUNTOUPES DENHAM CARR & REID, LLC",2025,Q4,40000.0,,,https://lda.gov/filings/public/filing/83bb8d67-0e18-4c5f-b382-d7bec565e34a/print/
ALARM.COM,"MEHLMAN CONSULTING, INC.",2025,Q4,50000.0,,,https://lda.gov/filings/public/filing/cf94ea83-7de2-4e9f-854a-23fd81d5b004/print/
THE BUSINESS ROUNDTABLE,"MEHLMAN CONSULTING, INC.",2025,Q4,60000.0,,,https://lda.gov/filings/public/filing/ff822f6c-fe84-4396-a419-f3d6ee0e5da4/print/
PINTEREST INC.,"KOUNTOUPES DENHAM CARR & REID, LLC",2025,Q4,70000.0,"H.R. 3149, S. 1586",kids-chatbots,https://lda.gov/filings/public/filing/81380a52-10a4-4110-87f8-3562fbac8838/print/
"ALLIANCE OF COMMUNITY HEALTH PLANS, INC.","ALLIANCE OF COMMUNITY HEALTH PLANS, INC.",2025,Q4,580000.0,,job-loss,https://lda.gov/filings/public/filing/e7d2901f-b9ac-48fb-8a96-a9faf52c12cd/print/
CLOVER HEALTH,"MEHLMAN CONSULTING, INC.",2025,Q4,40000.0,,,https://lda.gov/filings/public/filing/af9c875f-57c6-4d67-a95c-aa6776f96522/print/
"ELEVENLABS, INC.","MEHLMAN CONSULTING, INC.",2025,Q4,60000.0,,,https://lda.gov/filings/public/filing/24557ada-0bcb-4317-9fbd-c6725172b361/print/
AMERICAN ASSOCIATION OF COLLEGES OF OSTEOPATHIC MEDICINE,AMERICAN ASSOCIATION OF COLLEGES OF OSTEOPATHIC MEDICINE,2025,Q4,100000.0,H.R. 1,,https://lda.gov/filings/public/filing/0947efcd-3ea0-45b2-9645-8dcaa7240bf6/print/
J STREET,J STREET,2025,Q4,170000.0,"H.Res. 352, H.Res. 481, H.Res. 488, H.Res. 963, S. 2947, S.Res. 288, S.Res. 533",,https://lda.gov/filings/public/filing/d9ccb914-9d28-4480-ac4a-0391b6891003/print/
GEN DIGITAL,"MEHLMAN CONSULTING, INC.",2025,Q4,30000.0,,ai-cyberattacks,https://lda.gov/filings/public/filing/3e447a5f-ca54-4460-b079-633f9561be37/print/
MICROSOFT CORPORATION,"POLARIS GOVERNMENT RELATIONS, LLC",2025,Q4,90000.0,,ai-cyberattacks,https://lda.gov/filings/public/filing/c40a8070-bd49-4ee0-8afe-be2c1f778f5d/print/
INFORMATION TECHNOLOGY INDUSTRY COUNCIL (ITI),"MEHLMAN CONSULTING, INC.",2025,Q4,50000.0,"H.R. 2683, H.R. 3447, S. 1705",ai-cyberattacks; china-race,https://lda.gov/filings/public/filing/0651e4fa-8aa8-4157-992c-b90d3c1427bd/print/
MAYO CLINIC,"MEHLMAN CONSULTING, INC.",2025,Q4,60000.0,,,https://lda.gov/filings/public/filing/f0b4f692-3f03-4ee4-b523-46ce5a0a8180/print/
"MEDTRONIC, INC.","MEHLMAN CONSULTING, INC.",2025,Q4,60000.0,,,https://lda.gov/filings/public/filing/6a513480-ada3-4467-9a42-28cd73c3ba55/print/
"META PLATFORMS, INC.","MEHLMAN CONSULTING, INC.",2025,Q4,50000.0,H.R. 3149,kids-chatbots,https://lda.gov/filings/public/filing/10c1836a-b5af-4416-aeca-401d9fe989ef/print/
"TNC (US) HOLDINGS, INC. (FORMERLY NIELSEN)","MEHLMAN CONSULTING, INC.",2025,Q4,40000.0,S. 1628,ai-cyberattacks; kids-chatbots,https://lda.gov/filings/public/filing/e2e089b8-225c-47cb-89af-b4d4054c847e/print/
"PALO ALTO NETWORKS, INC.","MEHLMAN CONSULTING, INC.",2025,Q4,60000.0,,ai-cyberattacks,https://lda.gov/filings/public/filing/aec147e5-8c9a-4cb6-a681-3a1583943380/print/
RETAIL INDUSTRY LEADERS ASSOCIATION (RILA),"MEHLMAN CONSULTING, INC.",2025,Q4,50000.0,"H.R. 2853, S. 1404",ai-cyberattacks,https://lda.gov/filings/public/filing/c2433507-5d95-47a5-ac95-14122522620c/print/
"SCALE AI, INC.","MEHLMAN CONSULTING, INC.",2025,Q4,50000.0,,,https://lda.gov/filings/public/filing/e163f0cf-f3f2-4139-ac63-087f971ae3a2/print/
TECHNOLOGY CEO COUNCIL,"MEHLMAN CONSULTING, INC.",2025,Q4,140000.0,,,https://lda.gov/filings/public/filing/b09ab11b-a83c-4505-b64a-3e9a0339228d/print/
TEXAS INSTRUMENTS INCORPORATED,"MEHLMAN CONSULTING, INC.",2025,Q4,40000.0,,,https://lda.gov/filings/public/filing/81bb1527-728c-44a3-8ae5-e251248aadda/print/
"META PLATFORMS, INC.",MCGINLEY LLC,2025,Q4,90000.0,S. 1748,kids-chatbots,https://lda.gov/filings/public/filing/fff1bec4-9015-454b-8afd-10021dff15d9/print/
GRAND CANYON UNIVERSITY,ARNOLD & PORTER KAYE SCHOLER LLP,2025,Q4,120000.0,,job-loss,https://lda.gov/filings/public/filing/1fd04a8a-ac56-4fc5-96dc-7514803dcffd/print/
CROWE LLP,CROWE LLP,2025,Q4,60000.0,,,https://lda.gov/filings/public/filing/ab88cc23-5bfb-4076-a62f-6bab3fd54fc6/print/
EMPOWER RETIREMENT LLC,DAVIS & HARMAN LLP,2025,Q4,30000.0,"H.R. 6722, S. 1707, S. 1831",,https://lda.gov/filings/public/filing/3d62db06-4661-4431-bc52-7f133699aeb2/print/
ACCENTURE LLP,"ACCENTURE, LLP",2025,Q4,460000.0,,ai-cyberattacks; job-loss,https://lda.gov/filings/public/filing/eace2b7f-d113-4c11-99ee-9ebb8877db0c/print/
GRINDR LLC,"BROWNSTEIN HYATT FARBER SCHRECK, LLP",2025,Q4,60000.0,,,https://lda.gov/filings/public/filing/1e3624e1-848f-4995-b5ca-183e112a8425/print/
"SUPER MICRO COMPUTER, INC.","SUPER MICRO COMPUTER, INC.",2025,Q4,10000.0,,china-race; power-bills,https://lda.gov/filings/public/filing/b96fa6a9-f834-43c6-88ff-d63f1e24cdad/print/
AMERICAN APPAREL & FOOTWEAR ASSOCIATION,AMERICAN APPAREL & FOOTWEAR ASSOCIATION,2025,Q4,343644.0,"H.R. 1968, H.R. 2367, H.R. 2548, H.R. 2665, H.R. 3838, H.R. 4016, H.R. 4159, H.R. 4930, H.R. 5371, H.R. 6500, H.R. 6504, H.R. 8684, H.R. 960, S. 1071, S. 1241, S. 1272, S. 2199, S. 2296, S. 2531, S. 2572, S. 2677, S. 2934, S. 742, S.J.Res. 77, S.J.Res. 81, S.J.Res. 88",china-race; job-loss; kids-chatbots,https://lda.gov/filings/public/filing/753033a2-2c6d-4ca9-8bbb-3f4a529982d2/print/
HAVOCAI,"BROWNSTEIN HYATT FARBER SCHRECK, LLP",2025,Q4,30000.0,,,https://lda.gov/filings/public/filing/ace8769c-c346-4fd3-a92e-ae11da6fe038/print/
TRAVEL GOODS ASSOCIATION,AMERICAN APPAREL & FOOTWEAR ASSOCIATION,2025,Q4,7729.0,"H.R. 4930, H.R. 8684, S. 2531, S. 2677, S. 2934",china-race; job-loss,https://lda.gov/filings/public/filing/47a761d0-176e-4323-91a3-f42bf19b74d3/print/
"FERMIFORWARD DISCOVERY GROUP, LLC","LEWIS-BURKE ASSOCIATES, LLC",2025,Q4,50000.0,"H.R. 4496, S. 2325, S. 579",job-loss,https://lda.gov/filings/public/filing/4b3fb286-de82-48ab-bb39-5699dba37318/print/
"THE BUSINESS ROUNDTABLE, INC.",S-3 GROUP,2025,Q4,60000.0,,,https://lda.gov/filings/public/filing/e6d3a63d-3ed8-4511-b61d-81d02d2cdb8b/print/
NATIONAL ASSOCIATION OF MUTUAL INSURANCE COMPANIES,NATIONAL ASSOCIATION OF MUTUAL INSURANCE COMPANIES,2025,Q4,465758.0,"H.R. 1734, H.R. 2770, H.R. 3460, H.R. 3775, H.R. 4142, H.R. 5227, H.R. 5388, H.R. 5784, H.R. 5885, H.R. 6304, H.R. 6875, S. 1269, S. 1290, S. 1378, S. 1638, S. 1798, S. 2177, S. 2528, S. 2750, S. 2937, S. 3108, S. 3339, S. 3354, S. 3557",ai-cyberattacks; bias; china-race; deepfakes; job-loss; power-bills,https://lda.gov/filings/public/filing/891fbdd3-e179-4572-86c6-04574b49a686/print/
AMERICAN CIVIL LIBERTIES UNION,AMERICAN CIVIL LIBERTIES UNION,2025,Q4,520000.0,"H.R. 1, H.R. 12, H.R. 14, H.R. 15, H.R. 151, H.R. 1880, H.R. 1954, H.R. 22, H.R. 2487, H.R. 2683, H.R. 28, H.R. 2870, H.R. 2918, H.R. 3486, H.R. 3492, H.R. 3708, H.R. 3838, H.R. 3921, H.R. 3944, H.R. 3971, H.R. 4016, H.R. 4121, H.R. 4213, H.R. 4250, H.R. 4358, H.R. 4371, H.R. 4518, H.R. 4553, H.R. 4611, H.R. 4831, H.R. 4889, H.R. 4922, H.R. 498, H.R. 4998, H.R. 5068, H.R. 5125, H.R. 5140, H.R. 5143, H.R. 5166, H.R. 5214, H.R. 5304, H.R. 5342, H.R. 5371, H.R. 5507, H.R. 5604, H.R. 59, H.R. 6091, H.R. 6291, H.R. 6397, H.R. 6521, H.R. 6617, H.R. 6703, H.R. 780, S. 1071, S. 128, S. 1503, S. 1691, S. 1748, S. 1829, S. 188, S. 1957, S. 2070, S. 2149, S. 2150, S. 2164, S. 2198, S. 2212, S. 2296, S. 2316, S. 2523, S. 278, S. 2803, S. 2902, S. 2975, S. 3077, S. 3167, S. 3308, S. 3326, S. 3385, S. 3386, S. 3396, S. 3448, S. 3495, S. 3663, S. 836, S. 894, S. 9",bias; china-race; job-loss; kids-chatbots; loss-of-control,https://lda.gov/filings/public/filing/c791eddf-23c9-494e-a02d-be3c8db6c2cb/print/
NATIONAL ASSOCIATION OF SOCIAL WORKERS,WHEAT SHROYER GOVERNMENT RELATIONS LLC,2025,Q4,60000.0,"H.R. 3655, H.R. 6672",job-loss; kids-chatbots,https://lda.gov/filings/public/filing/4177bf1f-c3ab-4867-8c46-11aaff714946/print/
FEDERATION OF AMERICAN SCIENTISTS - DBA ALLIANCE FOR LEARNING INNOVATION,"LEWIS-BURKE ASSOCIATES, LLC",2025,Q4,20000.0,"H.R. 3169, H.R. 3838, H.R. 4020, H.R. 5304, H.R. 5342, H.R. 6419, S. 1573, S. 2296, S. 2354, S. 2587",job-loss; kids-chatbots,https://lda.gov/filings/public/filing/c8e753dd-64e0-44a9-b1e9-e88580399d12/print/
FOUNDATION FOR ADVANCING ALCOHOL RESPONSIBILITY (RESPONSIBILITY.ORG),WHEAT SHROYER GOVERNMENT RELATIONS LLC,2025,Q4,50000.0,"H.R. 1137, H.R. 4552, H.R. 6704, S. 2465",job-loss; loss-of-control,https://lda.gov/filings/public/filing/743c466e-6adb-459c-b7bc-656c4f4d2444/print/
THE MICHAEL J. FOX FOUNDATION FOR PARKINSON'S RESEARCH,THE MICHAEL J. FOX FOUNDATION FOR PARKINSON'S RESEARCH,2025,Q4,210000.0,"H.J.Res. 27, H.J.Res. 34, H.R. 2036, H.R. 2491, H.R. 3944, H.R. 4016, H.R. 5304, S. 1227, S. 2572, S. 2587, S. 925, S.J.Res. 19",job-loss,https://lda.gov/filings/public/filing/2f9f6a9f-2828-4582-9c1d-58af150ff2c7/print/
PALANTIR TECHNOLOGIES INC.,"BROWNSTEIN HYATT FARBER SCHRECK, LLP",2025,Q4,120000.0,,,https://lda.gov/filings/public/filing/45978784-aa21-4a92-b2b1-72b6477cadbd/print/
UNIVERSITY OF ROCHESTER,UNIVERSITY OF ROCHESTER,2025,Q4,108561.0,"H.R. 4346, H.R. 4999, H.R. 6213, S. 4932",job-loss,https://lda.gov/filings/public/filing/fae62f12-a112-4470-92e6-0aac4030525e/print/
BOOKING HOLDINGS INC.,"CONVERGENCE STRATEGIES, LLC",2025,Q4,45000.0,,,https://lda.gov/filings/public/filing/18737f3a-1aaa-41ef-9ef9-249af1f9ef30/print/
NATIONAL MULTIFAMILY HOUSING COUNCIL INC,"NATIONAL MULTIFAMILY HOUSING COUNCIL, INC.",2025,Q4,1560000.0,,ai-cyberattacks; bioweapons,https://lda.gov/filings/public/filing/a5dd86d5-a591-4cb0-a0d1-8d8bce77fe65/print/
PUGET SOUND ENERGY,PUGET SOUND ENERGY,2025,Q4,400000.0,"H.R. 1047, H.R. 1355, H.R. 3062, H.R. 3157, H.R. 3616, H.R. 3617, H.R. 3628, H.R. 3632, H.R. 3638, H.R. 3657, H.R. 3668, H.R. 3898, H.R. 4503, H.R. 4776, H.R. 5600",ai-cyberattacks; power-bills,https://lda.gov/filings/public/filing/25a5ffb8-f082-4039-aa4f-1b3e99937d60/print/
INFORMATION TECHNOLOGY INDUSTRY COUNCIL,INFORMATION TECHNOLOGY INDUSTRY COUNCIL,2025,Q4,720000.0,"H.R. 2385, H.R. 5584, S. 2750",job-loss,https://lda.gov/filings/public/filing/0d88ed5e-2dee-4840-965d-ed17b4cda6d1/print/
NRG ENERGY,LOT SIXTEEN LLC,2025,Q4,50000.0,,power-bills,https://lda.gov/filings/public/filing/56df822f-c7c3-4aab-8bc1-36e63ccf02cb/print/
THE NORTHWESTERN MUTUAL LIFE INSURANCE COMPANY,THE NORTHWESTERN MUTUAL LIFE INSURANCE COMPANY,2025,Q4,740000.0,,,https://lda.gov/filings/public/filing/3f4c5b48-c43b-4efd-9cdc-e2d841c57759/print/
META PLATFORMS INC (FORMERLY FACEBOOK INC AND VARIOUS SUBSIDIARIES),OFF HILL STRATEGIES L.L.C.,2025,Q4,50000.0,,ai-cyberattacks,https://lda.gov/filings/public/filing/a6746657-df37-4af3-9024-f57470beed26/print/
MICROSOFT CORPORATION,"FORZA DC, LLC",2025,Q4,40000.0,"H.R. 3838, H.R. 4016, S. 2296, S. 2572",,https://lda.gov/filings/public/filing/836b6724-174c-42e2-810c-91a3891b2d8d/print/
ASSOCIATION OF AMERICAN PUBLISHERS,ASSOCIATION OF AMERICAN PUBLISHERS,2025,Q4,400872.0,,,https://lda.gov/filings/public/filing/bd779102-16c3-4ad4-8140-fb9bfdcd2f49/print/
"MOTOROLA SOLUTIONS, INC.","FORZA DC, LLC",2025,Q4,50000.0,"H.R. 3838, H.R. 4016, S. 2296, S. 2572",,https://lda.gov/filings/public/filing/1faccda6-990b-4072-89a1-eb23ff0edccd/print/
THE AMERICAN COUNCIL OF LIFE INSURERS,INVARIANT LLC,2025,Q4,110000.0,,,https://lda.gov/filings/public/filing/fc15bcfc-8d45-47c6-b48d-820d9317b6e7/print/
LUMINA AI,"BROWNSTEIN HYATT FARBER SCHRECK, LLP",2025,Q4,40000.0,,,https://lda.gov/filings/public/filing/72120c64-eae7-4886-8606-3acaba0ca87e/print/
"APPLIED MATERIALS, INC","APPLIED MATERIALS, INC",2025,Q4,840000.0,S. 597,,https://lda.gov/filings/public/filing/7265f6c5-06f0-4893-a885-34cf58b81f5c/print/
RECORDING INDUSTRY ASSOCIATION OF AMERICA INC,OGR,2025,Q4,40000.0,"H.R. 2794, S. 1367",,https://lda.gov/filings/public/filing/5a40cad8-6201-427b-b2a8-d3ae06ff1ff2/print/
HITRUST SERVICES CORP.,"ALPINE GROUP PARTNERS, LLC.",2025,Q4,30000.0,,ai-cyberattacks,https://lda.gov/filings/public/filing/101273af-0c5f-442e-9d3d-fd97074cfd0a/print/
DIRECTORS GUILD OF AMERICA,"RADIUS ADVOCACY, LLC",2025,Q4,30000.0,,deepfakes,https://lda.gov/filings/public/filing/d69da113-3770-4cb3-bde5-9a4786d3fd8e/print/
INTERNATIONAL ALLIANCE OF THEATRICAL STAGE EMPLOYEES,"RADIUS ADVOCACY, LLC",2025,Q4,40000.0,"H.R. 721, S. 1121",,https://lda.gov/filings/public/filing/b82fdc02-98d3-49c5-9ec4-af8b97e2f411/print/
INTERNATIONAL TRADEMARK ASSOCIATION,"RADIUS ADVOCACY, LLC",2025,Q4,20000.0,"H.R. 2794, S. 1367",deepfakes,https://lda.gov/filings/public/filing/8699b026-c8bc-41d5-af5d-ed05428a5b06/print/
ALTANA TECHNOLOGIES,TIBER CREEK GROUP,2025,Q4,40000.0,,,https://lda.gov/filings/public/filing/dd60fd66-76c9-4ce9-93e0-3943aca949f5/print/
PARAMOUNT GLOBAL (FORMERLY VIACOMCBS),"BECKER & POLIAKOFF, P.A.",2025,Q4,20000.0,,,https://lda.gov/filings/public/filing/9182b073-a3b8-4e2a-941f-4350c8f73884/print/
CORETSU INC.,BAKER & HOSTETLER LLP,2025,Q4,130000.0,,,https://lda.gov/filings/public/filing/933759ce-678a-4d20-bc14-51e7466cef3a/print/
SIEMENS HEALTHINEERS,TIBER CREEK GROUP,2025,Q4,60000.0,"H.R. 5269, H.R. 6197, S. 1399, S. 2761",job-loss,https://lda.gov/filings/public/filing/dcc804fd-21e5-4c78-8a31-53bdea76959f/print/
SOLVENTUM CORPORATION,TIBER CREEK GROUP,2025,Q4,60000.0,,,https://lda.gov/filings/public/filing/9db7723f-10d7-45f7-8188-8d2d7c8a29b6/print/
"SB GROUP US DBA SOFTBANK GROUP US, INC.",TIBER CREEK GROUP,2025,Q4,60000.0,,,https://lda.gov/filings/public/filing/97614671-f58f-4483-8cdc-56fd8240ce78/print/
ERICSSON INC.,INVARIANT LLC,2025,Q4,80000.0,,,https://lda.gov/filings/public/filing/9967d66a-034b-4c95-b57d-f19c21483591/print/
CUMMINS INC.,INVARIANT LLC,2025,Q4,80000.0,,,https://lda.gov/filings/public/filing/df978145-2051-41a7-9197-02e5e1c2e06a/print/
INFORMATION TECHNOLOGY INDUSTRY COUNCIL,TIBER CREEK GROUP,2025,Q4,50000.0,,,https://lda.gov/filings/public/filing/92385ee3-d37b-45d3-adc9-1bad221d6629/print/
MASTERCARD,TIBER CREEK GROUP,2025,Q4,70000.0,,,https://lda.gov/filings/public/filing/ddd06280-5158-49d0-8168-2f1ead4f5622/print/
MICROSOFT CORPORATION,TIBER CREEK GROUP,2025,Q4,90000.0,,,https://lda.gov/filings/public/filing/9f436145-9344-423d-88a9-9724cbbc086a/print/
NVIDIA CORPORATION,TIBER CREEK GROUP,2025,Q4,80000.0,,,https://lda.gov/filings/public/filing/4da03236-bf95-421d-a135-5825aeff8412/print/
ENTERGY SERVICES LLC,TIBER CREEK GROUP,2025,Q4,80000.0,"H.R. 5078, H.R. 5079, S. 2983, S. 3251",ai-cyberattacks,https://lda.gov/filings/public/filing/d08b87cd-38a6-4bc0-bd3d-d54b37a8ccc1/print/
"UNIVERSAL MUSIC GROUP RECORDINGS, INC.",FORBES-TATE,2025,Q4,40000.0,,,https://lda.gov/filings/public/filing/f0fe5c95-d18e-41bf-9103-dc069e9a3a25/print/
MAJOR COUNTY SHERIFFS OF AMERICA (FORMERLY MAJOR COUNTY SHERIFFS' ASSOCIATION),"BROOKS BAWDEN MOORE, LLC, FORMERLY REPORTED AS BROOKS BAWDEN, LLC",2025,Q4,40000.0,,kids-chatbots; loss-of-control,https://lda.gov/filings/public/filing/fea880db-6dfa-49b8-9e6e-d4b1c2fa0c65/print/
NATIONAL FUSION CENTER ASSOCIATION,"BROOKS BAWDEN MOORE, LLC, FORMERLY REPORTED AS BROOKS BAWDEN, LLC",2025,Q4,10000.0,,,https://lda.gov/filings/public/filing/e7699913-20a2-4df1-91f1-b972f47c8ee7/print/
"SK AMERICAS, INC.",INVARIANT LLC,2025,Q4,140000.0,,,https://lda.gov/filings/public/filing/5a68fa7e-831b-438b-a0df-109f90f9b2ed/print/
IKEA US RETAIL LLC,INVARIANT LLC,2025,Q4,50000.0,,,https://lda.gov/filings/public/filing/25bcf7f4-3b50-4fd6-b6f2-0936c9408ab8/print/
"AUTODESK, INC","CASSIDY & ASSOCIATES, INC.",2025,Q4,60000.0,,ai-cyberattacks; job-loss,https://lda.gov/filings/public/filing/0737f427-25cd-4437-b442-2b21fa4a223f/print/
"GROQ, INC.",INVARIANT LLC,2025,Q4,150000.0,,,https://lda.gov/filings/public/filing/711abf4a-3bd0-4c77-98eb-f8a735661695/print/
BATTELLE MEMORIAL INSTITUTE,"VENTURE GOVERNMENT STRATEGIES, LLC (FKA HOBART HALLAWAY & QUAYLE VENTURES, LLC)",2025,Q4,40000.0,,,https://lda.gov/filings/public/filing/f0ec92a9-f482-41e0-b467-ac07b12b7404/print/
MIG CIG LPE 01 JV LLC,BELLWETHER GOVERNMENT AFFAIRS LLC,2025,Q4,120000.0,,power-bills,https://lda.gov/filings/public/filing/9cdb8f4f-68a6-44d7-91e3-e54adaa3f8a9/print/
"MIG LANCASTER HOLDINGS, LLC",BELLWETHER GOVERNMENT AFFAIRS LLC,2025,Q4,120000.0,,power-bills,https://lda.gov/filings/public/filing/ca4cdefd-de09-4ca8-b83e-056077099f54/print/
LONDON STOCK EXCHANGE GROUP,LONDON STOCK EXCHANGE GROUP,2025,Q4,230000.0,H.R. 5234,,https://lda.gov/filings/public/filing/5ab91d6b-891d-44d5-8a4d-bd92aa0b935b/print/
MICROSOFT CORPORATION,"FIFESTRATEGIES, LLC",2025,Q4,40000.0,"H.R. 3838, H.R. 4016, H.R. 5371",ai-cyberattacks,https://lda.gov/filings/public/filing/b0ebd414-166b-4537-9757-f9f8a0c2d33e/print/
SWITCH,"CASSIDY & ASSOCIATES, INC.",2025,Q4,60000.0,,power-bills,https://lda.gov/filings/public/filing/5263c756-f198-469a-a6ae-f46b38670564/print/
MICROSOFT CORPORATION,"VENTURE GOVERNMENT STRATEGIES, LLC (FKA HOBART HALLAWAY & QUAYLE VENTURES, LLC)",2025,Q4,60000.0,,ai-cyberattacks,https://lda.gov/filings/public/filing/8c9edcba-dc14-4fc4-b70c-33b66a57f526/print/
EDISON ELECTRIC INSTITUTE,CAPITOL COUNSEL LLC,2025,Q4,80000.0,"H.R. 1047, H.R. 1355, H.R. 3015, H.R. 3062, H.R. 3157, H.R. 3616, H.R. 3617, H.R. 3628, H.R. 3632, H.R. 3638, H.R. 3657, H.R. 3843, H.R. 4503, H.R. 5600",ai-cyberattacks; power-bills,https://lda.gov/filings/public/filing/4a62914a-2c44-425e-88d2-e16f10ec7b52/print/
NVIDIA CORPORATION,NVIDIA CORPORATION,2025,Q4,1460000.0,"H.R. 3447, H.R. 3838, S. 1705, S. 2296",china-race; job-loss,https://lda.gov/filings/public/filing/e76ce48d-8b5c-46c3-b47e-6c146ad0909e/print/
HEWLETT PACKARD ENTERPRISE COMPANY,SALT POINT STRATEGIES,2025,Q4,50000.0,,,https://lda.gov/filings/public/filing/5c8fe210-a9b5-42cd-96da-694d65aa4d37/print/
"MOTOROLA SOLUTIONS, INC.",SALT POINT STRATEGIES,2025,Q4,60000.0,,,https://lda.gov/filings/public/filing/683e5b83-85fe-4e36-98fd-b33978e9d76b/print/
COREWEAVE,FORBES-TATE,2025,Q4,80000.0,,power-bills,https://lda.gov/filings/public/filing/87f26c83-c95f-43e8-b5b8-b090a72f1f2a/print/
BROADCOM INC.,INVARIANT LLC,2025,Q4,80000.0,,,https://lda.gov/filings/public/filing/a1ad67e9-a3ec-4ab7-b7f5-bdccf20a71e4/print/
"MERCARI, INC.",INVARIANT LLC,2025,Q4,50000.0,,,https://lda.gov/filings/public/filing/0a4cf837-65e9-4050-9c60-1c6644ca3834/print/
IMAGINE LEARNING,FORBES-TATE,2025,Q4,50000.0,,,https://lda.gov/filings/public/filing/ae8eb71a-1f37-4f4a-89b2-211f5c26f440/print/
HIDDENLAYER,"VENTURE GOVERNMENT STRATEGIES, LLC (FKA HOBART HALLAWAY & QUAYLE VENTURES, LLC)",2025,Q4,40000.0,"H.R. 4016, H.R. 4213, S. 2572",ai-cyberattacks,https://lda.gov/filings/public/filing/89b39129-e289-44d4-94ad-20560991b637/print/
AICPA ASSOCIATION OF INTERNATIONAL CERTIFIED PROFESSIONAL ACCOUNTANTS,"CROSSROADS STRATEGIES, LLC",2025,Q4,40000.0,,,https://lda.gov/filings/public/filing/aebd7b39-d169-4e73-ab88-961b22fc71fc/print/
ADVANCED MEDICAL TECHNOLOGY ASSOCIATION (ADVAMED),"CROSSROADS STRATEGIES, LLC",2025,Q4,50000.0,H.R. 5343,,https://lda.gov/filings/public/filing/63c8f424-0c83-491a-b8ef-d82ed431cd6d/print/
REINSURANCE ASSN OF AMERICA,REINSURANCE ASSN OF AMERICA,2025,Q4,390000.0,"H.R. 7132, S. 2026, S. 245, S. 3578",ai-cyberattacks,https://lda.gov/filings/public/filing/3c719a76-cd68-4bf2-915b-13991cc38a92/print/
GITLAB,EFRUS FEDERAL ADVISORS LLC,2025,Q4,30000.0,,,https://lda.gov/filings/public/filing/253fbf11-22dc-41ca-9293-39e4819e2c46/print/
CONCURRENT TECHNOLOGIES CORPORATION,PRASAM,2025,Q4,10000.0,"H.R. 4016, S. 2572",ai-cyberattacks,https://lda.gov/filings/public/filing/e2e7d00e-ac61-44e3-a979-dd5c0e1135f8/print/
COMCAST CORPORATION,VAN SCOYOC ASSOCIATES,2025,Q4,30000.0,,ai-cyberattacks,https://lda.gov/filings/public/filing/d7c78ac9-196b-4526-914c-bec458aa05e5/print/
TIBER CREEK GROUP OBO SIEMENS HEALTHINEERS,"B HALL STRATEGIES, LLC",2025,Q4,30000.0,,,https://lda.gov/filings/public/filing/1e532544-6a6d-4751-90aa-ba00e7ca6893/print/
NEW YORK UNIVERSITY LANGONE MEDICAL CENTER,VAN SCOYOC ASSOCIATES,2025,Q4,30000.0,,job-loss,https://lda.gov/filings/public/filing/865bdb5f-9e4a-46dd-9098-ef114e6b8392/print/
ERNST & YOUNG U.S. LLP (EY),THORN RUN PARTNERS,2025,Q4,50000.0,,,https://lda.gov/filings/public/filing/c09a3350-6cd3-494c-8e91-7c6aaad3c9ac/print/
EASTERN MICHIGAN UNIVERSITY,VAN SCOYOC ASSOCIATES,2025,Q4,10000.0,H.R. 4312,job-loss,https://lda.gov/filings/public/filing/7127c476-3744-4625-a799-73edef1368fd/print/
OREGON INSTITUTE OF TECHNOLOGY,VAN SCOYOC ASSOCIATES,2025,Q4,20000.0,,job-loss,https://lda.gov/filings/public/filing/e17e2660-d529-4478-b7ae-cc8f599b978d/print/
IDEMIA IDENTITY & SECURITY USA LLC,"IDEMIA IDENTITY & SECURITY USA, LLC",2025,Q4,230000.0,S. 1582,,https://lda.gov/filings/public/filing/3bbc5ea0-d346-4b41-a44f-3a6abfa48ff5/print/
"VMWARE, INC. OBO BROADCOM INC.","CROSSROADS STRATEGIES, LLC",2025,Q4,50000.0,S. 2750,,https://lda.gov/filings/public/filing/0d456882-9909-4950-ae09-342804b78509/print/
UNIVERSITY OF TULSA,"SBL STRATEGIES, LLC",2025,Q4,30000.0,,,https://lda.gov/filings/public/filing/e750c3a4-c5b9-44b7-8c6f-77b8913bfbcc/print/
"SHIELD AI, INC.","CROSSROADS STRATEGIES, LLC",2025,Q4,60000.0,"H.R. 3838, H.R. 4016, H.R. 4213, S. 2296, S. 2572",,https://lda.gov/filings/public/filing/6b666f81-5659-44ba-8b7e-d1ee9815b511/print/
"GARTNER, INC.",J.A. GREEN AND COMPANY (FORMERLY LLC),2025,Q4,30000.0,"H.R. 3838, S. 2296",,https://lda.gov/filings/public/filing/d7cb1e3c-fb59-4309-87f5-176604e38fda/print/
ASSOCIATION OF AMERICAN PUBLISHERS,"GOODLATTE GROUP, LLC F.K.A. ROBERT GOODLATTE",2025,Q4,50000.0,H.R. 6028,job-loss,https://lda.gov/filings/public/filing/2995c836-1f1e-43e3-8722-97e734e7c984/print/
THE WALT DISNEY COMPANY,"GOODLATTE GROUP, LLC F.K.A. ROBERT GOODLATTE",2025,Q4,50000.0,H.R. 6028,,https://lda.gov/filings/public/filing/7f24509d-e897-4edb-8f9f-dc19cb89a208/print/
DELTA AIRLINES,"RESOLUTION PUBLIC AFFAIRS, LLC",2025,Q4,80000.0,,,https://lda.gov/filings/public/filing/f3fd444b-921d-4547-99c8-774fe56eb765/print/
INSULET CORPORATION,INSULET CORPORATION,2025,Q4,140000.0,,,https://lda.gov/filings/public/filing/a9b0719d-1650-46a1-9bc0-35b02a3579a8/print/
TEXAS CHRISTIAN UNIVERSITY,"CORLEY CONSULTING, LLC",2025,Q4,30000.0,,,https://lda.gov/filings/public/filing/2ff93db9-686c-4277-9367-12a83f81840e/print/
TECHNET,"CROSSROADS STRATEGIES, LLC",2025,Q4,80000.0,"H.R. 1623, H.R. 2657, H.R. 3149, H.R. 3838, H.R. 5360, H.R. 6253, H.R. 6257, H.R. 6259, H.R. 6265, H.R. 6273, H.R. 6289, H.R. 6290, H.R. 6291, H.R. 6292, S. 2296, S. 2750, S. 278, S. 836",bias; kids-chatbots; loss-of-control,https://lda.gov/filings/public/filing/8cf276e2-5592-4730-93ab-8af0e2338fb7/print/
AUTODESK INC,"AUTODESK, INC",2025,Q4,180000.0,,ai-cyberattacks; job-loss,https://lda.gov/filings/public/filing/21e2d44c-7c36-474f-91f9-e62714420fd8/print/
MASTERCARD WORLDWIDE,"CGCN GROUP, LLC",2025,Q4,80000.0,,,https://lda.gov/filings/public/filing/a8289119-341a-4347-bddf-287f826ec1e9/print/
"CJ LAKE, LLC (ON BEHALF OF CALIFORNIA STATE SENATE)",HB STRATEGIES,2025,Q4,15000.0,,,https://lda.gov/filings/public/filing/087a1c48-a4aa-4adc-ad18-16189892b939/print/
"CISCO SYSTEMS, INC.",EMPIRE CONSULTING GROUP,2025,Q4,30000.0,,,https://lda.gov/filings/public/filing/064e00e3-2828-4180-9fca-8903b8057907/print/
RECORDING INDUSTRY ASSOCIATION OF AMERICA,RECORDING INDUSTRY ASSOCIATION OF AMERICA,2025,Q4,2059909.0,"H.R. 2794, S. 5379",,https://lda.gov/filings/public/filing/003328f9-14be-49ff-a99d-3e91866ed7e7/print/
SPOTIFY,"RESOLUTION PUBLIC AFFAIRS, LLC",2025,Q4,50000.0,,,https://lda.gov/filings/public/filing/2927ddbd-61e0-4894-a49a-b4edcefafe28/print/
ADOBE INC,ADOBE INC,2025,Q4,490000.0,,ai-cyberattacks; deepfakes,https://lda.gov/filings/public/filing/cce8ec44-e144-43c2-85cd-bdd414ac8bc0/print/
FIDELITY NATIONAL INFORMATION SYSTEMS INC AND SUBSIDIARIES,"FIDELITY NATIONAL INFORMATION SYSTEMS, INC. AND SUBSIDIARIES",2025,Q4,80000.0,"H.R. 1, S. 394",,https://lda.gov/filings/public/filing/be671fba-ecfe-4eb7-a6e1-8172d3d8aaf1/print/
AMERICAN SECURITY FUND,"BROWNSTEIN HYATT FARBER SCHRECK, LLP",2025,Q4,30000.0,,,https://lda.gov/filings/public/filing/22cdd844-be6e-488b-931e-9a1cb9d3d4e5/print/
"ICIVICS, INC.","LINCHPIN STRATEGIES, LLC",2025,Q4,20000.0,"H.R. 5304, S. 2587",job-loss,https://lda.gov/filings/public/filing/e5f24ad8-9267-4b9e-8e95-fe341254949e/print/
ROCKET LP FKA RKT HOLDINGS,ROCKET LP FKA RKT HOLDINGS,2025,Q4,520000.0,H.R. 1777,,https://lda.gov/filings/public/filing/047c06a4-c8a9-4580-8e9e-7c1a8b6821f6/print/
CENTENE CORPORATION,"BROWNSTEIN HYATT FARBER SCHRECK, LLP",2025,Q4,60000.0,H.R. 1,,https://lda.gov/filings/public/filing/beb9c8fc-6c93-47da-9c04-e321f99e1118/print/
"IRON MOUNTAIN INFORMATION MANAGEMENT, LLC",AMERICAN DEFENSE INTERNATIONAL,2025,Q4,20000.0,,power-bills,https://lda.gov/filings/public/filing/20f6adf8-ab71-4094-a56c-4f2dc3ec5701/print/
"ARMADA SYSTEMS, INC.",INVARIANT LLC,2025,Q4,80000.0,,china-race,https://lda.gov/filings/public/filing/f910caf4-278c-46a0-b350-92d40ff00775/print/
SOFTWARE & INFORMATION INDUSTRY ASSOCIATION (SIIA),"CROSSROADS STRATEGIES, LLC",2025,Q4,60000.0,"H.R. 1623, H.R. 2657, H.R. 3149, H.R. 3838, H.R. 5360, H.R. 6253, H.R. 6257, H.R. 6259, H.R. 6265, H.R. 6273, H.R. 6289, H.R. 6290, H.R. 6291, H.R. 6292, S. 2296, S. 2750, S. 278, S. 836",bias; kids-chatbots; loss-of-control,https://lda.gov/filings/public/filing/2ce5f591-08e4-4905-bb25-5b00dda1e10f/print/
"ELASTICSEARCH, INC.","ELASTICSEARCH, INC.",2025,Q4,60000.0,,ai-cyberattacks,https://lda.gov/filings/public/filing/18e82376-cc9c-455c-bc88-13343c495613/print/
"ARMADA SYSTEMS, INC.","VENTURE GOVERNMENT STRATEGIES, LLC (FKA HOBART HALLAWAY & QUAYLE VENTURES, LLC)",2025,Q4,80000.0,,,https://lda.gov/filings/public/filing/f16ce185-6110-44aa-b256-bd8805b711a0/print/
PARALYZED VETERANS OF AMERICA,PARALYZED VETERANS OF AMERICA,2025,Q4,87212.0,"H.R. 14, H.R. 5096, S. 2476, S. 2523, S. 3308",bias,https://lda.gov/filings/public/filing/9808e68c-871d-477f-af2b-c7f2681ba670/print/
BCBSM INC,"BCBSM, INC.",2025,Q4,28000.0,"H.R. 1197, H.R. 1909, H.R. 2079, H.R. 247, H.R. 2483, H.R. 2493, H.R. 2509, H.R. 2528, H.R. 2571, H.R. 3120, H.R. 3237, H.R. 3277, H.R. 3302, H.R. 3417, H.R. 3419, H.R. 3593, H.R. 3841, H.R. 4206, H.R. 4231, H.R. 4262, H.R. 4710, H.R. 5378, H.R. 6033, S. 1004, S. 1261, S. 1451, S. 1677, S. 1851, S. 1869, S. 1874, S. 1973, S. 2121, S. 2301, S. 2355, S. 2420, S. 2903, S. 46, S. 5535, S. 931, S. 976",ai-cyberattacks; job-loss,https://lda.gov/filings/public/filing/04d849a7-25db-4db7-b015-a4396e462e7c/print/
"RUNE TECHNOLOGIES, INC.",FRONTLINE GOVERNMENT RELATIONS,2025,Q4,30000.0,,china-race,https://lda.gov/filings/public/filing/6b8b9253-fcce-4ad5-872e-253611e15913/print/
DATA CENTER COALITION,"CROSSROADS STRATEGIES, LLC",2025,Q4,50000.0,H.R. 1,power-bills,https://lda.gov/filings/public/filing/0689ee6e-42d2-4b19-b4ab-332c9671cd65/print/
ACCENTURE LLP,INVARIANT LLC,2025,Q4,110000.0,,ai-cyberattacks,https://lda.gov/filings/public/filing/e6dade93-484a-4b4d-9f49-f905468608b7/print/
CALIFORNIA LIFE SCIENCES,CALIFORNIA LIFE SCIENCES,2025,Q4,170000.0,,job-loss,https://lda.gov/filings/public/filing/7a21520d-d7c9-4090-9258-70094f5d02be/print/
RECORDING INDUSTRY ASSOC. OF AMERICA,"CONTINENTAL STRATEGY, LLC",2025,Q4,67500.0,,,https://lda.gov/filings/public/filing/dd48ecdc-c39a-4930-b1cc-11b52874fd47/print/
"BNP PARIBAS RCC, INC.","BNP PARIBAS RCC, INC.",2025,Q4,160000.0,,,https://lda.gov/filings/public/filing/a9452d7c-2790-4a04-a266-0976fc0e9428/print/
HEALTHCARE LEADERSHIP COUNCIL,CAPITOL COUNSEL LLC,2025,Q4,20000.0,,ai-cyberattacks,https://lda.gov/filings/public/filing/bffe1f3e-d85c-4851-b81c-bdd8059350f4/print/
"AMERICAN INTERNATIONAL GROUP, INC.",INVARIANT LLC,2025,Q4,70000.0,,ai-cyberattacks,https://lda.gov/filings/public/filing/7a541a6e-8d82-4d5e-9a42-6f6723668c56/print/
VERTIV CORPORATION,VERTIV CORPORATION,2025,Q4,10000.0,,power-bills,https://lda.gov/filings/public/filing/7a184e31-edee-4ff5-a476-64ab9ca13ed6/print/
INTERNET WORKS ASSOCIATION,LOT SIXTEEN LLC,2025,Q4,40000.0,"S. 1586, S. 1829, S. 2153",,https://lda.gov/filings/public/filing/8169b3d9-1d4e-4c09-b351-b7e9cf2608f2/print/
SAMSUNG ELECTRONICS AMERICA,"CONTINENTAL STRATEGY, LLC",2025,Q4,90000.0,,ai-cyberattacks,https://lda.gov/filings/public/filing/74686ee1-6206-4478-af32-e443685df02e/print/
CENTER FOR INDIVIDUAL FREEDOM,CENTER FOR INDIVIDUAL FREEDOM,2025,Q4,10000.0,"H.R. 3269, S. 2276",,https://lda.gov/filings/public/filing/3c34c5cc-7c84-4adf-bab9-da6c34c6626f/print/
BLOCK INC.,"CROSSROADS STRATEGIES, LLC",2025,Q4,60000.0,S. 1582,,https://lda.gov/filings/public/filing/6e8dd9cb-57f5-497b-8ef2-77e9a5952bea/print/
"AI POLICY NETWORK INC (FKA LIONHEART VENTURES, LLC)",THE VOGEL GROUP,2025,Q4,40000.0,,china-race,https://lda.gov/filings/public/filing/53a32210-9bc2-4ec5-a260-6fc59fce764c/print/
KPMG LLP,KPMG LLP,2025,Q4,410000.0,,,https://lda.gov/filings/public/filing/9e9d93d6-e1b5-4b17-891c-75c24bb0aa51/print/
"BSA, THE SOFTWARE ALLIANCE",CAPITOL HILL POLICY GROUP LLC,2025,Q4,20000.0,,ai-cyberattacks,https://lda.gov/filings/public/filing/c846eab8-86fe-4ddb-99d7-44bd20f62904/print/
"REBELLION DEFENSE, INC.","CROSSROADS STRATEGIES, LLC",2025,Q4,50000.0,"H.R. 3838, H.R. 4016, S. 2296, S. 2572",,https://lda.gov/filings/public/filing/476b7d48-9773-416b-9a99-5a20d2d4a617/print/
CYERA US INC.,PILLSBURY WINTHROP SHAW PITTMAN LLP,2025,Q4,30000.0,,ai-cyberattacks,https://lda.gov/filings/public/filing/979f725f-b5d8-4b8d-bd45-87fc953ab923/print/
"COREWEAVE, INC.","CROSSROADS STRATEGIES, LLC",2025,Q4,90000.0,,power-bills,https://lda.gov/filings/public/filing/006a8d38-afa5-4bd2-b9ea-d2fff7382bf4/print/
THOMSON REUTERS,HOLLAND & KNIGHT LLP,2025,Q4,70000.0,,ai-cyberattacks,https://lda.gov/filings/public/filing/8d601cba-77e6-4133-9f54-61b8c252d51e/print/
WAYMO LLC,HOLLAND & KNIGHT LLP,2025,Q4,80000.0,H.R. 4419,china-race,https://lda.gov/filings/public/filing/8562e4f2-de69-4be3-b248-43d73791f936/print/
INDEPENDENT FILM & TELEVISION ALLIANCE,COGENT STRATEGIES LLC,2025,Q4,30000.0,"H.R. 10550, H.R. 2794, H.R. 791, S. 1367",deepfakes,https://lda.gov/filings/public/filing/05361f53-a435-420f-84b3-7faa0f1587fb/print/
INFORMATION TECHNOLOGY INDUSTRY COUNCIL,"SIGHTLINE ADVOCACY, LLC",2025,Q4,50000.0,"H.R. 2683, H.R. 3447, H.R. 3838, H.R. 5371, S. 1337, S. 1705, S. 2296, S. 2983",ai-cyberattacks; china-race,https://lda.gov/filings/public/filing/93801430-94ab-49ba-864a-4886ee479faa/print/
AMERICAN SECURITY FUND,"ALLEGIANCE STRATEGIES, LLC",2025,Q4,30000.0,"H.R. 1718, H.R. 1736, H.R. 3447, H.R. 3919, H.R. 3932, H.R. 4704, H.R. 6149, H.R. 6943, H.R. 7532, H.R. 7567, H.R. 8315, S. 1409, S. 1705, S. 2103, S. 2177, S. 2399, S. 2502, S. 2714, S. 2770, S. 3050, S. 3162, S. 3205, S. 3312, S. 3696, S. 3897, S. 4638, S. 687",bioweapons; china-race; kids-chatbots,https://lda.gov/filings/public/filing/c03b4b0f-a5bd-4133-8549-e828e811a3d9/print/
"SHIELD AI, INC.",ATLAS CROSSING LLC,2025,Q4,50000.0,,,https://lda.gov/filings/public/filing/29d8ec9c-d722-47a7-8501-79ccea6d5a1b/print/
AARP,AARP,2025,Q4,5300000.0,"H.R. 1469, H.R. 1734, H.R. 2085, H.R. 227, H.R. 2441, H.R. 2478, H.R. 2491, H.R. 2978, H.R. 2988, H.R. 3469, H.R. 3954, H.R. 4206, H.R. 4313, H.R. 4936, H.R. 5575, H.R. 5861, H.R. 6210, H.R. 6735, H.R. 6766, H.Res. 780, S. 1105, S. 1227, S. 1261, S. 1816, S. 1877, S. 2019, S. 2120, S. 2237, S. 2466, S. 3439, S. 3492, S. 639",deepfakes,https://lda.gov/filings/public/filing/1d87877b-79da-42ac-9cc3-dc5036fdcc57/print/
CAPITAL INVESTMENT ADVISORS,TROUTMAN STRATEGIES,2025,Q4,30000.0,"H.R. 4801, S. 2528",,https://lda.gov/filings/public/filing/fd89769e-01a0-41a1-8831-2c194ea62c88/print/
"CONTROL AI US, INC.","CONTROL AI US, INC.",2025,Q4,30000.0,,loss-of-control,https://lda.gov/filings/public/filing/c3aa9309-c4c5-43ac-a52f-8e6027d1397a/print/
AMERICAN PIPELINE CONTRACTORS ASSOCIATION,"GOVERNMENT AFFAIRS SOLUTIONS, LLC",2025,Q4,80000.0,"H.R. 1047, H.R. 3015, H.R. 3062, H.R. 3668, H.R. 3898, H.R. 4776, H.R. 5301, H.R. 573, S. 1355, S. 2975",power-bills,https://lda.gov/filings/public/filing/c7e0d2d8-e3e6-47d1-9cb9-19c9d115652e/print/
PANORAMA EDUCATION,BOSE PUBLIC AFFAIRS GROUP,2025,Q4,5000.0,,,https://lda.gov/filings/public/filing/49bbff21-2f8b-40bf-a9e7-48aa88eda9ca/print/
KATAHDIN IMPACT INC.,S-3 GROUP,2025,Q4,120000.0,,,https://lda.gov/filings/public/filing/13187a60-4706-4b04-9f15-b5b912f9226b/print/
AMERICAN HONDA MOTOR CO INC (FORMERLY HONDA NORTH AMERICA),FGS GLOBAL (US) LLC (FKA FGH HOLDINGS LLC),2025,Q4,70000.0,,,https://lda.gov/filings/public/filing/c976a4a1-58dc-42a6-833b-003292d50cab/print/
NEWS CORPORATION,"CGCN GROUP, LLC",2025,Q4,50000.0,,,https://lda.gov/filings/public/filing/098a53ed-72c6-4662-a359-3be1cf78b6fb/print/
"SAMSUNG ELECTRONICS AMERICA, INC.","ROBERTI GLOBAL (FKA ROBERTI WHITE, LLC)",2025,Q4,60000.0,,ai-cyberattacks,https://lda.gov/filings/public/filing/7821b96f-27e9-4361-808e-005d92405d87/print/
EMERGENT STRATEGIES ON BEHALF OF ZETA GLOBAL CORP.,MARBLE ARCH,2025,Q4,50000.0,,,https://lda.gov/filings/public/filing/78c0311f-19e8-4fff-a6f3-0ca112fbd4e0/print/
UNIVERSITY OF NOTRE DAME,UNIVERSITY OF NOTRE DAME,2025,Q4,170000.0,"H.R. 5304, S. 2587",job-loss,https://lda.gov/filings/public/filing/cb70b1df-fdf2-48c5-b63d-64591dc85439/print/
ARM INC,ARM INC.,2025,Q4,110000.0,"H.R. 5885, H.R. 6875, S. 2750, S. 3159, S. 3374",bias,https://lda.gov/filings/public/filing/2690317a-d826-4d21-b6d6-3d62a4a6a631/print/
ASSOCIATION OF AMERICAN MEDICAL COLLEGES,ASSOCIATION OF AMERICAN MEDICAL COLLEGES,2025,Q4,708395.0,"H.R. 1, H.R. 1048, H.R. 1153, H.R. 1201, H.R. 1585, H.R. 1802, H.R. 1835, H.R. 1863, H.R. 1864, H.R. 2106, H.R. 2314, H.R. 3178, H.R. 3593, H.R. 3838, H.R. 3885, H.R. 3944, H.R. 4016, H.R. 4262, H.R. 4313, H.R. 4371, H.R. 5100, H.R. 5269, H.R. 5304, H.R. 5342, H.R. 5428, H.R. 593, H.R. 6468, H.R. 6938, H.R. 7006, H.R. 879, H.R. 929, H.Res. 708, S. 1071, S. 1874, S. 1941, S. 2354, S. 2439, S. 2587, S. 2600, S. 266, S. 2715, S. 2761, S. 331, S. 3348, S. 3385, S. 3386, S. 709, S. 854, S. 855, S. 862, S. 975",bias; job-loss; kids-chatbots,https://lda.gov/filings/public/filing/1ff7a813-040e-4580-8273-c54c18af2d78/print/
NEWS CORPORATION,NEWS CORPORATION,2025,Q4,200000.0,,kids-chatbots,https://lda.gov/filings/public/filing/b6c99b61-b395-449e-860c-094837081e45/print/
DELL TECHNOLOGIES INC,DELL TECHNOLOGIES INC.,2025,Q4,1480000.0,"H.R. 3447, S. 1705, S. 2296",ai-cyberattacks,https://lda.gov/filings/public/filing/1fc09783-2f00-427f-aa06-c31f5f308462/print/
FDD ACTION,FDD ACTION,2025,Q4,300000.0,"H.R. 1229, H.R. 1327, H.R. 2510, H.R. 3434, H.R. 4413, H.R. 5623, H.R. 6275, H.R. 6309, H.R. 6624, S. 1009, S. 1071, S. 1744, S. 1793, S. 2130, S. 2142, S. 2424, S. 2602, S. 2642, S. 3150, S. 3163, S. 3251, S. 3315, S. 3659, S. 418, S. 435, S. 554, S. 63, S.J.Res. 83",ai-cyberattacks; china-race; job-loss,https://lda.gov/filings/public/filing/e3c014ee-2e76-4411-9cfc-f730573b9daa/print/
SCIENCE APPLICATIONS INTERNATIONAL CORPORATION,SCIENCE APPLICATIONS INTERNATIONAL CORPORATION,2025,Q4,520000.0,,ai-cyberattacks,https://lda.gov/filings/public/filing/7bab65dc-61e4-4b32-bb40-44fbb3d473d1/print/
CENTERPOINT ENERGY,CENTERPOINT ENERGY,2025,Q4,300000.0,"H.R. 1047, H.R. 2613, H.R. 3616, H.R. 3632, H.R. 3638, H.R. 3668",ai-cyberattacks; power-bills,https://lda.gov/filings/public/filing/3e03affc-e673-4329-af1e-6138ede1b7b2/print/
"CASA, INC.","CASA, INC.",2025,Q4,10000.0,,,https://lda.gov/filings/public/filing/bdfad947-450b-4cc6-893e-6982172eca9f/print/
COMPUTER & COMMUNICATIONS INDUSTRY ASSOCIATION,ARENTFOX SCHIFF LLP,2025,Q4,60000.0,"H.R. 3921, S. 1829",,https://lda.gov/filings/public/filing/945951dd-2180-4e46-abdb-ece583329a80/print/
"SERVICENOW, INC.",MARBLE ARCH,2025,Q4,60000.0,,,https://lda.gov/filings/public/filing/2cea31ea-06cc-4575-bc8a-0332aba8f75d/print/
"RADNET, INC.",COZEN O'CONNOR PUBLIC STRATEGIES,2025,Q4,30000.0,,job-loss,https://lda.gov/filings/public/filing/0183aadd-8cc7-431d-a638-771c9ef0ab11/print/
MASS GENERAL BRIGHAM (FORMERLY KNOWN AS PARTNERS HEALTHCARE),MASS GENERAL BRIGHAM (FORMERLY KNOWN AS PARTNERS HEALTHCARE),2025,Q4,466000.0,,,https://lda.gov/filings/public/filing/20a2f387-f8ba-4d75-9bf7-4ab501ec8819/print/
ARM LIMITED,FGS GLOBAL (US) LLC (FKA FGH HOLDINGS LLC),2025,Q4,110000.0,,,https://lda.gov/filings/public/filing/0ea84d9d-3c79-4ea3-af9d-536a797640e6/print/
"LUMEN TECHNOLOGIES, INC.","LUMEN TECHNOLOGIES, INC.",2025,Q4,740000.0,H.R. 2784,ai-cyberattacks; power-bills,https://lda.gov/filings/public/filing/be830448-de2b-4df9-83ca-dc776e03d462/print/
CROWDSTRIKE INC.,FGS GLOBAL (US) LLC (FKA FGH HOLDINGS LLC),2025,Q4,110000.0,,ai-cyberattacks,https://lda.gov/filings/public/filing/cd23fa9b-f48c-4b3d-a9b1-9835b46d5483/print/
ANTI-DEFAMATION LEAGUE,ANTI-DEFAMATION LEAGUE,2025,Q4,270000.0,"H.R. 5681, H.Res. 963, S. 3292",,https://lda.gov/filings/public/filing/09380318-3857-4a0c-a73d-e09422fe9272/print/
HIGHMARK INC,"HIGHMARK, INC.",2025,Q4,170000.0,"H.R. 247, H.R. 5145, H.R. 6501, H.R. 6703, S. 3385, S. 3386, S. 46",kids-chatbots,https://lda.gov/filings/public/filing/9acc15d7-5d06-4639-b5ed-6125b22fdb95/print/
AI HEALTHCARE COALITION,HOGAN LOVELLS CADWALADER US LLP (FKA HOGAN LOVELLS US LLP),2025,Q4,70000.0,,,https://lda.gov/filings/public/filing/9c0c4c66-5ebb-4f1e-a47d-e9288772cb72/print/
GE VERNOVA INTERNATIONAL LLC,GE VERNOVA INTERNATIONAL LLC,2025,Q4,260000.0,,ai-cyberattacks,https://lda.gov/filings/public/filing/aff876bb-e1c1-465e-a1df-099947399f83/print/
PAYPAL,THORN RUN PARTNERS,2025,Q4,50000.0,,,https://lda.gov/filings/public/filing/393ea3c5-aa3a-4647-a0b5-a90b77e978bd/print/
AICPA ASSOCIATION OF INTERNATIONAL CERTIFIED PROFESSIONAL ACCOUNTANTS,AICPA ASSOCIATION OF INTERNATIONAL CERTIFIED PROFESSIONAL ACCOUNTANTS,2025,Q4,1449000.0,,,https://lda.gov/filings/public/filing/0522849f-3bcd-4200-a1bd-f6f3cfef84e6/print/
"HEALTHCARE PRIVACY FORUM, LLC DBA HEALTHCARE TRUST INSTITUTE",AKIN GUMP STRAUSS HAUER & FELD,2025,Q4,60000.0,,ai-cyberattacks,https://lda.gov/filings/public/filing/5a303b0a-0e34-4a82-b1f5-0c45e31dcf26/print/
POPLICUS INCORPORATED D/B/A GOVINI,POPLICUS INCORPORATED D/B/A GOVINI,2025,Q4,100000.0,,china-race,https://lda.gov/filings/public/filing/cd114c69-01dd-4498-b089-40204dcedb41/print/
AMAZON WEB SERVICES,"MINDSET ADVOCACY, LLC",2025,Q4,50000.0,,ai-cyberattacks; power-bills,https://lda.gov/filings/public/filing/460f35df-5561-4723-a812-c11800471fce/print/
SMACK TECHNOLOGIES INC.,AKIN GUMP STRAUSS HAUER & FELD,2025,Q4,50000.0,,,https://lda.gov/filings/public/filing/63a9b71a-fe29-4d72-9c79-c69dcbb12677/print/
AMERICANS FOR RESPONSIBLE INNOVATION,"MINDSET ADVOCACY, LLC",2025,Q4,80000.0,,,https://lda.gov/filings/public/filing/0b1c3890-e922-4b21-bfad-fbe728f27198/print/
COMPETITIVE CARRIERS ASSOCIATION,COMPETITIVE CARRIERS ASSOCIATION,2025,Q4,150000.0,"H.J.Res. 33, H.R. 1, H.R. 1027, H.R. 1343, H.R. 1455, H.R. 1519, H.R. 1579, H.R. 1588, H.R. 1617, H.R. 1618, H.R. 1655, H.R. 1665, H.R. 1681, H.R. 1709, H.R. 1717, H.R. 1731, H.R. 1737, H.R. 1765, H.R. 1766, H.R. 1836, H.R. 1838, H.R. 1870, H.R. 1975, H.R. 1985, H.R. 2037, H.R. 2061, H.R. 2076, H.R. 2171, H.R. 2298, H.R. 2350, H.R. 2399, H.R. 2403, H.R. 2444, H.R. 2449, H.R. 2458, H.R. 2482, H.R. 278, H.R. 2784, H.R. 2817, H.R. 2975, H.R. 3119, H.R. 3125, H.R. 3212, H.R. 3280, H.R. 339, H.R. 3479, H.R. 3577, H.R. 3825, H.R. 3838, H.R. 3960, H.R. 4, H.R. 4032, H.R. 4211, H.R. 4240, H.R. 4503, H.R. 4506, H.R. 4776, H.R. 4950, H.R. 5037, H.R. 5079, H.R. 5147, H.R. 5154, H.R. 5166, H.R. 5200, H.R. 5201, H.R. 5264, H.R. 5266, H.R. 5273, H.R. 5318, H.R. 5358, H.R. 5460, H.R. 5550, H.R. 573, H.R. 5967, H.R. 6067, H.R. 6070, H.R. 6152, H.R. 6163, H.R. 6291, H.R. 6449, H.R. 6503, H.R. 6505, H.R. 651, H.R. 6621, H.R. 6746, H.R. 6920, H.R. 859, H.R. 866, H.R. 906, S. 1003, S. 1025, S. 1071, S. 1137, S. 1617, S. 1618, S. 1651, S. 1962, S. 2049, S. 2296, S. 2354, S. 244, S. 2480, S. 257, S. 2585, S. 259, S. 2610, S. 2615, S. 2666, S. 28, S. 2805, S. 2869, S. 290, S. 2983, S. 3084, S. 3184, S. 3199, S. 3224, S. 323, S. 3259, S. 3268, S. 3290, S. 3354, S. 3370, S. 3404, S. 3546, S. 3565, S. 507, S. 713, S. 725, S. 792, S. 794, S. 836, S. 866, S. 98, S.J.Res. 7",ai-cyberattacks; job-loss; kids-chatbots,https://lda.gov/filings/public/filing/487dfed6-69ed-4f62-8202-fac8080840f5/print/
RELX INC,"BROWNSTEIN HYATT FARBER SCHRECK, LLP",2025,Q4,50000.0,,,https://lda.gov/filings/public/filing/7d31ca05-d717-47a3-8a64-f6e2baf29516/print/
"RIOT PLATFORMS, INC.","RIOT PLATFORMS, INC.",2025,Q4,50000.0,,power-bills,https://lda.gov/filings/public/filing/29b325c6-8d20-47e4-a135-2373d21e0ca9/print/
"MOTOROLA SOLUTIONS, INC.","CROSSROADS STRATEGIES, LLC",2025,Q4,60000.0,"H.R. 1, H.R. 4016, H.R. 4213, S. 2572",,https://lda.gov/filings/public/filing/2cc9495a-4ddb-4011-80d7-a01eacb74322/print/
ADOBE SYSTEMS INCORPORATED,HETTINGER STRATEGY GROUP LLC,2025,Q4,20000.0,,,https://lda.gov/filings/public/filing/b1fd7a9a-692a-407a-8c59-a31cfb3afd10/print/
QLIK TECHNOLOGIES INC.,HETTINGER STRATEGY GROUP LLC,2025,Q4,20000.0,,,https://lda.gov/filings/public/filing/5f80669c-23a1-466d-bebf-41b6018fe5db/print/
"RED HAT, INC.",HETTINGER STRATEGY GROUP LLC,2025,Q4,20000.0,,,https://lda.gov/filings/public/filing/f208a350-108f-4d66-886b-024cb54f9a2e/print/
"SIEMENS HEALTHINEERS (FKA VARIAN MEDICAL SYSTEMS, INC.)",AKIN GUMP STRAUSS HAUER & FELD,2025,Q4,60000.0,"H.R. 6197, S. 1399",,https://lda.gov/filings/public/filing/c263b52f-db9e-4bd3-abca-bc10e94bf4be/print/
"DROPBOX, INC.",AKIN GUMP STRAUSS HAUER & FELD,2025,Q4,60000.0,,,https://lda.gov/filings/public/filing/4dcfde7f-ff31-447a-bddc-ff3d5e7ce44e/print/
QUALTRICS LLC,HETTINGER STRATEGY GROUP LLC,2025,Q4,30000.0,,,https://lda.gov/filings/public/filing/bb998a95-7d91-4867-ae7e-13dcffa678f8/print/
GE HEALTHCARE TECHNOLOGIES INC.,GE HEALTHCARE TECHNOLOGIES INC.,2025,Q4,380000.0,"H.R. 3037, H.R. 3838, H.R. 4121, H.R. 5304, H.R. 6182, H.R. 6197, S. 1399, S. 1410, S. 1500, S. 2256, S. 2296, S. 2587",ai-cyberattacks; job-loss,https://lda.gov/filings/public/filing/cceb7aad-015b-4daf-9efe-f51c18522f0b/print/
"MERCARI, INC.","MERCARI, INC.",2025,Q4,150000.0,,,https://lda.gov/filings/public/filing/fbf8f473-5e00-46ed-9865-a3694ae7a8ca/print/
IAC INC. (FORMERLY IAC/INTERACTIVECORP),IAC INC. (FORMERLY IAC/INTERACTIVECORP),2025,Q4,160000.0,,,https://lda.gov/filings/public/filing/b52d0e10-e200-4e08-a51c-b61f695edf39/print/
ALLSTATE INSURANCE COMPANY,ALLSTATE INSURANCE COMPANY,2025,Q4,670000.0,"H.R. 4954, H.R. 6291, S. 2495, S. 836",kids-chatbots,https://lda.gov/filings/public/filing/2b9a1c0d-dec6-4789-92ce-81cc27d6fd2a/print/
MICROSOFT CORPORATION,AKIN GUMP STRAUSS HAUER & FELD,2025,Q4,50000.0,,,https://lda.gov/filings/public/filing/8dce73c6-f0b3-472d-bd49-1fd94e95206a/print/
"OPENAI OPCO, LLC",AKIN GUMP STRAUSS HAUER & FELD,2025,Q4,80000.0,,,https://lda.gov/filings/public/filing/68344856-c86f-4b76-89a3-4990bfaea288/print/
RELX INC,VENABLE LLP,2025,Q4,60000.0,,,https://lda.gov/filings/public/filing/610ab2ec-06d2-4bbb-aa88-7ba068e6a7e9/print/
PRINCE WILLIAM SOUND REGIONAL CITIZENS ADVISORY COUNCIL,BLANK ROME GOVERNMENT RELATIONS,2025,Q4,10000.0,"H.R. 4275, S. 1071, S. 524",,https://lda.gov/filings/public/filing/c7b0be6f-8ef4-463b-a4f9-b7392bc11539/print/
"ZILLOW GROUP, INC.","ZILLOW GROUP, INC.",2025,Q4,300000.0,,,https://lda.gov/filings/public/filing/1e75bc94-5170-4574-ad96-f6066c6f6c53/print/
"SALESFORCE.COM, INC",AKIN GUMP STRAUSS HAUER & FELD,2025,Q4,60000.0,,,https://lda.gov/filings/public/filing/ba95a747-42e0-4a64-a2ac-483f0dcdeab3/print/
"SAMSUNG SEMICONDUCTOR, INC.","CORNERSTONE GOVERNMENT AFFAIRS, INC.",2025,Q4,80000.0,,ai-cyberattacks,https://lda.gov/filings/public/filing/6991699f-959c-4179-b95f-234d5c344299/print/
"SB GROUP US, INC. DBA SOFTBANK GROUP US, INC.","SB GROUP US, INC. DBA SOFTBANK GROUP US, INC.",2025,Q4,550000.0,,,https://lda.gov/filings/public/filing/fd2cbe5f-da7c-4fc4-b175-8d6de03e3906/print/
"ATHENAHEALTH, INC.","ATHENAHEALTH, INC.",2025,Q4,50000.0,"H.R. 2263, H.R. 6160",,https://lda.gov/filings/public/filing/e0589f3f-6594-4ac1-920d-77171d20d1d7/print/
"QVC GROUP, INC.","QVC GROUP, INC.",2025,Q4,200000.0,,,https://lda.gov/filings/public/filing/b0c61919-736c-47c8-a228-764b63e6a736/print/
"SYNOPSYS, INC.","SYNOPSYS, INC.",2025,Q4,290000.0,,,https://lda.gov/filings/public/filing/20dc5199-9d11-4307-8c5d-5ce5043cec00/print/
PROFESSIONAL AIRLINE FLIGHT CONTROL ASSOCIATION,LANDMARK CONSULTING SOLUTIONS,2025,Q4,15000.0,,,https://lda.gov/filings/public/filing/a24f66d0-d2b1-4bdf-b222-7a041b003694/print/
POWER & COMMUNICATION CONTRACTORS ASSOCIATION,"GOVERNMENT AFFAIRS SOLUTIONS, LLC",2025,Q4,50000.0,"H.R. 1047, H.R. 3015, H.R. 3062, H.R. 3668, H.R. 3898, H.R. 4776, H.R. 5301, H.R. 573, S. 1355, S. 2975",power-bills,https://lda.gov/filings/public/filing/114d74d5-7487-4648-9688-8366e194a638/print/
GULF SOUTH BUSINESS ROUNDTABLE,"ALPINE GROUP PARTNERS, LLC.",2025,Q4,80000.0,,power-bills,https://lda.gov/filings/public/filing/6507f50c-83cc-4f57-aca6-4a7b4a885d02/print/
NATIONAL APARTMENT ASSOCIATION,NATIONAL APARTMENT ASSOCIATION,2025,Q4,700000.0,"H.R. 1078, H.R. 6644, S. 1299, S. 1527, S. 2361, S. 2363, S. 2441, S. 2651, S. 470, S. 890, S. 948",bias; bioweapons; job-loss,https://lda.gov/filings/public/filing/6c7f015b-ecc5-4741-891d-7664943d4cc4/print/
BLUE CROSS AND BLUE SHIELD ASSOCIATION,BLUE CROSS AND BLUE SHIELD ASSOCIATION,2025,Q4,1440000.0,"H.R. 1197, H.R. 1909, H.R. 2079, H.R. 247, H.R. 2483, H.R. 2493, H.R. 2509, H.R. 2528, H.R. 2571, H.R. 3120, H.R. 3237, H.R. 3277, H.R. 3302, H.R. 3417, H.R. 3419, H.R. 3593, H.R. 3841, H.R. 4262, H.R. 4710, H.R. 5378, H.R. 5463, H.R. 5972, H.R. 6232, H.R. 6703, S. 1451, S. 1677, S. 1851, S. 1874, S. 2121, S. 2301, S. 2355, S. 2420, S. 2497, S. 2903, S. 46, S. 5535, S. 931, S. 958, S. 976",ai-cyberattacks; job-loss,https://lda.gov/filings/public/filing/8d8898cd-ed63-419e-9bed-63bdfa04c3cb/print/
BOOKING HOLDINGS INC.,BOOKING HOLDINGS INC.,2025,Q4,360000.0,,,https://lda.gov/filings/public/filing/66248a12-ddce-48f8-a52f-9a3c9217204b/print/
"ACCENTURE, LLP",MONUMENT ADVOCACY,2025,Q4,50000.0,,ai-cyberattacks,https://lda.gov/filings/public/filing/5f741931-2eed-4ddf-962a-ba07a75a0879/print/
SIEMENS CORPORATION,SIEMENS CORPORATION,2025,Q4,970000.0,,job-loss; power-bills,https://lda.gov/filings/public/filing/1287af4a-92c4-4fec-92e0-72c43ff5b0cb/print/
TAIWAN SEMICONDUCTOR MANUFACTURING COMPANY (TSMC),TAIWAN SEMICONDUCTOR MANUFACTURING COMPANY (TSMC),2025,Q4,570000.0,"H.R. 3447, H.R. 4346, H.R. 5885, S. 1705, S. 2296, S. 3150",china-race,https://lda.gov/filings/public/filing/142e1f7b-05d0-4607-a79f-f6ab3013a5f7/print/
SIEMENS CORPORATION,"ALPINE GROUP PARTNERS, LLC.",2025,Q4,50000.0,,,https://lda.gov/filings/public/filing/d3547bb4-19c1-420b-8c72-8d3d2749a63d/print/
TOYOTA,H&M STRATEGIES LLP,2025,Q4,60000.0,,,https://lda.gov/filings/public/filing/19415f1a-5afb-47bf-bb89-2a4d30c2d3e7/print/
"META PLATFORMS, INC.","MINDSET ADVOCACY, LLC",2025,Q4,50000.0,,ai-cyberattacks; deepfakes; kids-chatbots,https://lda.gov/filings/public/filing/f62e666a-c95a-42ee-a293-2cd35933b8c2/print/
MICROSOFT,TRACTION STRATEGIC,2025,Q4,22500.0,,,https://lda.gov/filings/public/filing/32e846b6-e26e-43b4-8fbe-7e854f18de13/print/
STUDY FETCH,"LSN PARTNERS, LLC",2025,Q4,20000.0,,,https://lda.gov/filings/public/filing/a514d21a-d968-43a5-b912-e1f34ffce9ae/print/
DUCKDUCKGO,"THE JOSEPH GROUP, LLC",2025,Q4,30000.0,,,https://lda.gov/filings/public/filing/476e45ef-8f6e-4c90-ad38-acde251dd84c/print/
BOOZ ALLEN HAMILTON INC.,MONUMENT ADVOCACY,2025,Q4,30000.0,,ai-cyberattacks,https://lda.gov/filings/public/filing/707696d1-965d-4463-be84-8e2df5977c52/print/
"PINDROP SECURITY, INC.",DLA PIPER LLP (US),2025,Q4,80000.0,,deepfakes,https://lda.gov/filings/public/filing/b480abae-1bc6-4b82-9a3a-d5c8b16e7328/print/
AECOM,FIERCE GOVERNMENT RELATIONS,2025,Q4,40000.0,,power-bills,https://lda.gov/filings/public/filing/38693cee-542f-4254-b055-3ca1b2e02da0/print/
GOOGLE CLIENT SERVICES LLC,"THE SIMMONS & RUSSELL GROUP, LLC",2025,Q4,50000.0,H.R. 1,ai-cyberattacks,https://lda.gov/filings/public/filing/f9d0fe60-1381-45c7-9cb5-34e01711fbd8/print/
MICROSOFT CORPORATION,PENN HILL GROUP,2025,Q4,80000.0,,job-loss,https://lda.gov/filings/public/filing/0f1cfb5d-663f-4af2-b8d1-45e8d66eb2ac/print/
"X, INC. F/K/A TWITTER, INC.","THE JOSEPH GROUP, LLC",2025,Q4,30000.0,,,https://lda.gov/filings/public/filing/cff39670-259d-4ab7-b692-fd2879a9bd26/print/
"AVATHON, INC.",DLA PIPER LLP (US),2025,Q4,80000.0,"H.R. 4016, S. 2572",,https://lda.gov/filings/public/filing/47f4d747-3fb2-4133-8f54-a9d7cf390d61/print/
Y COMBINATOR,"THE JOSEPH GROUP, LLC",2025,Q4,45000.0,,,https://lda.gov/filings/public/filing/b155683a-7814-4d2f-aec0-30067f0a80fa/print/
"AEROVIRONMENT, INC.",DLA PIPER LLP (US),2025,Q4,60000.0,"H.R. 3838, H.R. 4016, S. 2296, S. 2572",ai-cyberattacks,https://lda.gov/filings/public/filing/6f1b4514-c039-478f-8025-da6a422af697/print/
NODA AI INC.,DLA PIPER LLP (US),2025,Q4,40000.0,,china-race,https://lda.gov/filings/public/filing/0ddc0e6c-ce95-4665-98a1-91be46f49721/print/
"TERADYNE, INC.",DLA PIPER LLP (US),2025,Q4,40000.0,"H.R. 4016, S. 2572",,https://lda.gov/filings/public/filing/10d5fa04-6232-4c72-b39b-f17b3ba66091/print/
TRINE UNIVERSITY,DLA PIPER LLP (US),2025,Q4,60000.0,"H.R. 4016, S. 2572",,https://lda.gov/filings/public/filing/defa86a9-1929-4504-8e98-6c8cd170ec32/print/
ISACA,IMPERIUM GLOBAL ADVISORS,2025,Q4,55000.0,,ai-cyberattacks,https://lda.gov/filings/public/filing/16e50612-7a28-444c-821b-c6231efe4f39/print/
ANTHROPIC,FIERCE GOVERNMENT RELATIONS,2025,Q4,40000.0,"S. 1071, S. 3150",china-race; job-loss,https://lda.gov/filings/public/filing/b0e6f976-3cb6-499d-885e-9ae42150c81e/print/
"SAP AMERICA, INC.",GEOFFREY P. GRAY,2025,Q4,50000.0,,ai-cyberattacks,https://lda.gov/filings/public/filing/b6669d56-282b-4b5d-9abc-7956c69ba043/print/
WALKME,IMPERIUM GLOBAL ADVISORS,2025,Q4,25000.0,,,https://lda.gov/filings/public/filing/6a252eaa-8856-47a6-80e8-22a49a933de4/print/
CLEAN ENERGY BUYERS ASSOCIATION (FORMERLY RENEWABLE ENERGY BUYERS ALLIANCE),CLEAN ENERGY BUYERS ASSOCIATION (FORMERLY RENEWABLE ENERGY BUYERS ALLIANCE),2025,Q4,300000.0,"H.R. 1047, H.R. 1077, H.R. 1687, H.R. 1698, H.R. 1994, H.R. 2072, H.R. 2301, H.R. 2703, H.R. 2813, H.R. 2986, H.R. 301, H.R. 3638, H.R. 3751, H.R. 4503, H.R. 4776, H.R. 522, H.R. 5441, H.R. 5576, H.R. 5587, H.R. 5600, H.R. 5631, H.R. 5639, H.R. 573, H.R. 5964, H.R. 603, H.R. 6176, H.R. 6287, H.R. 6336, H.R. 6357, H.R. 6529, H.R. 6633, H.R. 6709, H.R. 6805, S. 1020, S. 1183, S. 3016, S. 3088, S. 3287, S. 456, S. 896",power-bills,https://lda.gov/filings/public/filing/05692fe8-b5fc-4ae6-88a2-7d34e912fd27/print/
BROADCOM INC,BROADCOM INC.,2025,Q4,400000.0,,ai-cyberattacks,https://lda.gov/filings/public/filing/201c9d2e-d72a-46aa-8037-6be892a3d49d/print/
APPLE INC.,FIERCE GOVERNMENT RELATIONS,2025,Q4,90000.0,"H.R. 3149, H.R. 3209, S. 1748, S. 2153",ai-cyberattacks; kids-chatbots,https://lda.gov/filings/public/filing/48f61b26-3dea-4b90-84b2-1553c6cc044c/print/
NATIONAL SMALL BUSINESS ASSOCIATION,NATIONAL SMALL BUSINESS ASSOCIATION,2025,Q4,30000.0,"H.R. 1, H.R. 1163, H.R. 1804, H.R. 1816, H.R. 1968, H.R. 2513, H.R. 2804, H.R. 2966, H.R. 3169, H.R. 425, H.R. 4366, H.R. 5100, H.R. 5371, H.R. 6453, H.R. 6855, H.R. 703, H.R. 736, H.R. 754, H.R. 788, H.R. 789, H.R. 804, H.R. 818, H.R. 825, H.R. 828, H.R. 832, H.R. 872, H.R. 919, S. 100, S. 1210, S. 1211, S. 1978, S. 202, S. 213, S. 2777, S. 305, S. 495, S. 505",ai-cyberattacks; job-loss; kids-chatbots,https://lda.gov/filings/public/filing/fdd7c9ef-6184-4f67-92b1-03e7becf92f8/print/
"CORE SCIENTIFIC, INC.",BGR GOVERNMENT AFFAIRS,2025,Q4,80000.0,,,https://lda.gov/filings/public/filing/de5c6a8c-b100-41a9-92e1-3fd96576f47c/print/
EDGECONNEX,MONUMENT ADVOCACY,2025,Q4,90000.0,,power-bills,https://lda.gov/filings/public/filing/9c61ea77-c42a-4dc9-9d94-2f467bc8a9e1/print/
VERIZON COMMUNICATIONS INC,"MINDSET ADVOCACY, LLC",2025,Q4,30000.0,,ai-cyberattacks; china-race,https://lda.gov/filings/public/filing/29341d34-b6f0-475c-9428-bdab32c8b6ed/print/
"OMIDYAR NETWORK SERVICES, LLC.","ALPINE GROUP PARTNERS, LLC.",2025,Q4,60000.0,,,https://lda.gov/filings/public/filing/de41c45c-cdbe-437b-9294-97959661e220/print/
RANCHO CORDOVA CA,"COVINO SMITH & SIMON, INC. (FORMERLY SIMON AND COMPANY, INC.)",2025,Q4,10800.0,,job-loss,https://lda.gov/filings/public/filing/32c7369e-5152-46c8-92ef-ea4800c939bf/print/
BUSINESS ROUNDTABLE,FIERCE GOVERNMENT RELATIONS,2025,Q4,60000.0,,,https://lda.gov/filings/public/filing/6bdface0-f727-46a9-af02-e44528d397a0/print/
"CISCO SYSTEMS, INC",FIERCE GOVERNMENT RELATIONS,2025,Q4,60000.0,"H.R. 3838, H.R. 5078, S. 4651, S. 5618",,https://lda.gov/filings/public/filing/b5ae390f-8eac-4f4d-8c10-7da53c6daeb9/print/
THE WALT DISNEY CORPORATION,ALPINE ADVISORS,2025,Q4,50000.0,,,https://lda.gov/filings/public/filing/9f0463f9-b9da-4b57-a611-9a62f645eef5/print/
APPLE INC.,INVARIANT LLC,2025,Q4,180000.0,,,https://lda.gov/filings/public/filing/0c284834-e0f8-4607-9bae-b57821fd0170/print/
AMERICAN ASSOCIATION FOR JUSTICE,AMERICAN ASSOCIATION FOR JUSTICE,2025,Q4,1770000.0,"H.R. 1941, H.R. 2481, H.R. 2794, H.R. 3149, H.R. 3921, H.R. 5511, H.R. 6149, H.R. 6253, H.R. 6257, H.R. 6265, H.R. 6273, H.R. 6291, H.R. 633, H.R. 6333, H.R. 6484, H.R. 6488, H.R. 6489, S. 1291, S. 1367, S. 146, S. 1748, S. 1829, S. 278, S. 281, S. 2937, S. 3023, S. 3062, S. 3546, S. 836, S. 841",bias; deepfakes; kids-chatbots,https://lda.gov/filings/public/filing/30d5029e-9413-413a-93f8-4db5252cf69d/print/
PORTLAND GENERAL ELECTRIC,PORTLAND GENERAL ELECTRIC,2025,Q4,240000.0,"H.R. 1047, H.R. 1355, H.R. 3015, H.R. 3062, H.R. 3157, H.R. 3616, H.R. 3617, H.R. 3628, H.R. 3632, H.R. 3638, H.R. 3657, H.R. 3843, H.R. 4503, H.R. 5600",ai-cyberattacks; power-bills,https://lda.gov/filings/public/filing/fe38ccf4-8659-4e82-a65e-f6345a73fc80/print/
CONSTELLATION,ALPINE ADVISORS,2025,Q4,60000.0,,power-bills,https://lda.gov/filings/public/filing/7ad2f375-212b-44dc-9034-2bee2f1fb245/print/
MASSACHUSETTS MUTUAL LIFE INSURANCE COMPANY (MASSMUTUAL FINANCIAL GROUP),BGR GOVERNMENT AFFAIRS,2025,Q4,40000.0,H.R. 1,ai-cyberattacks,https://lda.gov/filings/public/filing/f050e742-0939-4cd3-a1aa-c4ee4473b6d0/print/
FOUNDATION FOR ADVANCING ALCOHOL RESPONSIBILITY (FKA THE CENTURY COUNCIL),THE FOUNDATION FOR ADVANCING ALCOHOL RESPONSIBILITY (FKA THE CENTURY COUNCIL),2025,Q4,113300.0,"H.R. 1137, H.R. 4552, H.R. 6704, S. 2465",job-loss; loss-of-control,https://lda.gov/filings/public/filing/582a308f-77ef-4629-ba18-f53e3a67dd3e/print/
"ARQAIOS, INC.",ARENTFOX SCHIFF LLP,2025,Q4,10000.0,,,https://lda.gov/filings/public/filing/061a4c42-097d-46fe-8b85-13bec0bdd9e0/print/
PHARMACEUTICAL RESEARCH AND MANUFACTURERS OF AMERICA,PHARMACEUTICAL RESEARCH AND MANUFACTURERS OF AMERICA,2025,Q4,8410000.0,"H.R. 1, H.R. 1262, H.R. 1492, H.R. 2214, H.R. 4317, H.R. 5256, H.R. 6423, H.R. 946, S. 1414, S. 1954, S. 2296, S. 2658, S. 2710, S. 3345, S. 355, S. 5459, S. 652, S. 832, S. 864, S. 891, S. 932",kids-chatbots,https://lda.gov/filings/public/filing/7b3aeb18-d5fc-4d57-8b7f-3fd1543aefaa/print/
BLUE CROSS AND BLUE SHIELD OF FLORIDA INC,"BLUE CROSS AND BLUE SHIELD OF FLORIDA, INC.",2025,Q4,90000.0,"H.R. 1197, H.R. 1909, H.R. 2079, H.R. 247, H.R. 2483, H.R. 2493, H.R. 2509, H.R. 2528, H.R. 2571, H.R. 3120, H.R. 3237, H.R. 3277, H.R. 3302, H.R. 3417, H.R. 3419, H.R. 3593, H.R. 3841, H.R. 4262, H.R. 4710, H.R. 5378, H.R. 5463, H.R. 5972, H.R. 6232, H.R. 6703, S. 1451, S. 1677, S. 1851, S. 1874, S. 2121, S. 2301, S. 2355, S. 2420, S. 2497, S. 2903, S. 46, S. 5535, S. 931, S. 958, S. 976",ai-cyberattacks; job-loss,https://lda.gov/filings/public/filing/740b2b8c-812c-4a2c-ac0f-420ca12febdd/print/
SMALL BUSINESS & ENTREPRENEURSHIP COUNCIL (SBE COUNCIL),SMALL BUSINESS & ENTREPRENEURSHIP COUNCIL (SBE COUNCIL),2025,Q4,30000.0,"H.R. 1319, H.R. 1320, H.R. 1574, H.R. 2036, H.R. 2262, H.R. 2270, H.R. 2299, H.R. 2572, H.R. 2870, H.R. 2918, H.R. 2965, H.R. 2972, H.R. 3174, H.R. 3383, H.R. 3898, H.R. 421, H.R. 4305, H.R. 4776, H.R. 4896, H.R. 5346, H.R. 5349, H.R. 5763, H.R. 5764, H.R. 6231, H.R. 6431, H.R. 6495, H.R. 6506, H.R. 6703, S. 2074, S. 2267, S. 2613, S. 3265, S. 708, S. 844, S. 925",bias; china-race; job-loss; kids-chatbots,https://lda.gov/filings/public/filing/bac8c9aa-3f3a-43fb-a303-39e3c1e712c1/print/
HEWLETT PACKARD ENTERPRISE COMPANY & AFFILIATES,HEWLETT PACKARD ENTERPRISE COMPANY,2025,Q4,850000.0,"H.R. 1118, H.R. 2385, H.R. 3838, H.R. 856, S. 2296",loss-of-control,https://lda.gov/filings/public/filing/b4032d7d-fe58-43b7-844f-fa74180a2655/print/
"ADVANCED MICRO DEVICES, INC.","MEHLMAN CONSULTING, INC.",2025,Q4,80000.0,"H.R. 3447, S. 1705",,https://lda.gov/filings/public/filing/ff6b113a-20dc-462d-970f-d08aa596788a/print/
ALLIANCE DEFENDING FREEDOM,ALLIANCE DEFENDING FREEDOM,2025,Q4,20000.0,"H.R. 2657, H.R. 2896, H.R. 3149, H.R. 3492, H.R. 5483, H.R. 6253, H.R. 6257, H.R. 6273, H.R. 6291, H.R. 6292, H.R. 6333, H.R. 6372, H.R. 6484, H.R. 6489, H.R. 650, S. 1428, S. 204, S. 3238",bias; kids-chatbots; loss-of-control,https://lda.gov/filings/public/filing/8fb6f915-eeb0-4401-88c2-f8f4f7081a27/print/
"PEPSICO, INC.",MONUMENT ADVOCACY,2025,Q4,120000.0,,,https://lda.gov/filings/public/filing/60296fab-de99-4c7e-9367-d7f71bbc9e88/print/
"WORLDQUANT, LLC",BGR GOVERNMENT AFFAIRS,2025,Q4,60000.0,,,https://lda.gov/filings/public/filing/58d740d6-0795-413d-993a-8975d2417573/print/
LENOVO (UNITED STATES) INC.,LENOVO (UNITED STATES) INC.,2025,Q4,420000.0,"H.R. 3838, H.R. 3944, H.R. 5078, H.R. 5079, H.R. 5371, S. 1337, S. 2296, S. 259, S. 2750, S. 2937, S. 2938, S. 2983",ai-cyberattacks; china-race,https://lda.gov/filings/public/filing/4e337054-4657-48fb-9f45-38340b575f4a/print/
AFL-CIO,AFL-CIO,2025,Q4,760000.0,"H.R. 1076, H.R. 4128, H.R. 4576, H.R. 4640, H.R. 4966, H.R. 5878, H.R. 6356, H.R. 6371, H.R. 6621, S. 1536, S. 1541, S. 1748, S. 2296, S. 2321, S. 2750",bias; job-loss; kids-chatbots,https://lda.gov/filings/public/filing/dd83832a-ce15-4ebe-9521-cd8d2e6f3538/print/
CDW CORPORATION,"MEHLMAN CONSULTING, INC.",2025,Q4,60000.0,,,https://lda.gov/filings/public/filing/ec283b38-3a12-48f5-b0da-93bbf5a9afda/print/
PAYPAL INC,"PAYPAL, INC.",2025,Q4,567000.0,H.R. 3633,,https://lda.gov/filings/public/filing/0b8a9fce-616f-4e6c-b12a-902a73035783/print/
ZURICH AMERICAN INSURANCE COMPANY,ZURICH AMERICAN INSURANCE COMPANY,2025,Q4,510000.0,"H.R. 1285, H.R. 643, S. 570",ai-cyberattacks; deepfakes,https://lda.gov/filings/public/filing/98889cf1-1eb7-4edb-aa32-aac6d8298168/print/
ALLIANCE FOR AUTOMOTIVE INNOVATION,ALLIANCE FOR AUTOMOTIVE INNOVATION,2025,Q4,1253703.0,"H.J.Res. 88, H.R. 2110, H.R. 4948, H.R. 5221, S. 161, S. 2653, S. 315",ai-cyberattacks; china-race,https://lda.gov/filings/public/filing/575fff29-c0a1-4aee-99b0-b614b98c10ca/print/
CALIFORNIA STATE UNIVERSITY,CALIFORNIA STATE UNIVERSITY,2025,Q4,30000.0,S. 1071,ai-cyberattacks; china-race; job-loss; kids-chatbots,https://lda.gov/filings/public/filing/97cc499e-10f0-475e-ae3c-bea40f18ad72/print/
THE NORTHWESTERN MUTUAL LIFE INSURANCE COMPANY,TIBER CREEK GROUP,2025,Q4,50000.0,,,https://lda.gov/filings/public/filing/4f9e30df-fc00-46d6-b992-6afc7e69073f/print/
TRELLIX (FORMERLY MUSARUBA US LLC),TRELLIX (FORMERLY MUSARUBA US LLC),2025,Q4,180000.0,,ai-cyberattacks,https://lda.gov/filings/public/filing/b26462a4-1763-4ccc-a9cb-13dd0098f981/print/
NVIDIA CORPORATION,BGR GOVERNMENT AFFAIRS,2025,Q4,120000.0,,,https://lda.gov/filings/public/filing/de2c1c2c-c7df-407f-951f-b602011fdc7f/print/
"ANTHROPIC, PBC","KOUNTOUPES DENHAM CARR & REID, LLC",2025,Q4,10000.0,,,https://lda.gov/filings/public/filing/a23d864d-a595-48b3-af91-50843bce1a6a/print/
BIPARTISAN POLICY CENTER ACTION,BIPARTISAN POLICY CENTER ACTION,2025,Q4,850000.0,,,https://lda.gov/filings/public/filing/457509d0-cf84-4115-b7d4-917fcbb16d61/print/
PHILIPS HOLDING USA INC.,"PHILIPS HOLDING USA, INC.",2025,Q4,650000.0,,ai-cyberattacks,https://lda.gov/filings/public/filing/311bff83-4ba0-4500-a032-a1049428e6f1/print/
EDISON ELECTRIC INSTITUTE,"MEHLMAN CONSULTING, INC.",2025,Q4,60000.0,,job-loss,https://lda.gov/filings/public/filing/6a17692d-006a-4996-ad22-6648314a54c3/print/
U.S. CHAMBER OF COMMERCE,FULCRUM PUBLIC AFFAIRS LLC,2025,Q4,50000.0,,,https://lda.gov/filings/public/filing/f4b82138-3078-4c99-a5cb-fe53a1ef3ae3/print/
C3.AI,C3.AI,2025,Q4,205000.0,"H.R. 3838, H.R. 4016, S. 2296, S. 2572",,https://lda.gov/filings/public/filing/43bfcef1-12e4-436e-9896-52c2f0218081/print/
GREATER NEW YORK HOSPITAL ASSOCIATION,GREATER NEW YORK HOSPITAL ASSOCIATION,2025,Q4,550000.0,"H.R. 1, H.R. 3178, H.R. 4875, H.R. 4942, H.R. 6980, H.R. 8702, S. 1600, S. 1929, S. 2719, S. 4532, S. 665",job-loss,https://lda.gov/filings/public/filing/d0131dd9-d7d2-4631-b734-a15f58396bf5/print/
"ADVOCATE HEALTH (FKA ADVOCATE AURORA HEALTH, INC.)","ADVOCATE HEALTH (FKA ADVOCATE AURORA HEALTH, INC.)",2025,Q4,400000.0,,ai-cyberattacks; job-loss,https://lda.gov/filings/public/filing/5936c4ea-44f5-4f1b-9cbc-25eabb1eabc6/print/
MAYO CLINIC,MAYO CLINIC,2025,Q4,270000.0,,,https://lda.gov/filings/public/filing/95c2345d-8c99-48d3-8153-3daa8cb5b632/print/
BANK OF AMERICA CORPORATION,BANK OF AMERICA CORPORATION,2025,Q4,280000.0,H.R. 5079,ai-cyberattacks,https://lda.gov/filings/public/filing/95cbcccd-18e2-441c-a558-207ec16ff8c1/print/
"NOTARIZE, INC. DBA PROOF.COM","MEHLMAN CONSULTING, INC.",2025,Q4,50000.0,"H.R. 1777, H.R. 3633, S. 1561",,https://lda.gov/filings/public/filing/0ffeb661-c6a7-4df6-9deb-71ed17072d91/print/
WAKE FOREST BAPTIST MEDICAL CENTER AFFILIATE OF ADVOCATE HEALTH,WAKE FOREST BAPTIST MEDICAL CENTER AFFILIATE OF ADVOCATE HEALTH,2025,Q4,20000.0,,ai-cyberattacks; job-loss,https://lda.gov/filings/public/filing/56cb0db1-c86d-42b8-ada2-aaac8adcca69/print/
ERNST & YOUNG LLP (WASHINGTON COUNCIL ERNST & YOUNG),ERNST & YOUNG LLP (WASHINGTON COUNCIL ERNST & YOUNG),2025,Q4,540000.0,"H.R. 2911, S. 1582",,https://lda.gov/filings/public/filing/72e035eb-bd5a-41b5-b7d6-515bb6f1b81a/print/
NEWS CORPORATION,"RESOLUTION PUBLIC AFFAIRS, LLC",2025,Q4,50000.0,,,https://lda.gov/filings/public/filing/2500ef5c-0768-47f7-b6f1-55dfd7069c4c/print/
DIGITAL CURRENCY GROUP,BGR GOVERNMENT AFFAIRS,2025,Q4,60000.0,,,https://lda.gov/filings/public/filing/09ce51be-22dc-41d8-bd0b-16502d023593/print/
HALEON US HOLDINGS LLC,HALEON US HOLDINGS LLC,2025,Q4,210000.0,,,https://lda.gov/filings/public/filing/6bcc94e9-5911-466a-a337-4d2413c0fc93/print/
IPROOV INC.,MONUMENT ADVOCACY,2025,Q4,50000.0,,deepfakes,https://lda.gov/filings/public/filing/b18e4769-44ab-4154-8655-d7f34a3bc316/print/
COLUMBIA UNIVERSITY,VAN SCOYOC ASSOCIATES,2025,Q4,50000.0,,,https://lda.gov/filings/public/filing/bcce413e-d3a2-40ad-8140-a122375f1879/print/
EPIC SYSTEMS CORPORATION,"MEHLMAN CONSULTING, INC.",2025,Q4,60000.0,,,https://lda.gov/filings/public/filing/cd5ad38c-8b5b-4103-a582-2ed14c6e53f8/print/
BSA THE SOFTWARE ALLIANCE (FORMERLY BSA BUSINESS SOFTWARE ALLIANCE INC),"CGCN GROUP, LLC",2025,Q4,30000.0,"H.R. 1000, H.R. 2385, H.R. 2417, H.R. 2765, H.R. 3220, H.R. 3788, H.R. 3838, H.R. 3961, H.R. 4142, H.R. 4942, H.R. 633, S. 1337, S. 1344, S. 1362, S. 146, S. 1746, S. 1748, S. 1792, S. 2081, S. 2558, S. 2750, S. 3150, S. 836",ai-cyberattacks; china-race; kids-chatbots,https://lda.gov/filings/public/filing/4ef7044e-36f9-47bb-96a2-d6e9185b6e74/print/
NEBIUS GROUP N.V.,BGR GOVERNMENT AFFAIRS,2025,Q4,200000.0,,power-bills,https://lda.gov/filings/public/filing/6e081262-7aa3-4a7a-be99-1f569cd0875f/print/
"C3.AI, INC.","CGCN GROUP, LLC",2025,Q4,80000.0,"H.R. 4016, S. 2572",,https://lda.gov/filings/public/filing/c131bcb3-4625-4a0b-8956-eaf2b8aff0fe/print/
ATLASSIAN,MONUMENT ADVOCACY,2025,Q4,10000.0,,,https://lda.gov/filings/public/filing/e2db88d2-0a73-47af-a015-5b29af8fbb32/print/
ECOLAB INC,ECOLAB INC.,2025,Q4,420000.0,,power-bills,https://lda.gov/filings/public/filing/6fbbd41e-2ce2-4480-abf7-9fa266092c86/print/
CMS ENERGY CORP,CMS ENERGY CORP,2025,Q4,200000.0,"H.R. 1047, H.R. 1355, H.R. 3015, H.R. 3062, H.R. 3157, H.R. 3616, H.R. 3617, H.R. 3628, H.R. 3632, H.R. 3638, H.R. 3657, H.R. 3668, H.R. 3699, H.R. 3843, H.R. 3898, H.R. 4503, H.R. 4626, H.R. 4690, H.R. 5600, H.R. 6264, S. 914",ai-cyberattacks; power-bills,https://lda.gov/filings/public/filing/a931ad8f-a68c-448e-8e9e-a683ae449565/print/
NEVADA SYSTEM OF HIGHER EDUCATION,VAN SCOYOC ASSOCIATES,2025,Q4,60000.0,,,https://lda.gov/filings/public/filing/47faa558-1229-47e1-8f9a-90b498571a5f/print/
"YAHOO INC, AND VAR. SUBS/AFFILIATES (FKA COLLEGE PARENT, L.P. DBA ""YAHOO"")",H&M STRATEGIES LLP,2025,Q4,60000.0,,kids-chatbots,https://lda.gov/filings/public/filing/6b407654-aba5-462b-b01e-873de024b9e7/print/
MASTERCARD WORLDWIDE,MASTERCARD WORLDWIDE,2025,Q4,1250000.0,,,https://lda.gov/filings/public/filing/85e82d3f-5bb8-45bb-b7a1-6f3038367c28/print/
IOWA STATE UNIVERSITY,IOWA STATE UNIVERSITY,2025,Q4,27300.0,,ai-cyberattacks; job-loss,https://lda.gov/filings/public/filing/6faed1b4-3bc2-4e25-a164-a390d831c98f/print/
STATE SCIENCE & TECHNOLOGY INSTITUTE (SSTI),VAN SCOYOC ASSOCIATES,2025,Q4,20000.0,,,https://lda.gov/filings/public/filing/d56f4022-9fbd-4f0f-967e-716778a13412/print/
RELX INC,RELX INC.,2025,Q4,770000.0,,,https://lda.gov/filings/public/filing/d3376278-028c-446a-8811-582c564c88a7/print/
BOOKING HOLDINGS,H&M STRATEGIES LLP,2025,Q4,50000.0,,,https://lda.gov/filings/public/filing/68d1ff3e-d0c4-4a5c-9051-f8fe58708b72/print/
TEXAS A&M UNIVERSITY SYSTEM,VAN SCOYOC ASSOCIATES,2025,Q4,20000.0,"H.R. 4016, H.R. 5342, H.R. 5466, S. 2354, S. 2572",china-race,https://lda.gov/filings/public/filing/48f2b2e9-38f3-45d2-adb3-4d63b1638672/print/
THE UNIVERSITY OF UTAH,VAN SCOYOC ASSOCIATES,2025,Q4,50000.0,,,https://lda.gov/filings/public/filing/330da0e5-f320-4eb4-a2af-3b2e09c3d587/print/
"SALESFORCE, INC.","SALESFORCE, INC.",2025,Q4,790000.0,"H.R. 3149, S. 2296",china-race; job-loss; loss-of-control,https://lda.gov/filings/public/filing/333db955-277d-4f68-af02-29546d6ab3aa/print/
FIBER BROADBAND ASSOCIATION,FIBER BROADBAND ASSOCIATION,2025,Q4,143000.0,,job-loss; power-bills,https://lda.gov/filings/public/filing/cadb411f-013f-4014-8fb1-5f417fcfb325/print/
MOTOROLA SOLUTIONS INC,"MOTOROLA SOLUTIONS, INC",2025,Q4,450000.0,,,https://lda.gov/filings/public/filing/d7ba3c5b-3a46-4a0d-a4e1-f1075b1df8e9/print/
TATA AMERICA INTERNATIONAL CORPORATION,TATA AMERICA INTERNATIONAL CORPORATION,2025,Q4,110000.0,"H.R. 5077, S. 4638",,https://lda.gov/filings/public/filing/61bb3e4f-0815-4068-8c2a-893b586d56c3/print/
"FUENTES STRATEGIES, LLC O.B.O GREEN HILLS SOFTWARE, LLC",SMITH GARSON,2025,Q4,40000.0,,,https://lda.gov/filings/public/filing/57389ccd-4cf7-4342-8156-222c676b544f/print/
OPERA AMERICA,OPERA AMERICA,2025,Q4,10000.0,S. 2296,,https://lda.gov/filings/public/filing/895fd952-5c22-4c20-96f1-28de336863a2/print/
"SAMSUNG ELECTRONICS AMERICA, INC.",ARNOLD & PORTER KAYE SCHOLER LLP,2025,Q4,60000.0,,ai-cyberattacks,https://lda.gov/filings/public/filing/809c154f-6e62-41b2-979e-5de962345a89/print/
COMCAST CORPORATION,"STEWART STRATEGIES AND SOLUTIONS, LLC",2025,Q4,30000.0,,,https://lda.gov/filings/public/filing/4f0437ec-6bb8-4ad7-b9e1-3dae1f27eccb/print/
META PLATFORMS INC (FORMERLY FACEBOOK INC & VARIOUS SUBSIDIARIES),"STEWART STRATEGIES AND SOLUTIONS, LLC",2025,Q4,60000.0,,ai-cyberattacks,https://lda.gov/filings/public/filing/7d7c433d-ca84-4b3b-b05d-7130e1b329ae/print/
"GENERAL CATALYST GROUP MANAGEMENT, LLC","PORTERFIELD, FETTIG & SEARS, LLC",2025,Q4,70000.0,,,https://lda.gov/filings/public/filing/f2d43d07-f24c-42b0-97a2-710d1fdcf902/print/
"NOTARIZE, INC. DBA PROOF.COM","NOTARIZE, INC. DBA PROOF.COM",2025,Q4,60000.0,"H.R. 1777, H.R. 3633, S. 1561",,https://lda.gov/filings/public/filing/8345e6e1-ca88-4692-a091-90d74e0a123a/print/
BURNS & MCDONNELL ENGINEERING COMPANY INC,VENN STRATEGIES,2025,Q4,110000.0,,power-bills,https://lda.gov/filings/public/filing/be9c0290-5096-4de4-9a2b-17f62c7321cc/print/
MICROSOFT CORPORATION,"STEWART STRATEGIES AND SOLUTIONS, LLC",2025,Q4,60000.0,,ai-cyberattacks,https://lda.gov/filings/public/filing/a2cfd92b-3cc4-4663-a674-b0c724110691/print/
FIRSTENERGY CORP,FIRSTENERGY CORP,2025,Q4,210000.0,"H.R. 1047, H.R. 3015, H.R. 3157, H.R. 3616, H.R. 3628, H.R. 3632, H.R. 3638, H.R. 3843, H.R. 4503, H.R. 4776",ai-cyberattacks; power-bills,https://lda.gov/filings/public/filing/102c221f-d14c-43cd-b43a-a3f9e70a1588/print/
AMERICAN BANKERS ASSOCIATION,AMERICAN BANKERS ASSOCIATION,2025,Q4,1700000.0,"H.R. 1181, H.R. 1602, H.R. 1606, H.R. 1631, H.R. 1652, H.R. 1653, H.R. 1900, H.R. 1919, H.R. 1944, H.R. 2183, H.R. 2331, H.R. 2392, H.R. 2513, H.R. 2702, H.R. 2835, H.R. 2885, H.R. 306, H.R. 3230, H.R. 3379, H.R. 3380, H.R. 3390, H.R. 3445, H.R. 3446, H.R. 3633, H.R. 3709, H.R. 3716, H.R. 4437, H.R. 4460, H.R. 4478, H.R. 4544, H.R. 478, H.R. 5262, H.R. 5270, H.R. 5276, H.R. 5291, H.R. 6536, H.R. 654, H.R. 6544, H.R. 6546, H.R. 6550, H.R. 6551, H.R. 6553, H.R. 6554, H.R. 6555, H.R. 6570, H.R. 8287, H.R. 940, H.R. 941, H.R. 976, H.R. 987, S. 1124, S. 113, S. 2019, S. 381, S. 394, S. 401, S. 557, S. 875, S. 919",ai-cyberattacks; kids-chatbots,https://lda.gov/filings/public/filing/cac1e8cd-5e1c-416f-bdce-ba3d52fa5fb7/print/
ZILLOW INC,MONUMENT ADVOCACY,2025,Q4,80000.0,,,https://lda.gov/filings/public/filing/6a30872d-d4b6-45ed-9caa-22a2b264cf2b/print/
ENTERTAINMENT SOFTWARE ASSOCIATION,ENTERTAINMENT SOFTWARE ASSOCIATION,2025,Q4,1420000.0,"H.R. 6266, H.R. 6334, S. 2750, S. 2937, S. 3062, S. 3193, S. 3546, S. 5360, S. 69",deepfakes,https://lda.gov/filings/public/filing/83e097e4-4ba2-4c65-b644-114236b5ed95/print/
GIFFORDS,GIFFORDS,2025,Q4,60000.0,"H.R. 1, H.R. 1041, H.R. 1564, H.R. 18, H.R. 1987, H.R. 2189, H.R. 2618, H.R. 2790, H.R. 3115, H.R. 3373, H.R. 3602, H.R. 38, H.R. 3868, H.R. 3944, H.R. 4016, H.R. 4166, H.R. 4227, H.R. 4242, H.R. 4249, H.R. 6223, H.R. 8070, H.R. 8580, H.R. 8773, H.R. 9026, H.R. 9029, S. 1283, S. 1370, S. 1374, S. 1531, S. 1913, S. 2296, S. 2354, S. 2572, S. 2587, S. 3458, S. 3544, S. 4638, S. 4677, S. 478, S. 4795, S. 4928, S. 4942, S. 726, S. 889, S. 926",job-loss; kids-chatbots,https://lda.gov/filings/public/filing/7fb7ddc0-8a30-421e-8c61-e3b4ecc2ae7c/print/
"NETFLIX, INC.",MONUMENT ADVOCACY,2025,Q4,50000.0,,,https://lda.gov/filings/public/filing/c82cd5c6-eb7a-43fc-be54-ba9df233abac/print/
CHAMBER OF COMMERCE OF THE U.S.A.,CHAMBER OF COMMERCE OF THE U.S.A.,2025,Q4,17960000.0,"H.J.Res. 20, H.J.Res. 35, H.J.Res. 75, H.J.Res. 91, H.R. 1047, H.R. 1070, H.R. 1085, H.R. 1140, H.R. 1152, H.R. 1335, H.R. 1399, H.R. 1577, H.R. 1801, H.R. 1949, H.R. 2262, H.R. 2270, H.R. 2617, H.R. 2635, H.R. 2869, H.R. 2958, H.R. 2986, H.R. 3015, H.R. 3062, H.R. 3109, H.R. 3616, H.R. 3617, H.R. 3628, H.R. 3632, H.R. 3638, H.R. 3657, H.R. 3668, H.R. 3699, H.R. 4329, H.R. 4754, H.R. 4806, H.R. 5551, H.R. 6129, H.R. 6336, H.R. 7023, H.R. 755, H.R. 7688, H.R. 77, H.R. 8045, S. 1071, S. 1863, S. 2228, S. 2511, S. 2827, S. 2828, S. 3170, S. 3808, S. 4217, S. 4753, S. 4815, S. 714, S. 772, S.J.Res. 12, S.J.Res. 4, S.J.Res. 55",bioweapons; job-loss; kids-chatbots,https://lda.gov/filings/public/filing/96338377-b266-4f3c-9cc7-bb1e0b8f4024/print/
WAYMO LLC,MONUMENT ADVOCACY,2025,Q4,50000.0,,,https://lda.gov/filings/public/filing/cc5789f2-6c9f-4d0c-9415-959116be58d7/print/
ASSOCIATION OF NATIONAL ADVERTISERS,VENABLE LLP,2025,Q4,50000.0,,,https://lda.gov/filings/public/filing/47ab0e5c-73df-419e-aa8e-089e9a8737ff/print/
DTE ENERGY,DTE ENERGY,2025,Q4,150000.0,,power-bills,https://lda.gov/filings/public/filing/69393d00-7010-4d86-b8ac-110d8114a0e9/print/
NATIONAL ASSOCIATION OF MANUFACTURERS,NATIONAL ASSOCIATION OF MANUFACTURERS,2025,Q4,2730000.0,,,https://lda.gov/filings/public/filing/1107fc16-7908-4657-8623-75487c7ba8e1/print/
IRON MOUNTAIN INCORPORATED,IRON MOUNTAIN INCORPORATED,2025,Q4,280000.0,,ai-cyberattacks; power-bills,https://lda.gov/filings/public/filing/cf070cb3-e734-4549-82ef-9a1dd0a07ae4/print/
PINNACLE WEST CAPITAL CORPORATION,PINNACLE WEST CAPITAL CORPORATION,2025,Q4,190000.0,"H.R. 1047, H.R. 1355, H.R. 2444, H.R. 2545, H.R. 3062, H.R. 3157, H.R. 3616, H.R. 3617, H.R. 3628, H.R. 3632, H.R. 3638, H.R. 3843, H.R. 4503, H.R. 5299, H.R. 5600, S. 1757, S. 2082",ai-cyberattacks; power-bills,https://lda.gov/filings/public/filing/94e5c5bb-3e33-45ad-8acd-5b0a3c17606d/print/
TOYOTA MOTOR NORTH AMERICA INC (TMA),"TOYOTA MOTOR NORTH AMERICA, INC. (TMA)",2025,Q4,1553187.0,,ai-cyberattacks,https://lda.gov/filings/public/filing/755fc000-06df-4ec6-ab72-2efef1b1498d/print/
PRIVACY FOR AMERICA,VENABLE LLP,2025,Q4,140000.0,,kids-chatbots,https://lda.gov/filings/public/filing/b4856ef7-dcc0-43dc-bb0a-f7c68aa03b9c/print/
OPENAI,"MILLER STRATEGIES, LLC",2025,Q4,150000.0,,,https://lda.gov/filings/public/filing/9e87b82e-81ab-43c2-8bf0-2d11baf802fc/print/
CONSUMER TECHNOLOGY ASSOCIATION,CONSUMER TECHNOLOGY ASSOCIATION,2025,Q4,1080000.0,H.R. 2385,ai-cyberattacks; china-race,https://lda.gov/filings/public/filing/57d5295e-2cb4-4ea9-9236-f06298d81dd4/print/
IBM CORPORATION,"MEHLMAN CONSULTING, INC.",2025,Q4,80000.0,S. 3062,,https://lda.gov/filings/public/filing/0a3796cb-a40f-439e-b4c7-329ce5d00bb0/print/
AMERICAN PROPERTY CASUALTY INSURANCE ASSOCIATION,AMERICAN PROPERTY CASUALTY INSURANCE ASSOCIATION FKA PROPERTY CASUALTY INSURERS ASSOC. OF AMERICA,2025,Q4,1400000.0,"H.R. 1164, H.R. 1593, H.R. 2822, H.R. 3161, H.R. 3437, H.R. 3973, H.R. 4365, H.R. 4416, H.R. 4494, H.R. 4801, H.R. 4861, H.R. 5484, H.R. 550, H.R. 5500, H.R. 5504, H.R. 5574, H.R. 5577, H.R. 5607, H.R. 5608, H.R. 5633, H.R. 5961, H.R. 6025, H.R. 6256, H.R. 643, H.R. 6934, S. 1544, S. 2052, S. 2053, S. 2054, S. 2266, S. 2313, S. 2528, S. 2538, S. 2931, S. 2946, S. 824, S.Res. 554",ai-cyberattacks,https://lda.gov/filings/public/filing/8dc25b05-34fb-4fcc-90d5-73fbc4472e2b/print/
COLLEGE OF AMERICAN PATHOLOGISTS,COLLEGE OF AMERICAN PATHOLOGISTS,2025,Q4,154425.0,"H.R. 5269, S. 2761, S. 4338",ai-cyberattacks; bioweapons; job-loss,https://lda.gov/filings/public/filing/e6531fc9-dfca-4aef-8cb8-0d813eb53736/print/
TRANSAMERICA COMPANIES,TRANSAMERICA COMPANIES,2025,Q4,200000.0,"H.R. 1, H.R. 1013, H.R. 1777, H.R. 2163, H.R. 2441, H.R. 2547, H.R. 2612, H.R. 2696, H.R. 4173, H.R. 5511, S. 1287, S. 1335, S. 1526, S. 1561, S. 2164, S. 3570, S. 424, S. 6356",ai-cyberattacks; bias; job-loss,https://lda.gov/filings/public/filing/2f8ef7b3-6198-460a-b284-71339a0b9d91/print/
ECS,BGR GOVERNMENT AFFAIRS,2025,Q4,60000.0,,,https://lda.gov/filings/public/filing/c7100091-13e7-46a3-b500-fa2d9ea28a18/print/
THE AMERICAN MEDICAL INFORMATICS ASSOCIATION,"POWERS PYLES SUTTER & VERVILLE, P.C.",2025,Q4,10000.0,,,https://lda.gov/filings/public/filing/6e33b45c-6b19-4381-b827-dcdc7caf59f1/print/
"AQUIA GROUP ON BEHALF OF ANTHROPIC, PBC",TOWER 19,2025,Q4,20000.0,,,https://lda.gov/filings/public/filing/436e12a5-c3b8-4499-a0b8-8e00d8d1c31e/print/
"LG ELECTRONICS USA, INC.",LAW OFFICES OF KEVIN G. CURTIN,2025,Q4,30000.0,,,https://lda.gov/filings/public/filing/4c3f086c-707e-4c2c-92ee-cdbc6983af0b/print/
REGIONS FINANCIAL CORP,REGIONS FINANCIAL CORP,2025,Q4,520000.0,,,https://lda.gov/filings/public/filing/71db9464-66f3-439b-a7a1-4733fe1cffe7/print/
ADVANCE,ONMESSAGE PUBLIC STRATEGIES,2025,Q4,50000.0,,,https://lda.gov/filings/public/filing/2e9fa49a-f514-415c-afe9-95e2a9b5abff/print/
NATIONAL FAIR HOUSING ALLIANCE,"MEHLMAN CONSULTING, INC.",2025,Q4,20000.0,,bias,https://lda.gov/filings/public/filing/0f63ec64-9d76-46b2-8469-0463e9015a70/print/
NATIONAL VENTURE CAPITAL ASSOCIATION,"MEHLMAN CONSULTING, INC.",2025,Q4,60000.0,,ai-cyberattacks,https://lda.gov/filings/public/filing/3b6a1970-092b-4f32-a2ea-fd6577af967f/print/
ASSOCIATION OF NATIONAL ADVERTISERS,LAW OFFICES OF KEVIN G. CURTIN,2025,Q4,20000.0,"H.R. 1736, S. 1492",kids-chatbots,https://lda.gov/filings/public/filing/ee7162f7-0839-47db-b143-b98326223a1a/print/
"TRETE, INC.","INNOVATIVE POLICY, PLLC",2025,Q4,10000.0,,,https://lda.gov/filings/public/filing/02cbacff-3327-4037-bbe7-b157ac2c2e47/print/
ECOLAB INC. ON BEHALF OF NALCO COMPANY,OGR,2025,Q4,50000.0,,power-bills,https://lda.gov/filings/public/filing/6e1184ce-da1e-45e7-8220-7172ae94b3b8/print/
AI INTEGRATORS COUNCIL,"FRANKLIN SQUARE GROUP, LLC",2025,Q4,60000.0,S. 2750,,https://lda.gov/filings/public/filing/2732eea1-3c13-4854-908f-610f4550f856/print/
CISCO SYSTEMS INC,"FRANKLIN SQUARE GROUP, LLC",2025,Q4,50000.0,,ai-cyberattacks,https://lda.gov/filings/public/filing/d80a4a0c-e252-46af-8a00-77d174c8435d/print/
"COINBASE, INC.","FRANKLIN SQUARE GROUP, LLC",2025,Q4,80000.0,,ai-cyberattacks,https://lda.gov/filings/public/filing/4625d01b-e1be-417f-bc5f-189dc4e82283/print/
"HEALTH CARE SERVICE CORPORATION, A MUTUAL LEGAL RESERVE COMPANY (HCSC)","HEALTH CARE SERVICE CORPORATION, A MUTUAL LEGAL RESERVE COMPANY (HCSC)",2025,Q4,730000.0,"H.R. 3237, H.R. 3417, H.R. 5378, H.R. 5463, H.R. 5972, H.R. 6232, H.R. 6703, S. 2497, S. 958",,https://lda.gov/filings/public/filing/3bae0073-c7c8-456c-b99e-bc93b6443567/print/
"DATABRICKS, INC.",BGR GOVERNMENT AFFAIRS,2025,Q4,40000.0,,,https://lda.gov/filings/public/filing/1288bd5a-066e-4748-b5e5-218d1128ba7a/print/
SAMSUNG ELECTRONICS AMERICA,CAPITOL CONSULTING GROUP LLC (DC),2025,Q4,70000.0,,ai-cyberattacks; job-loss,https://lda.gov/filings/public/filing/53cd663d-d1e7-4333-9cf0-66b3c6dba098/print/
CROWDSTRIKE,"FRANKLIN SQUARE GROUP, LLC",2025,Q4,50000.0,,ai-cyberattacks,https://lda.gov/filings/public/filing/a8d47663-de76-43ab-a000-8d3c8a4496df/print/
"DROPBOX, INC.","FRANKLIN SQUARE GROUP, LLC",2025,Q4,50000.0,"S. 1748, S. 836",ai-cyberattacks; kids-chatbots,https://lda.gov/filings/public/filing/9788f1c6-2760-459c-8ef6-ba81741f8e1c/print/
NATIONAL ASSOCIATION OF BROADCASTERS,NATIONAL ASSOCIATION OF BROADCASTERS,2025,Q4,2980000.0,"H.R. 861, S. 326",,https://lda.gov/filings/public/filing/07fb498b-1eb7-4bd1-980f-ae575edf1b07/print/
ADC TECH INC.,GRV STRATEGIES LLC,2025,Q4,50000.0,,,https://lda.gov/filings/public/filing/be85310c-75b0-49fe-ae2d-d4efe1611314/print/
"HOPSKIPDRIVE, INC.","FRANKLIN SQUARE GROUP, LLC",2025,Q4,50000.0,,,https://lda.gov/filings/public/filing/6f8e5705-6b0a-49bd-bdc0-037df95775fd/print/
KLA CORPORATION,"FRANKLIN SQUARE GROUP, LLC",2025,Q4,50000.0,,china-race,https://lda.gov/filings/public/filing/dfc1241d-628c-4625-a4fe-b2285d27f061/print/
SABRE GLBL INC,SABRE GLBL INC.,2025,Q4,70000.0,,,https://lda.gov/filings/public/filing/0a1b530b-4a78-4062-a70c-d7e882fb823f/print/
"MOVEWORKS, INC.","FRANKLIN SQUARE GROUP, LLC",2025,Q4,20000.0,,,https://lda.gov/filings/public/filing/3ca7f57b-17de-4d1a-9e90-a86851792413/print/
"PAYPAL, INC.","FRANKLIN SQUARE GROUP, LLC",2025,Q4,50000.0,,ai-cyberattacks,https://lda.gov/filings/public/filing/d0e8d427-4a00-4ccb-b51a-4c09a414611a/print/
SHIELD AI,SHIELD AI,2025,Q4,350000.0,,,https://lda.gov/filings/public/filing/9a4c9592-02e9-4836-8ff8-a3adcbedfb8b/print/
"REDDIT, INC.","FRANKLIN SQUARE GROUP, LLC",2025,Q4,60000.0,"H.R. 3921, H.R. 633, S. 146, S. 1829, S. 836",kids-chatbots,https://lda.gov/filings/public/filing/dfc85904-2885-4e9e-8cb9-8046034c5a67/print/
ROBLOX CORPORATION,"FRANKLIN SQUARE GROUP, LLC",2025,Q4,80000.0,"H.R. 633, S. 146, S. 1748, S. 836",kids-chatbots,https://lda.gov/filings/public/filing/d796b297-3d81-4d62-9a92-f42dbade2d6a/print/
MILE TWO,"INNOVATIVE FEDERAL STRATEGIES, LLC",2025,Q4,30000.0,"H.R. 3838, H.R. 4016, S. 2296, S. 2572",,https://lda.gov/filings/public/filing/d24b7884-1cfd-4fb5-9a58-a4a2a21db532/print/
SALESFORCE.COM INC.,"FRANKLIN SQUARE GROUP, LLC",2025,Q4,60000.0,,ai-cyberattacks,https://lda.gov/filings/public/filing/59529eb1-37d9-4ba0-8eb0-3239daceeaa8/print/
ADVANCED MEDICAL TECHNOLOGY ASSN,ADVANCED MEDICAL TECHNOLOGY ASSN,2025,Q4,942000.0,"H.R. 1539, H.R. 3838, S. 2296",,https://lda.gov/filings/public/filing/b08c7ecb-f9c3-4d89-9c28-0cd157137b58/print/
STUBHUB,"FRANKLIN SQUARE GROUP, LLC",2025,Q4,50000.0,,,https://lda.gov/filings/public/filing/401e56c8-b240-4517-876f-8bb0dd1285b3/print/
AMERICAN UROLOGICAL ASSOCIATION,AMERICAN UROLOGICAL ASSOCIATION,2025,Q4,70000.0,,job-loss,https://lda.gov/filings/public/filing/d33c6443-bf62-429e-8d33-d21f83c297f8/print/
TWILIO INC.,"FRANKLIN SQUARE GROUP, LLC",2025,Q4,60000.0,,,https://lda.gov/filings/public/filing/c4913be0-ba54-4207-9877-cef83f200c06/print/
HEARST CORPORATION,INVARIANT LLC,2025,Q4,90000.0,,,https://lda.gov/filings/public/filing/0782f233-af0e-423b-a5d7-ec5da591a4af/print/
PARALLAX ADVANCED RESEARCH,"INNOVATIVE FEDERAL STRATEGIES, LLC",2025,Q4,40000.0,"H.R. 3838, H.R. 4016, S. 2296, S. 2572",,https://lda.gov/filings/public/filing/39aa951f-6f18-463f-8454-1196e7fcef7f/print/
PHOENIX OPERATIONS GROUP,"INNOVATIVE FEDERAL STRATEGIES, LLC",2025,Q4,20000.0,"H.R. 3838, H.R. 4016, S. 2296, S. 2572",,https://lda.gov/filings/public/filing/484070dc-ead1-4b36-8280-0bedf0fc194c/print/
"INDEPENDENT ELECTRICAL CONTRACTORS, INC.","GOVERNMENT AFFAIRS SOLUTIONS, LLC",2025,Q4,30000.0,,power-bills,https://lda.gov/filings/public/filing/099899ff-df18-4017-bed7-9ec9915d235d/print/
GOOGLE CLIENT SERVICES LLC,GOOGLE CLIENT SERVICES LLC,2025,Q4,3350000.0,"H.R. 1534, H.R. 1623, H.R. 1941, H.R. 2321, H.R. 2385, H.R. 2583, H.R. 2657, H.R. 3149, H.R. 3209, H.R. 471, H.R. 5173, H.R. 5272, H.R. 5360, H.R. 6253, H.R. 6257, H.R. 6259, H.R. 6265, H.R. 6273, H.R. 6289, H.R. 6290, H.R. 6291, H.R. 6333, H.R. 6334, H.R. 6437, H.R. 6484, H.R. 6488, H.R. 6489, H.R. 6499, H.R. 859, S. 1106, S. 1235, S. 1269, S. 1462, S. 1586, S. 1633, S. 1699, S. 1748, S. 1792, S. 2153, S. 2381, S. 2714, S. 278, S. 28, S. 3062, S. 737, S. 836",ai-cyberattacks; bias; china-race; deepfakes; kids-chatbots; loss-of-control,https://lda.gov/filings/public/filing/25432e67-591b-4e9f-85ae-4437532f7e7e/print/
NEWS/MEDIA ALLIANCE,INVARIANT LLC,2025,Q4,60000.0,,,https://lda.gov/filings/public/filing/b7c51666-f915-4649-8ffd-7794ff8d900f/print/
NEC CORPORATION OF AMERICA,NEC CORPORATION OF AMERICA,2025,Q4,85000.0,,,https://lda.gov/filings/public/filing/8c8898f1-1e81-4656-a0cd-516009517349/print/
NATIONAL RETAIL FEDERATION,NATIONAL RETAIL FEDERATION,2025,Q4,1635000.0,"H.R. 3149, H.R. 6291, H.R. 6484",ai-cyberattacks; kids-chatbots,https://lda.gov/filings/public/filing/56100c67-5b1b-418d-ab19-097e4db418c7/print/
"ORACLE AMERICA, INC.",KLEIN/JOHNSON GROUP,2025,Q4,80000.0,,ai-cyberattacks,https://lda.gov/filings/public/filing/bc417346-537f-45fb-88fe-03366096729d/print/
ENTERGY SERVICES LLC,"ENTERGY SERVICES, LLC",2025,Q4,710000.0,"H.R. 2548, H.R. 3843, H.R. 5600, H.R. 6336, S. 1241, S. 1757",ai-cyberattacks; power-bills,https://lda.gov/filings/public/filing/7e3c6843-821f-47b8-8dc8-89ec9c92922a/print/
SONY PICTURES ENTERTAINMENT,"THE SMITH-FREE GROUP, LLC",2025,Q4,80000.0,,,https://lda.gov/filings/public/filing/d3641e24-11f6-4779-b93a-abc80122726a/print/
RELX INC.,KLEIN/JOHNSON GROUP,2025,Q4,50000.0,,,https://lda.gov/filings/public/filing/000e93bf-9328-4901-9353-b4a5aafccd06/print/
NATIONAL COMMITTEE TO PRESERVE SOCIAL SECURITY AND MEDICARE,NATIONAL COMMITTEE TO PRESERVE SOCIAL SECURITY AND MEDICARE,2025,Q4,190000.0,"H.R. 1, H.R. 1303, H.R. 1526, H.R. 17, H.R. 1700, H.R. 1834, H.R. 1876, H.R. 1877, H.R. 1968, H.R. 2023, H.R. 2045, H.R. 2142, H.R. 22, H.R. 222, H.R. 2491, H.R. 2540, H.R. 2999, H.R. 3271, H.R. 3289, H.R. 3467, H.R. 3517, H.R. 3522, H.R. 3954, H.R. 4734, H.R. 4849, H.R. 4968, H.R. 609, H.R. 6237, H.R. 6424, H.R. 6455, H.R. 6703, H.Res. 195, H.Res. 657, S. 1023, S. 1115, S. 1227, S. 1234, S. 1666, S. 1690, S. 1820, S. 2120, S. 2556, S. 2587, S. 2614, S. 2763, S. 3059, S. 3255, S. 3357, S. 3462, S. 770, S. 988",job-loss; loss-of-control,https://lda.gov/filings/public/filing/6b2dece9-d8bb-41f1-9cb0-a096abf16976/print/
COMCAST CORPORATION,COMCAST CORPORATION,2025,Q4,3190000.0,,,https://lda.gov/filings/public/filing/d2f28591-28f7-48ed-a806-a06714bd938d/print/
WALMART INC,"MEHLMAN CONSULTING, INC.",2025,Q4,90000.0,"H.R. 2853, S. 1404",,https://lda.gov/filings/public/filing/4560b83d-372b-4bcf-9eae-1ae0161b96fc/print/
PPL CORPORATION,PPL CORPORATION,2025,Q4,80000.0,"H.R. 1047, H.R. 3015, H.R. 3062, H.R. 3157, H.R. 3616, H.R. 3617, H.R. 3628, H.R. 3632, H.R. 3638, H.R. 3843, H.R. 4503, H.R. 5600",ai-cyberattacks; power-bills,https://lda.gov/filings/public/filing/bb185feb-666d-4938-a1a5-3bc0328c9364/print/
SRI INTERNATIONAL,"INNOVATIVE FEDERAL STRATEGIES, LLC",2025,Q4,40000.0,"H.R. 3838, H.R. 4016, H.R. 5342, S. 2296, S. 2354, S. 2572",,https://lda.gov/filings/public/filing/224ae343-0f60-446e-9445-22b879164978/print/
"ZOOM COMMUNICATIONS, INC. (F/K/A ZOOM VIDEO COMMUNICATION INC.)","MEHLMAN CONSULTING, INC.",2025,Q4,50000.0,,,https://lda.gov/filings/public/filing/52570b88-005c-40fc-8ac2-b507942dca95/print/
SOUTHERN METHODIST UNIVERSITY,AXADVOCACY GOVERNMENT RELATIONS,2025,Q4,40000.0,,,https://lda.gov/filings/public/filing/adda6a8d-6ad3-4258-a151-ecc0180c0940/print/
"NYT MEDIA U.S., INC.","BROWNSTEIN HYATT FARBER SCHRECK, LLP",2025,Q4,80000.0,,,https://lda.gov/filings/public/filing/fb8e214f-aa62-44e7-b39a-93b853eab9af/print/
SAMSARA INC.,KLEIN/JOHNSON GROUP,2025,Q4,50000.0,,,https://lda.gov/filings/public/filing/d5f8e31b-6701-4a6c-8f62-5752dd95c8a8/print/
VANDERBILT UNIVERSITY,VANDERBILT UNIVERSITY,2025,Q4,220000.0,"H.R. 1, H.R. 3169, H.R. 3838, H.R. 392, H.R. 3976, H.R. 4016, H.R. 4213, H.R. 4312, H.R. 4553, H.R. 4754, H.R. 5304, H.R. 5342, S. 1071, S. 1573, S. 2296, S. 2354, S. 2431, S. 2572, S. 2587, S. 853",ai-cyberattacks; china-race; deepfakes; job-loss,https://lda.gov/filings/public/filing/88213c52-f365-40ca-bd78-aa9b7479d995/print/
POLYSENTRY INC.,ORIGIN ADVOCACY LLC,2025,Q4,20000.0,,,https://lda.gov/filings/public/filing/33492968-7dbd-4662-a81d-fe92052e9e7f/print/
TORCH.AI,"INNOVATIVE FEDERAL STRATEGIES, LLC",2025,Q4,30000.0,"H.R. 3838, H.R. 4016, H.R. 4553, S. 2296, S. 2572, S. 3293",,https://lda.gov/filings/public/filing/bdbba096-0b63-4a0b-9325-60fb35ccfcf3/print/
TEMPLE UNIVERSITY,TEMPLE UNIVERSITY,2025,Q4,90000.0,,job-loss; kids-chatbots,https://lda.gov/filings/public/filing/6c32d6ea-39b7-4b19-8dd6-e6db3e1cc18e/print/
EXIGER,"WILLIAMS AND JENSEN, PLLC",2025,Q4,110000.0,,,https://lda.gov/filings/public/filing/41332758-68d1-4954-9eec-0e7b88215618/print/
EDISON ELECTRIC INSTITUTE,EDISON ELECTRIC INSTITUTE,2025,Q4,2330747.0,"H.R. 1047, H.R. 1355, H.R. 3015, H.R. 3062, H.R. 3157, H.R. 3616, H.R. 3617, H.R. 3628, H.R. 3632, H.R. 3638, H.R. 3657, H.R. 3843, H.R. 4503, H.R. 5600",ai-cyberattacks; power-bills,https://lda.gov/filings/public/filing/82e19439-4d95-4c7d-b597-a4ff2611ebb1/print/
DOMINION ENERGY INC,"DOMINION ENERGY, INC.",2025,Q4,610000.0,,job-loss; power-bills,https://lda.gov/filings/public/filing/9dc1a1e2-6289-48db-ad71-f0c70a3fb17d/print/
"BOSTON DYNAMICS, INC.",DLA PIPER LLP (US),2025,Q4,170000.0,"H.R. 3838, S. 2296",,https://lda.gov/filings/public/filing/62b959ef-69e0-4ec6-9b04-35c7fd32e64d/print/
"HITACHI, LTD","HITACHI, LTD",2025,Q4,60000.0,,ai-cyberattacks; job-loss,https://lda.gov/filings/public/filing/f422d8ee-8636-4084-9b82-6b22a9a6dc5b/print/
HARVARD UNIVERSITY--PRESIDENT AND FELLOWS OF HARVARD COLLEGE,HARVARD UNIVERSITY--PRESIDENT AND FELLOWS OF HARVARD COLLEGE,2025,Q4,230000.0,,china-race; job-loss,https://lda.gov/filings/public/filing/18daa7ac-5d03-42ab-956f-02afac933c6d/print/
"BUSINESS SOFTWARE ALLIANCE, INC.",RIDGE PATH STRATEGIES,2025,Q4,30000.0,,,https://lda.gov/filings/public/filing/a1c647c4-685e-48af-aef2-c9501da964fe/print/
WORLDPAY,WORLDPAY,2025,Q4,120000.0,"H.R. 3633, H.R. 4936, S. 2019",ai-cyberattacks,https://lda.gov/filings/public/filing/4d6b006c-0e04-4793-9f8c-fbb0dff59ee2/print/
"OPENAI OPCO, LLC",DLA PIPER LLP (US),2025,Q4,50000.0,,,https://lda.gov/filings/public/filing/e987548e-2248-42c0-b6b8-6c42b2de6c59/print/
BOEING COMPANY,BOEING COMPANY,2025,Q4,2890000.0,"H.R. 4213, H.R. 5079, H.R. 5371, H.R. 5450, S. 2882, S. 2983",ai-cyberattacks,https://lda.gov/filings/public/filing/dc430f64-7a60-40be-8e66-12ba1fab465b/print/
THE BUSINESS ROUNDTABLE,INVARIANT LLC,2025,Q4,60000.0,,ai-cyberattacks,https://lda.gov/filings/public/filing/77cba258-0d5a-4307-86b3-6defd681081a/print/
GE HEALTHCARE,RED+BLUE STRATEGIES,2025,Q4,70000.0,,,https://lda.gov/filings/public/filing/2b858660-9afa-49e4-9911-277addf562fe/print/
CORNELL UNIVERSITY,CORNELL UNIVERSITY,2025,Q4,180000.0,,china-race; job-loss,https://lda.gov/filings/public/filing/e4ba1302-99b8-42e4-998b-6300a3ef2956/print/
A16Z CAPITAL MANAGEMENT LLC (F/K/A AH CAPITAL MANAGEMENT L.L.C.),"A16Z CAPITAL MANAGEMENT LLC (F/K/A AH CAPITAL MANAGEMENT L.L.C., D/B/A ANDREESSEN HOROWITZ)",2025,Q4,710000.0,,,https://lda.gov/filings/public/filing/0666da41-0293-4b2a-a2b6-f8b29e1803a2/print/
YAHOO INC. AND VAR. SUBS/AFFILIATES,YAHOO INC. AND VAR. SUBS/AFFILIATES,2025,Q4,180000.0,,kids-chatbots,https://lda.gov/filings/public/filing/bcd310b5-3f48-40db-a748-d3da90b422b0/print/
CISCO SYSTEMS,KLEIN/JOHNSON GROUP,2025,Q4,50000.0,,,https://lda.gov/filings/public/filing/d017b657-fbe7-4a8a-810d-9f7b865d347f/print/
MITSUBISHI ELECTRIC US INC,"MITSUBISHI ELECTRIC US, INC.",2025,Q4,100000.0,H.R. 1,power-bills,https://lda.gov/filings/public/filing/158db249-bf7b-4639-80c2-13b6aadd9435/print/
"SIEMENS MEDICAL SOLUTIONS USA, INC","SIEMENS MEDICAL SOLUTIONS USA, INC",2025,Q4,720000.0,,,https://lda.gov/filings/public/filing/f608ed86-9791-4f6f-8fbe-66dc97d2ce9f/print/
NATIONAL FAIR HOUSING ALLIANCE,NATIONAL FAIR HOUSING ALLIANCE,2025,Q4,8116.0,"H.R. 4069, S. 2322, S. 967",bias,https://lda.gov/filings/public/filing/712cb128-04d7-450c-92cd-471ab4b1508a/print/
CHUBB INA HOLDINGS INC.,CHUBB INA HOLDINGS INC.,2025,Q4,980000.0,"H.R. 1285, H.R. 3437, H.R. 643, S. 1544, S. 245, S. 570",ai-cyberattacks; china-race,https://lda.gov/filings/public/filing/1edb1d7b-3f5a-4035-9b65-f8d94e871166/print/
PWC US GROUP LLP,PWC US GROUP LLP,2025,Q4,810000.0,"H.R. 2392, S. 394",,https://lda.gov/filings/public/filing/cdd2a099-77d4-4f56-a46b-7d4021a366f2/print/
AT&T SERVICES INC AND ITS AFFILIATES,"AT&T SERVICES, INC. AND ITS AFFILIATES",2025,Q4,2860000.0,"H.R. 1343, H.R. 1519, H.R. 1681, H.R. 1975, H.R. 2449, H.R. 2750, H.R. 2805, H.R. 2817, H.R. 2975, H.R. 3125, H.R. 3479, H.R. 3921, H.R. 4032, H.R. 4518, H.R. 4950, H.R. 5079, H.R. 5266, H.R. 5371, H.R. 6046, H.R. 6484, H.R. 6505, H.R. 651",ai-cyberattacks; china-race; deepfakes; kids-chatbots,https://lda.gov/filings/public/filing/6321ce9c-d1a9-44b0-8b0f-6512d9fdf7fb/print/
MEDTRONIC INC,"MEDTRONIC, INC.",2025,Q4,990000.0,"H.R. 1539, H.R. 3838, S. 2296",,https://lda.gov/filings/public/filing/a3567a28-2bff-462c-8966-37b02a5386fe/print/
"CROWDSTRIKE, INC.","CROWDSTRIKE, INC.",2025,Q4,370000.0,"H.R. 5078, H.R. 5079",ai-cyberattacks,https://lda.gov/filings/public/filing/5938245b-fc58-4e4a-bccf-30d0a7bb1234/print/
SONY PICTURES ENTERTAINMENT INC.,SONY PICTURES ENTERTAINMENT INC.,2025,Q4,174615.0,,,https://lda.gov/filings/public/filing/f8c754c1-64e0-4dac-a164-8f50df4de820/print/
"WORKDAY, INC.",INVARIANT LLC,2025,Q4,70000.0,,,https://lda.gov/filings/public/filing/4b5981c9-82aa-4fc4-bfeb-909f2481d858/print/
PROTECTIVE LIFE CORPORATION,PROTECTIVE LIFE CORPORATION,2025,Q4,160000.0,,ai-cyberattacks,https://lda.gov/filings/public/filing/5c2fcf4b-dc5b-4bc2-a6a4-58bff0256761/print/
MAPLEBEAR INC. D/B/A INSTACART,EMERGENT STRATEGIES,2025,Q4,45000.0,,,https://lda.gov/filings/public/filing/ec0e6913-0ea0-457a-93f5-85932c962323/print/
EBAY INC.,EBAY INC.,2025,Q4,480000.0,"H.R. 3149, H.R. 6484, H.R. 8818, S. 1586, S. 1748",kids-chatbots,https://lda.gov/filings/public/filing/b0b923f4-2c77-45ae-8e7d-f18c14c9f363/print/
UNITED ASSN OF JOURNEYMEN & APPRENTICES OF THE PLUMBING & PIPEFITTING INDUSTRY,UNITED ASSN OF JOURNEYMEN & APPRENTICES OF THE PLUMBING & PIPEFITTING INDUSTRY,2025,Q4,240000.0,"H.R. 1, H.R. 2550, S. 1071",job-loss; power-bills,https://lda.gov/filings/public/filing/fd2077fd-1dc9-4fb6-9701-0e469f749bc2/print/
MICROSOFT CORP.,"PLATINUM ADVISORS DC, LLC",2025,Q4,20000.0,,ai-cyberattacks,https://lda.gov/filings/public/filing/6fdae63a-6a19-4c9e-ace7-2eb1e307b874/print/
RAVEN,KLEIN/JOHNSON GROUP,2025,Q4,20000.0,,,https://lda.gov/filings/public/filing/20a0a9b2-00f6-42c8-bb02-094579fbf9ad/print/
GOVERNMENT EMPLOYEES INSURANCE COMPANY,GOVERNMENT EMPLOYEES INSURANCE COMPANY,2025,Q4,200000.0,,,https://lda.gov/filings/public/filing/0fb89e68-01b3-4fbd-9bd8-2cd3d53d31ca/print/
WASHINGTON STATE UNIVERSITY,WASHINGTON STATE UNIVERSITY,2025,Q4,81998.0,,ai-cyberattacks; job-loss,https://lda.gov/filings/public/filing/e7350fc6-bc2d-4409-88d1-2c7b2cc660ab/print/
BOOZ ALLEN HAMILTON INC.,BOOZ ALLEN HAMILTON INC.,2025,Q4,530000.0,,,https://lda.gov/filings/public/filing/c7bd9830-ef04-4c79-a4d6-151bfebb6348/print/
UNIVERSITY OF MARYLAND,UNIVERSITY OF MARYLAND,2025,Q4,25000.0,"H.R. 1048, H.R. 4312, H.R. 5371",job-loss; loss-of-control,https://lda.gov/filings/public/filing/a93ef465-8da1-41c4-85ae-d06a977cb93f/print/
AMERICAN FINTECH COUNCIL,AMERICAN FINTECH COUNCIL,2025,Q4,60000.0,"H.R. 1734, H.R. 2152, H.R. 4437, H.R. 4478, H.R. 5402, H.R. 5775, H.R. 6552, H.R. 940, S. 1465, S. 1582, S. 2117, S. 2750",deepfakes,https://lda.gov/filings/public/filing/6e5a6f9e-b6a0-4ac5-b8ba-68136ec37741/print/
DISNEY WORLDWIDE SERVICES INC,"DISNEY WORLDWIDE SERVICES, INC.",2025,Q4,950000.0,"H.R. 2794, H.R. 6028, H.R. 791, S. 1367",,https://lda.gov/filings/public/filing/4893b4ac-aa5a-478a-97da-516420f969c5/print/
AMERICAN FEDERATION OF TEACHERS,AMERICAN FEDERATION OF TEACHERS,2025,Q4,450000.0,"H.R. 1, H.R. 1197, H.R. 1383, H.R. 14, H.R. 1909, H.R. 22, H.R. 2333, H.R. 28, H.R. 3063, H.R. 3262, H.R. 3267, H.R. 3907, H.R. 4085, H.R. 4253, H.R. 4849, H.R. 5056, H.R. 5123, H.R. 5181, H.R. 5476, H.R. 5527, H.R. 5557, H.R. 5843, H.R. 593, H.R. 6224, H.R. 6361, H.R. 6472, H.R. 6498, H.R. 6502, H.R. 6574, H.R. 6617, H.R. 6703, H.R. 6718, S. 1562, S. 1748, S. 2024, S. 2032, S. 2330, S. 2451, S. 2481, S. 2556, S. 2621, S. 278, S. 2819, S. 3070, S. 3253, S. 3323, S. 3480, S. 356, S. 558, S. 836, S. 9, S.Res. 198",ai-cyberattacks; job-loss; kids-chatbots,https://lda.gov/filings/public/filing/dc4b9b2c-4e0e-41fa-9401-ad3676451c09/print/
NATIONAL ASSOCIATION OF REALTORS,NATIONAL ASSOCIATION OF REALTORS,2025,Q4,15850000.0,"H.R. 1777, H.R. 2808, H.R. 5404, S. 1465, S. 1467, S. 1561, S. 2651",,https://lda.gov/filings/public/filing/24cbf4da-1588-4f09-90be-142a399d250b/print/
NEWS MEDIA ALLIANCE,FIERCE GOVERNMENT RELATIONS,2025,Q4,40000.0,,,https://lda.gov/filings/public/filing/5da6a8c9-3c82-48c0-89a0-e7825945207b/print/
XYLEM INC.,XYLEM INC.,2025,Q4,110000.0,"H.R. 2940, H.R. 6075",,https://lda.gov/filings/public/filing/f27b64e9-c628-488f-bd9d-f6cb277d2c34/print/
"DEXCOM, INC.","DEXCOM, INC.",2025,Q4,390000.0,H.R. 1539,,https://lda.gov/filings/public/filing/b10ba27f-8380-493a-a2e7-e0c3b127932f/print/
XCEL ENERGY INC,"XCEL ENERGY, INC",2025,Q4,380000.0,"H.R. 1047, H.R. 1355, H.R. 2444, H.R. 2703, H.R. 3015, H.R. 3062, H.R. 3157, H.R. 3616, H.R. 3617, H.R. 3626, H.R. 3628, H.R. 3632, H.R. 3638, H.R. 3657, H.R. 3668, H.R. 3699, H.R. 3843, H.R. 3898, H.R. 4136, H.R. 4503, H.R. 471, H.R. 5600, H.R. 6336, H.R. 753, H.Res. 290, S. 1462, S. 1757, S. 1801, S. 1945, S. 2082, S. 914",ai-cyberattacks; power-bills,https://lda.gov/filings/public/filing/ff903872-ee9a-4140-bcf6-6423de2857ca/print/
HONEYWELL INTERNATIONAL,HONEYWELL INTERNATIONAL,2025,Q4,1860000.0,"H.R. 1, H.R. 3944, H.R. 4016, H.R. 4552, H.R. 4553, H.R. 4754, H.R. 4779, H.R. 5371, S. 2431, S. 2465, S. 2572, S. 3292",ai-cyberattacks,https://lda.gov/filings/public/filing/37e3570e-2ba9-4db7-95b9-8bace5a05115/print/
NATIONAL ASSOCIATION OF CHILDREN'S HOSPITALS (N.A.C.H.),NATIONAL ASSOCIATION OF CHILDRENS HOSPITALS AND AFFILIATES,2025,Q4,1280000.0,"H.R. 1, H.R. 1262, H.R. 1509, H.R. 1735, H.R. 2483, H.R. 2587, H.R. 3255, H.R. 3505, H.R. 3890, H.R. 4262, S. 1266, S. 1673, S. 2448, S. 357, S. 752, S. 779, S. 932",bioweapons; job-loss; kids-chatbots,https://lda.gov/filings/public/filing/80901477-b1cf-43d0-b3c7-1ed69314a5ee/print/
SHOPIFY INC.,INVARIANT LLC,2025,Q4,50000.0,,,https://lda.gov/filings/public/filing/317013db-5a88-4a24-84d7-acddebb6c529/print/
"SK AMERICAS, INC.","SK AMERICAS, INC.",2025,Q4,1570000.0,,,https://lda.gov/filings/public/filing/7ca88de1-8e02-4a18-a29b-f4708cd3ee59/print/
WALMART INC,WALMART INC.,2025,Q4,1640000.0,,,https://lda.gov/filings/public/filing/cd2d0d7d-043b-47f8-a5c5-68d4e9b3212a/print/
"HEALTHCARE PRIVACY FORUM, LLC DBA, HEALTHCARE TRUST INSTITUTE",AVENUE SOLUTIONS,2025,Q4,30000.0,,ai-cyberattacks,https://lda.gov/filings/public/filing/ce5c5684-8a39-44a7-918a-9a1a9e2cf4bb/print/
NEWS MEDIA ALLIANCE,"WILLIAMS AND JENSEN, PLLC",2025,Q4,60000.0,,,https://lda.gov/filings/public/filing/fa40da8f-7bd9-4182-8103-2c7e1f59727b/print/
"SAMSUNG ELECTRONICS AMERICA, INC.","SAMSUNG ELECTRONICS AMERICA, INC.",2025,Q4,1320000.0,,ai-cyberattacks,https://lda.gov/filings/public/filing/52286461-629b-4080-99aa-0354441ef448/print/
AMERICAN HOSPITAL ASSOCIATION,AMERICAN HOSPITAL ASSOCIATION,2025,Q4,6570000.0,"H.R. 1585, H.R. 3178, H.R. 4191, H.R. 4581, H.R. 5256, H.R. 5283, H.R. 5439, H.R. 5582, H.R. 6010, H.R. 6445, H.R. 6538, H.R. 6607, H.R. 929, S. 1600, S. 1784, S. 1868, S. 1874, S. 1929, S. 2062, S. 2355, S. 2372, S. 266, S. 2759, S. 2834, S. 3033, S. 3097, S. 3264, S. 3364, S. 3435, S. 709",ai-cyberattacks; job-loss; kids-chatbots,https://lda.gov/filings/public/filing/30300dfc-e44f-4a5b-aea0-2ab56070acfb/print/
INTERNATIONAL BUSINESS MACHINES CORPORATION (IBM),INTERNATIONAL BUSINESS MACHINES CORPORATION (IBM),2025,Q4,610000.0,"H.R. 2683, S. 579",ai-cyberattacks,https://lda.gov/filings/public/filing/35074faa-ba24-4d83-bf61-94dc3762cd66/print/
ZETA GLOBAL CORP.,EMERGENT STRATEGIES,2025,Q4,60000.0,,,https://lda.gov/filings/public/filing/e1886f8c-d4e8-49b8-8c4a-f56cca515ac7/print/
RECORDING INDUSTRY ASSOCIATION OF AMERICA,FIERCE GOVERNMENT RELATIONS,2025,Q4,50000.0,,,https://lda.gov/filings/public/filing/e2e6a695-9453-4b9a-ac20-bafa2b4f0780/print/
INSURED RETIREMENT INSTITUTE,INSURED RETIREMENT INSTITUTE,2025,Q4,240000.0,"H.R. 1013, H.R. 10467, H.R. 1165, H.R. 1177, H.R. 1469, H.R. 1777, H.R. 20, H.R. 2082, H.R. 2089, H.R. 2441, H.R. 2478, H.R. 2696, H.R. 2718, H.R. 2799, H.R. 2891, H.R. 2988, H.R. 3383, H.R. 3469, H.R. 3482, H.R. 39, H.R. 3942, H.R. 4177, H.R. 4237, H.R. 4637, H.R. 4718, H.R. 4763, H.R. 5337, H.R. 5338, H.R. 5339, H.R. 5748, H.R. 5887, H.R. 5914, H.R. 6084, H.R. 6722, H.R. 6729, H.R. 6757, H.R. 6772, H.R. 8944, H.R. 9515, H.R. 9764, H.R. 9765, S. 1198, S. 1323, S. 1526, S. 1561, S. 1696, S. 1707, S. 1773, S. 1831, S. 1839, S. 1877, S. 2007, S. 2281, S. 2282, S. 2387, S. 2461, S. 2512, S. 2840, S. 2860, S. 3086, S. 3715, S. 424, S. 427, S. 5139, S. 5148, S. 5149, S. 852, S. 955",job-loss,https://lda.gov/filings/public/filing/403ce7d4-7f79-4ecb-9706-7d59756e52dd/print/
NATIONAL RETAIL FEDERATION,FEROX STRATEGIES,2025,Q4,30000.0,,,https://lda.gov/filings/public/filing/2eaf2f15-268e-49eb-8cbc-9468bc7e5c73/print/
THE INTERNET INFRASTRUCTURE COALITION (I2COALITION),"TWINLOGIC STRATEGIES, LLP",2025,Q4,30000.0,,ai-cyberattacks; deepfakes; kids-chatbots,https://lda.gov/filings/public/filing/ecdde37d-a63f-4375-9662-9ebf57273141/print/
NCTA - THE INTERNET & TELEVISION ASSOCIATION,"GUIDEPOSTSTRATEGIES, LLC",2025,Q4,50000.0,,,https://lda.gov/filings/public/filing/6508f36d-59e9-4797-bc43-466172a1af3d/print/
BAXTER HEALTHCARE CORPORATION,BAXTER HEALTHCARE CORPORATION,2025,Q4,340000.0,,bioweapons,https://lda.gov/filings/public/filing/22d0f8c0-3c57-4778-851c-91570c486d4f/print/
LINKEDIN CORPORATION,LINKEDIN CORPORATION,2025,Q4,230000.0,"H.R. 6291, H.R. 6484, S. 1683, S. 1748, S. 278, S. 836",job-loss; kids-chatbots,https://lda.gov/filings/public/filing/98d399ba-5154-4f74-93d4-a52e2065c869/print/
ORACLE CORPORATION,ORACLE CORPORATION,2025,Q4,2320000.0,"H.R. 2683, H.R. 3838, H.R. 4016, H.R. 5885, H.R. 6875, S. 2296, S. 2572, S. 3150",ai-cyberattacks; china-race; job-loss; kids-chatbots; power-bills,https://lda.gov/filings/public/filing/fca4ccfa-6e73-4166-b994-ae9cc40c5f96/print/
PEPSICO INC,"PEPSICO, INC",2025,Q4,820000.0,,,https://lda.gov/filings/public/filing/40685ec7-711b-4d31-967e-c0f5b7e952cb/print/
UNIVERSITY OF GEORGIA,UNIVERSITY OF GEORGIA,2025,Q4,80000.0,,,https://lda.gov/filings/public/filing/eed844a0-1b94-47c1-8451-f297dbd518be/print/
UNIVERSITY OF CALIFORNIA,UNIVERSITY OF CALIFORNIA,2025,Q4,450000.0,"H.R. 1223, H.R. 1968, H.R. 2556, H.R. 3151, H.R. 3705, H.R. 3816, H.R. 3838, H.R. 4121, H.R. 4302, H.R. 4553, H.R. 5089, H.R. 5304, H.R. 5342, H.R. 5371, S. 1071, S. 1278, S. 1541, S. 1958, S. 2256, S. 2296, S. 2354, S. 2587, S. 318, S. 322, S. 3293",ai-cyberattacks; job-loss,https://lda.gov/filings/public/filing/8653f44c-d5a2-4f17-9941-ccb40b69bb5c/print/
SIEMENS CORPORATION,FIERCE GOVERNMENT RELATIONS,2025,Q4,60000.0,S. 2506,job-loss; power-bills,https://lda.gov/filings/public/filing/9bfad0ee-2d23-4a9e-bab6-02b487495e65/print/
DOW CHEMICAL COMPANY DBA DOW,"THE DOW CHEMICAL COMPANY, DBA DOW",2025,Q4,910000.0,"H.R. 5061, H.R. 5079, S. 1071, S. 1337, S. 1631",ai-cyberattacks,https://lda.gov/filings/public/filing/e8492f33-84d8-4f07-8edc-1706c61d9473/print/
"SIEMENS ENERGY, INC.",FIERCE GOVERNMENT RELATIONS,2025,Q4,50000.0,H.R. 4776,power-bills,https://lda.gov/filings/public/filing/a7061eb4-f543-4ec1-97bf-d36eca25efee/print/
BLOCK INC.,BLOCK INC.,2025,Q4,520000.0,"S. 1582, S. 394",,https://lda.gov/filings/public/filing/7d107147-fbf7-46e8-b138-09bccee12e65/print/
"HUGGING FACE, INC.",INVARIANT LLC,2025,Q4,60000.0,,,https://lda.gov/filings/public/filing/c962bc6b-7706-44b6-841c-5ee0018175f0/print/
LINKEDIN,"TWINLOGIC STRATEGIES, LLP",2025,Q4,50000.0,,kids-chatbots,https://lda.gov/filings/public/filing/4019a8a8-3be9-4f38-88b9-16c27c95c602/print/
MICROSOFT CORPORATION,MICROSOFT CORPORATION,2025,Q4,2420000.0,"H.R. 4059, S. 1367, S. 1894, S. 2253, S. 2296, S. 2342, S. 5618",ai-cyberattacks; deepfakes; kids-chatbots,https://lda.gov/filings/public/filing/9d83af86-eb8b-4eb0-b43e-22f1aa9aff25/print/
DELTA AIR LINES INC,"DELTA AIR LINES, INC.",2025,Q4,1400000.0,"H.R. 1, H.R. 1719, H.R. 3530, H.R. 4213, H.R. 4552, H.R. 5371, H.R. 5451, H.R. 5455, H.R. 6086, H.R. 6518, S. 1045, S. 144, S. 2465, S. 3387",ai-cyberattacks; job-loss,https://lda.gov/filings/public/filing/acee7dcc-b08d-400e-9eb8-ecb08b5c3b2d/print/
NATIONAL VENTURE CAPITAL ASSOCIATION,NATIONAL VENTURE CAPITAL ASSOCIATION,2025,Q4,722908.0,H.R. 2385,,https://lda.gov/filings/public/filing/32ff3d23-e48e-4452-957c-8fa1bead879e/print/
INTEL CORPORATION,INTEL CORPORATION,2025,Q4,490000.0,"H.R. 1968, H.R. 3447, H.R. 4016, H.R. 4779, H.R. 4920, H.R. 5342, H.R. 5885, H.R. 6207, H.R. 6322, S. 1473, S. 1705, S. 2354, S. 2572, S. 3150, S. 3301, S. 3374",china-race,https://lda.gov/filings/public/filing/639306f6-fbee-45b2-90f7-3f3fcc857856/print/
"NASDAQ OMX GROUP (FORMERLY ""THE NASDAQ STOCK MARKET"")","PUBLIC STRATEGIES WASHINGTON, INC.",2025,Q4,60000.0,,,https://lda.gov/filings/public/filing/fab9377c-4cc8-4e94-b7e9-602426205819/print/
ORACLE CORPORATION,AVENUE SOLUTIONS,2025,Q4,60000.0,,ai-cyberattacks,https://lda.gov/filings/public/filing/5608c539-92ee-46c0-9fab-a5c771be9cd1/print/
"OPENAI OPCO, LLC","OPENAI OPCO, LLC",2025,Q4,890000.0,,ai-cyberattacks,https://lda.gov/filings/public/filing/8fd00332-8a97-439d-9348-bef9437f524d/print/
"SERVICENOW, INC.","SERVICENOW, INC.",2025,Q4,300000.0,,,https://lda.gov/filings/public/filing/c84d2435-78de-4c92-a5fb-07f14b60dae0/print/
"SIEMENS MEDICAL SOLUTIONS USA, INC.",AVENUE SOLUTIONS,2025,Q4,70000.0,"H.R. 6197, S. 1399",,https://lda.gov/filings/public/filing/665beb81-4589-41d5-bc7f-543379398580/print/
"SAREPTA THERAPEUTICS, INC.","SAREPTA THERAPEUTICS, INC.",2025,Q4,230000.0,,,https://lda.gov/filings/public/filing/f61c4c69-77f4-44b1-b43c-aa9485d59eb0/print/
MICROSOFT CORPORATION,MICHAEL BEST STRATEGIES LLC,2025,Q4,80000.0,,,https://lda.gov/filings/public/filing/9825aa24-899b-4577-96b1-4c6d27bbf623/print/
"COREWEAVE, INC.","COREWEAVE, INC.",2025,Q4,210000.0,,china-race; power-bills,https://lda.gov/filings/public/filing/6e2b5a8d-baa7-466e-a73e-a18d5c439079/print/
"CONSTELLATION ENERGY GENERATION, LLC","CONSTELLATION ENERGY GENERATION, LLC",2025,Q4,1580000.0,,power-bills,https://lda.gov/filings/public/filing/a2f155dc-a43f-4e3a-bb96-7394918f7405/print/
"VISA, INC.",VISA INC.,2025,Q4,1670000.0,"H.R. 3633, S. 1582, S. 2296",ai-cyberattacks,https://lda.gov/filings/public/filing/071c99f4-a5b3-404f-b712-1fac18dc8d50/print/
BLUE CROSS AND BLUE SHIELD OF KANSAS INC,"BLUE CROSS AND BLUE SHIELD OF KANSAS, INC.",2025,Q4,10000.0,"H.R. 1197, H.R. 1909, H.R. 2079, H.R. 247, H.R. 2483, H.R. 2493, H.R. 2509, H.R. 2528, H.R. 3120, H.R. 3237, H.R. 3417, H.R. 3419, H.R. 3593, H.R. 3841, H.R. 4710, H.R. 5378, H.R. 5463, H.R. 5972, H.R. 6232, H.R. 6703, S. 1451, S. 1851, S. 1874, S. 2121, S. 2301, S. 2355, S. 2420, S. 2497, S. 2903, S. 46, S. 5535, S. 931, S. 958, S. 976",ai-cyberattacks; job-loss,https://lda.gov/filings/public/filing/6656f34b-b6cd-4a02-96a1-66892f788c2a/print/
IBM,KAMINS CONSULTING,2025,Q4,50000.0,"S. 2750, S. 579",,https://lda.gov/filings/public/filing/0aaa6884-aefd-4ad0-a878-b2749ec255bf/print/
ANTHROPIC,ANTHROPIC,2025,Q4,840000.0,"H.R. 4776, H.R. 5885",china-race,https://lda.gov/filings/public/filing/f1f12efe-e53f-4396-886b-2fb674e4e22e/print/
SONY MUSIC ENTERTAINMENT (FORMERLY KNOWN AS SONY BMG MUSIC ENTERTAINMENT),SONY MUSIC ENTERTAINMENT (FORMERLY KNOWN AS SONY BMG MUSIC ENTERTAINMENT),2025,Q4,410000.0,"H.R. 2794, H.R. 861",,https://lda.gov/filings/public/filing/ebf9dbb7-a3c3-4cc3-8026-347558b54f52/print/
COMPUTER & COMMUNICATIONS INDUSTRY ASSOCIATION,COMPUTER & COMMUNICATIONS INDUSTRY ASSOCIATION,2025,Q4,100000.0,"H.R. 633, H.R. 699, H.R. 8187, S. 2220",china-race; deepfakes; kids-chatbots,https://lda.gov/filings/public/filing/30a23d51-a162-48d2-a657-3f6aa2fb8724/print/
"SALESFORCE, INC.",INVARIANT LLC,2025,Q4,80000.0,,,https://lda.gov/filings/public/filing/0b295bb7-de5a-4383-a662-b6f6b3a035b4/print/
NATIONAL ALLIANCE ON MENTAL ILLNESS,NATIONAL ALLIANCE ON MENTAL ILLNESS,2025,Q4,10000.0,"H.R. 1, H.R. 1096, H.R. 1141, H.R. 1290, H.R. 1305, H.R. 1392, H.R. 1448, H.R. 1492, H.R. 1509, H.R. 1510, H.R. 1582, H.R. 1598, H.R. 1649, H.R. 169, H.R. 1735, H.R. 1867, H.R. 1902, H.R. 1906, H.R. 1987, H.R. 2028, H.R. 2036, H.R. 2044, H.R. 2082, H.R. 2085, H.R. 2223, H.R. 2263, H.R. 2305, H.R. 2426, H.R. 247, H.R. 2483, H.R. 2495, H.R. 2502, H.R. 2509, H.R. 2540, H.R. 2586, H.R. 2587, H.R. 2590, H.R. 2630, H.R. 2741, H.R. 2879, H.R. 2904, H.R. 2936, H.R. 2942, H.R. 2945, H.R. 2957, H.R. 3103, H.R. 3130, H.R. 3243, H.R. 3260, H.R. 3262, H.R. 3266, H.R. 3305, H.R. 3308, H.R. 3312, H.R. 3316, H.R. 3320, H.R. 3363, H.R. 3372, H.R. 3384, H.R. 3419, H.R. 3420, H.R. 3505, H.R. 3514, H.R. 3520, H.R. 3534, H.R. 3567, H.R. 3601, H.R. 3621, H.R. 3624, H.R. 3627, H.R. 3655, H.R. 3658, H.R. 3689, H.R. 3743, H.R. 3757, H.R. 3758, H.R. 3884, H.R. 3907, H.R. 3939, H.R. 4022, H.R. 4024, H.R. 4028, H.R. 4037, H.R. 4120, H.R. 4186, H.R. 4313, H.R. 438, H.R. 4400, H.R. 4619, H.R. 4723, H.R. 4745, H.R. 4805, H.R. 5040, H.R. 5045, H.R. 5081, H.R. 5145, H.R. 5306, H.R. 5357, H.R. 5417, H.R. 5420, H.R. 5434, H.R. 5462, H.R. 5482, H.R. 5509, H.R. 553, H.R. 5553, H.R. 5557, H.R. 5725, H.R. 5733, H.R. 577, H.R. 5828, H.R. 5859, H.R. 5861, H.R. 6002, H.R. 608, H.R. 6096, H.R. 6133, H.R. 6226, H.R. 6408, H.R. 6454, H.R. 6672, H.R. 6760, H.R. 6817, H.R. 71, H.R. 912, H.R. 929, H.R. 957, H.Res. 441, H.Res. 542, H.Res. 671, H.Res. 684, H.Res. 697, H.Res. 764, H.Res. 792, S. 1007, S. 1056, S. 1062, S. 1074, S. 1261, S. 1264, S. 1266, S. 1329, S. 139, S. 1448, S. 1477, S. 1611, S. 1655, S. 1663, S. 1673, S. 1676, S. 1689, S. 1720, S. 1748, S. 1797, S. 1816, S. 1843, S. 1878, S. 1895, S. 1897, S. 1912, S. 1924, S. 2005, S. 2011, S. 2024, S. 2037, S. 2050, S. 2069, S. 2131, S. 219, S. 2248, S. 2282, S. 2336, S. 2401, S. 2446, S. 2532, S. 2556, S. 266, S. 2709, S. 2825, S. 2826, S. 2847, S. 3042, S. 3076, S. 3139, S. 3199, S. 3300, S. 332, S. 3486, S. 3522, S. 414, S. 454, S. 46, S. 473, S. 585, S. 600, S. 609, S. 665, S. 683, S. 702, S. 752, S. 768, S. 779, S. 825, S. 906, S. 925, S. 926, S. 931, S.Res. 208, S.Res. 249, S.Res. 385",job-loss; kids-chatbots,https://lda.gov/filings/public/filing/f43e1383-6af9-4dc7-94f7-2f084926dad7/print/
NOVARTIS,NOVARTIS,2025,Q4,1000000.0,"H.R. 1262, H.R. 2214, H.R. 3037, H.R. 5256, H.R. 946, S. 1500, S. 1682, S. 864, S. 932",kids-chatbots,https://lda.gov/filings/public/filing/110e01d6-c828-411f-b542-ef89cf18779e/print/
"T-MOBILE USA, INC.",GOLDSTEIN POLICY SOLUTIONS LLC,2025,Q4,30000.0,,,https://lda.gov/filings/public/filing/6f7f0549-2790-46a2-aac1-c9aae65ff568/print/
"UBER TECHNOLOGIES, INC.","UBER TECHNOLOGIES, INC.",2025,Q4,790000.0,"H.R. 6291, S. 1654",kids-chatbots,https://lda.gov/filings/public/filing/cf2fa5cc-f133-4bbc-868f-13b380a7788d/print/
AMERICAN MEDICAL ASSOCIATION,AMERICAN MEDICAL ASSOCIATION,2025,Q4,5480000.0,"H.R. 1, H.R. 1201, H.R. 1317, H.R. 1521, H.R. 1585, H.R. 1614, H.R. 1968, H.R. 2028, H.R. 2120, H.R. 2191, H.R. 2314, H.R. 2332, H.R. 2433, H.R. 247, H.R. 2483, H.R. 2757, H.R. 3022, H.R. 3108, H.R. 3164, H.R. 3492, H.R. 3514, H.R. 3878, H.R. 3890, H.R. 3951, H.R. 4002, H.R. 4206, H.R. 4313, H.R. 4710, H.R. 4731, H.R. 483, H.R. 4837, H.R. 4849, H.R. 4977, H.R. 5081, H.R. 5145, H.R. 5199, H.R. 5269, H.R. 5283, H.R. 5347, H.R. 5371, H.R. 539, H.R. 5467, H.R. 5469, H.R. 5737, H.R. 5813, H.R. 5861, H.R. 5940, H.R. 6160, H.R. 6501, H.R. 6575, H.R. 6703, H.R. 681, H.R. 768, H.R. 786, H.R. 879, H.R. 929, S. 1031, S. 106, S. 1105, S. 1261, S. 1380, S. 1390, S. 1399, S. 141, S. 1460, S. 1535, S. 1640, S. 1692, S. 1701, S. 1767, S. 1816, S. 1996, S. 2237, S. 232, S. 2420, S. 2426, S. 2439, S. 2650, S. 266, S. 2709, S. 2715, S. 2759, S. 2761, S. 2858, S. 2882, S. 3097, S. 3204, S. 3315, S. 3385, S. 3386, S. 3480, S. 526, S. 527, S. 632, S. 665, S. 709, S. 891, S. 942, S.J.Res. 84",ai-cyberattacks; bias; job-loss; kids-chatbots,https://lda.gov/filings/public/filing/fa43da19-c39f-46bb-93a5-859c4345151d/print/
FISERV (FKA FIRST DATA CORPORATION),FISERV (FKA FIRST DATA CORPORATION),2025,Q4,220000.0,,ai-cyberattacks,https://lda.gov/filings/public/filing/951b4b11-64af-4210-96bd-457902b0f350/print/
BUSINESS SOFTWARE ALLIANCE,BUSINESS SOFTWARE ALLIANCE,2025,Q4,530000.0,"H.R. 1000, H.R. 2385, H.R. 2417, H.R. 2765, H.R. 3220, H.R. 3788, H.R. 3838, H.R. 3961, H.R. 4142, H.R. 4942, H.R. 633, H.R. 6875, S. 1337, S. 1344, S. 1362, S. 146, S. 1746, S. 1748, S. 1792, S. 2081, S. 2558, S. 2750, S. 3150, S. 836",ai-cyberattacks; china-race; kids-chatbots,https://lda.gov/filings/public/filing/df0109c3-5f8c-49cb-a2b6-5e0fe3633e6a/print/
"X CORP. (FORMERLY TWITTER, INC.)","TWINLOGIC STRATEGIES, LLP",2025,Q4,40000.0,,kids-chatbots,https://lda.gov/filings/public/filing/a7b12f65-2056-4046-a8df-157a3107c598/print/
BIOTECHNOLOGY INNOVATION ORGANIZATION,BIOTECHNOLOGY INNOVATION ORGANIZATION,2025,Q4,1510000.0,"H.R. 1262, H.R. 1492, H.R. 1672, H.R. 3152, H.R. 3160, H.R. 5256, H.R. 6166, H.R. 6423, H.R. 6485, H.R. 946, S. 1041, S. 1095, S. 1096, S. 1097, S. 1302, S. 1546, S. 1553, S. 1862, S. 2276, S. 2658, S. 43, S. 526, S. 527, S. 705, S. 832, S. 864, S. 932",bioweapons; china-race; kids-chatbots,https://lda.gov/filings/public/filing/cc3c3d81-dca7-45fa-9389-0790ef9b06a4/print/
S&P GLOBAL INC. (F/K/A MCGRAW HILL FINANCIAL INC.),S&P GLOBAL INC. (F/K/A MCGRAW HILL FINANCIAL INC.),2025,Q4,270000.0,,power-bills,https://lda.gov/filings/public/filing/713e69f5-a9bd-482c-808d-18df2782f451/print/
"T-MOBILE USA, INC.","TWINLOGIC STRATEGIES, LLP",2025,Q4,40000.0,,ai-cyberattacks,https://lda.gov/filings/public/filing/1aad99f7-fb40-4350-85fe-9e4a4c6ee8a4/print/
COMPTEL DBA INCOMPAS,COMPTEL DBA INCOMPAS,2025,Q4,30000.0,"H.R. 3668, H.R. 3898",china-race,https://lda.gov/filings/public/filing/b6b26815-76ee-4cc4-803c-3552e0658b1c/print/
SCIENCE APPLICATIONS INTERNATIONAL CORPORATION,"TWINLOGIC STRATEGIES, LLP",2025,Q4,30000.0,,ai-cyberattacks,https://lda.gov/filings/public/filing/4f82881d-adc0-4758-a633-b248b85e2d09/print/
"DROPBOX, INC.","DROPBOX, INC.",2025,Q4,270000.0,,,https://lda.gov/filings/public/filing/3f447cc9-2475-4453-b893-bc4b069eb9e7/print/
NXP USA INC,"NXP USA, INC.",2025,Q4,40000.0,,,https://lda.gov/filings/public/filing/5baa05e5-1681-42c9-859b-59a560627486/print/
SIIA,"TWINLOGIC STRATEGIES, LLP",2025,Q4,25000.0,,deepfakes,https://lda.gov/filings/public/filing/149679a1-1ed1-466e-9e45-6c3912b4e3d8/print/
LOWE'S COMPANIES INC.,LOWE'S COMPANIES INC.,2025,Q4,530000.0,,,https://lda.gov/filings/public/filing/92647cb4-5c4c-43d4-9e9e-f1056e319649/print/
NVIDIA,THE VOGEL GROUP,2025,Q4,60000.0,,,https://lda.gov/filings/public/filing/96f4b825-dade-41f4-b899-32d7c9cc6c9a/print/
BLUE CROSS BLUE SHIELD OF MICHIGAN,BLUE CROSS BLUE SHIELD OF MICHIGAN,2025,Q4,265983.0,"H.R. 2079, H.R. 247, H.R. 2483, H.R. 2493, H.R. 2509, H.R. 2528, H.R. 2571, H.R. 3237, H.R. 3302, H.R. 3417, H.R. 3419, H.R. 3841, H.R. 4262, H.R. 4710, H.R. 5378, H.R. 5463, H.R. 5972, H.R. 6232, H.R. 6703, S. 1851, S. 2121, S. 2301, S. 2420, S. 2497, S. 46, S. 5535, S. 931, S. 976",ai-cyberattacks,https://lda.gov/filings/public/filing/fa69b455-2ffe-48a9-a87f-dd05e849ef5a/print/
MEDICAL GROUP MANAGEMENT ASSN,MEDICAL GROUP MANAGEMENT ASSN,2025,Q4,300000.0,"H.R. 3514, H.R. 4002, H.R. 5269, H.R. 5454, H.R. 5509, H.R. 6160, H.R. 786, S. 1460, S. 1816",ai-cyberattacks; job-loss,https://lda.gov/filings/public/filing/ee8c0f6b-804e-4281-ab37-fd264ae67652/print/
TECHNOLOGY NETWORK AKA TECHNET,TECHNOLOGY NETWORK AKA TECHNET,2025,Q4,450000.0,,ai-cyberattacks; kids-chatbots,https://lda.gov/filings/public/filing/0dc50d17-83b2-48fd-a679-993629bbcf5e/print/
NEWS MEDIA ALLIANCE,NEWS MEDIA ALLIANCE,2025,Q4,480000.0,"H.R. 10540, H.R. 1623, H.R. 2657, H.R. 3149, H.R. 3838, H.R. 5360, H.R. 6253, H.R. 6257, H.R. 6259, H.R. 6265, H.R. 6273, H.R. 6289, H.R. 6290, H.R. 6291, H.R. 6292, H.R. 633, H.R. 6333, H.R. 6437, H.R. 6484, H.R. 6489, H.R. 6499, S. 1071, S. 1396, S. 146, S. 2367, S. 2455, S. 278, S. 3663, S. 836",bias; deepfakes; kids-chatbots; loss-of-control,https://lda.gov/filings/public/filing/53e4d1de-7d4a-43a9-a54c-982497224f3a/print/
"META PLATFORMS, INC. AND VARIOUS SUBSIDIARIES","META PLATFORMS, INC. AND VARIOUS SUBSIDIARIES",2025,Q4,6500000.0,"H.R. 1623, H.R. 2657, H.R. 3149, H.R. 3209, H.R. 5360, H.R. 6048, H.R. 6253, H.R. 6257, H.R. 6259, H.R. 6265, H.R. 6273, H.R. 6289, H.R. 6290, H.R. 6291, H.R. 6333, H.R. 6437, H.R. 6484, H.R. 6488, H.R. 6489, H.R. 6499, S. 1071, S. 1367, S. 146, S. 1586, S. 1748, S. 1792, S. 1829, S. 2019, S. 2081, S. 2750, S. 3150, S. 836",ai-cyberattacks; bias; deepfakes; kids-chatbots; loss-of-control,https://lda.gov/filings/public/filing/d2731b37-be9a-4cff-9b43-e1c213bca777/print/
"FIGMA, INC.",INVARIANT LLC,2025,Q4,90000.0,,,https://lda.gov/filings/public/filing/45155f20-2870-43e6-a7db-6896c9c2502e/print/
SOFTWARE & INFORMATION INDUSTRY ASSOCIATION,SIIA,2025,Q4,1342666.0,"H.R. 2385, H.R. 3209, H.R. 3562, H.R. 4776, H.R. 4801, H.R. 5885, S. 1748, S. 1837, S. 1894, S. 2528, S. 2615, S. 2750, S. 278, S. 836",china-race; kids-chatbots,https://lda.gov/filings/public/filing/92878085-57dc-4a9d-9b3f-941184ed3cf0/print/
"ANTHROPIC, PBC","AQUIA GROUP, LLC",2025,Q4,60000.0,,china-race,https://lda.gov/filings/public/filing/7d16065c-e4c6-465e-8b1b-1dc1e0bd3105/print/
"COGNITION AI, INC.",INVARIANT LLC,2025,Q4,90000.0,,,https://lda.gov/filings/public/filing/a26b9f9b-4ec8-4a50-83b9-a12e02211785/print/
JOHNSON & JOHNSON SERVICES INC,"JOHNSON & JOHNSON SERVICES, INC.",2025,Q4,1510000.0,,ai-cyberattacks,https://lda.gov/filings/public/filing/17dffb0e-6912-445a-80ef-0c8495a26da8/print/
NATIONAL NURSES UNITED,NATIONAL NURSES UNITED,2025,Q4,130000.0,"H.R. 20, H.R. 2531, H.R. 2550, H.R. 3069, H.R. 3261, H.R. 3415, H.R. 4313, H.R. 6014, H.R. 6703, H.R. 783, H.Res. 876",bias; job-loss,https://lda.gov/filings/public/filing/248dd1f0-9eb4-4efa-85ea-20df3bfab58e/print/
IMBUE,"AQUIA GROUP, LLC",2025,Q4,40000.0,S. 1634,,https://lda.gov/filings/public/filing/b1b63814-dff4-47ad-8e60-cf9cfadf7c90/print/
TOOLS FOR HUMANITY CORPORATION,"TWINLOGIC STRATEGIES, LLP",2025,Q4,80000.0,,ai-cyberattacks,https://lda.gov/filings/public/filing/86c54641-2537-43d0-9a25-8c732868e4f2/print/
LAWYERS' COMMITTEE FOR CIVIL RIGHTS UNDER LAW,LAWYERS' COMMITTEE FOR CIVIL RIGHTS UNDER LAW,2025,Q4,40000.0,,bias; deepfakes; job-loss; kids-chatbots,https://lda.gov/filings/public/filing/25ef5bb0-8da0-4f69-bdf9-7ba03add6889/print/
"BLOCK, INC.","AVOQ, LLC",2025,Q4,60000.0,,,https://lda.gov/filings/public/filing/92b9cd29-9f4b-4f5c-91a8-d3a95b001a19/print/
RECORDING INDUSTRY ASSOCIATION OF AMERICA,COLTON STREET GROUP,2025,Q4,50000.0,,,https://lda.gov/filings/public/filing/2c115420-b226-4412-8daf-93ed0b310f55/print/
EDISON ELECTRIC INSTITUTE,"MISSY EDWARDS STRATEGIES, LLC",2025,Q4,30000.0,"H.R. 1047, H.R. 1355, H.R. 3015, H.R. 3062, H.R. 3157, H.R. 3616, H.R. 3617, H.R. 3628, H.R. 3632, H.R. 3638, H.R. 3657, H.R. 4503, H.R. 5600",ai-cyberattacks; power-bills,https://lda.gov/filings/public/filing/e2cf1b4e-f35f-44da-9e94-185eddb9c6cd/print/
"HAWAIIAN AIRLINES, INC.","HAWAIIAN AIRLINES, INC.",2025,Q4,160000.0,"H.R. 1, H.R. 1536, H.R. 1818, H.R. 2216, H.R. 3782, H.R. 4213, H.R. 4246, H.R. 4552, H.R. 5371, H.R. 5451, H.R. 5455, H.R. 5579, H.R. 5851, H.R. 6086, H.R. 6222, H.R. 6430, H.R. 6518, H.R. 6820, S. 1045, S. 1071, S. 1590, S. 1691, S. 1985, S. 2175, S. 2465, S. 2503, S. 2795, S. 3031, S. 3347, S. 3367",ai-cyberattacks; job-loss,https://lda.gov/filings/public/filing/c92d99d7-0595-49ef-9829-bcca2cf3a262/print/
RTX CORPORATION AND AFFILIATES,RTX CORPORATION AND AFFILIATES,2025,Q4,3260000.0,,,https://lda.gov/filings/public/filing/50942b67-0323-40a3-9af8-3fee97632f1f/print/
HITACHI ENERGY USA INC,HITACHI ENERGY USA INC,2025,Q4,130000.0,,power-bills,https://lda.gov/filings/public/filing/fbd8a6c5-64fe-49b7-8daf-261f48007c09/print/
"DISCOVERY COMMUNICATIONS, LLC","DISCOVERY COMMUNICATIONS, LLC",2025,Q4,430000.0,,deepfakes,https://lda.gov/filings/public/filing/4347671d-2cb1-4b15-bf81-ea1e5c731fb9/print/
THE AES CORPORATION,THE AES CORPORATION,2025,Q4,40000.0,H.R. 5600,power-bills,https://lda.gov/filings/public/filing/eeae5298-f5b8-4ac6-8636-41ff9d026df6/print/
DOUBLEVERIFY INC.,"AVOQ, LLC",2025,Q4,60000.0,,,https://lda.gov/filings/public/filing/4694902a-b2ae-442d-8958-96a476c88a26/print/
KROGER CO,THE KROGER CO.,2025,Q4,490000.0,H.R. 1165,china-race; kids-chatbots,https://lda.gov/filings/public/filing/6002274d-4f18-4eb8-ac85-676f28d8ec0f/print/
EYEO GMBH,"AVOQ, LLC",2025,Q4,50000.0,,,https://lda.gov/filings/public/filing/da720ea3-5c87-4d6a-8606-b00e7e2cc0c8/print/
"SB TECHNOLOGY, INC. D/B/A SANDBOXAQ",MICHAEL BEST STRATEGIES LLC,2025,Q4,60000.0,,,https://lda.gov/filings/public/filing/d257351d-ebfc-4749-b9b0-2956fc379769/print/
LEAGUE OF CONSERVATION VOTERS,LEAGUE OF CONSERVATION VOTERS,2025,Q4,280000.0,S. 2750,,https://lda.gov/filings/public/filing/c4e548c4-7036-4263-8061-bb32644123cf/print/
MANAGED FUNDS ASSOCIATION,MANAGED FUNDS ASSOCIATION,2025,Q4,1270000.0,"H.R. 1968, H.R. 2246, H.R. 3383, H.R. 3633, H.R. 3682, H.R. 3838, H.R. 5748, H.R. 6161, S. 1053, S. 1582, S. 2296, S. 3578",bias; china-race,https://lda.gov/filings/public/filing/18cae0bb-06ea-4ae7-a4df-98836d762119/print/
"T-MOBILE USA, INC.","T-MOBILE USA, INC.",2025,Q4,2684000.0,"H.R. 1, H.R. 1353, H.R. 2350, H.R. 2463, H.R. 2670, H.R. 3340, H.R. 3361, H.R. 3362, H.R. 3430, H.R. 4505, H.R. 4510, H.R. 5061, H.R. 5173, H.R. 651, H.R. 682, S. 1137, S. 146, S. 1648, S. 4049, S. 4207, S. 916, S. 98",ai-cyberattacks; china-race,https://lda.gov/filings/public/filing/41b4210a-d422-42f4-90f5-755ecc923d56/print/
PACIFIC LIFE INSURANCE COMPANY,PACIFIC LIFE INSURANCE COMPANY,2025,Q4,290000.0,"H.R. 2612, S. 1287, S. 2164, S. 2750",bias,https://lda.gov/filings/public/filing/b1f39e24-9c23-47a6-bc1d-4c113a143393/print/
GUARDIAN LIFE INSURANCE COMPANY OF AMERICA,"AVOQ, LLC",2025,Q4,60000.0,,,https://lda.gov/filings/public/filing/0afa4ebf-1cb3-4cda-a76f-7e5556f7474e/print/
"SWITCH, LTD",MICHAEL BEST STRATEGIES LLC,2025,Q4,110000.0,,power-bills,https://lda.gov/filings/public/filing/fcfc0dd5-f0ed-402f-af39-a2609e5e5313/print/
PINTEREST,"CM STRATEGIC, LLC",2025,Q4,30000.0,,kids-chatbots,https://lda.gov/filings/public/filing/40798abf-dcca-45d4-859d-a3968debfbc6/print/
"KYNDRYL, INC.","AVOQ, LLC",2025,Q4,60000.0,,ai-cyberattacks,https://lda.gov/filings/public/filing/7b80cb30-3857-4aef-8bd7-ecd58f23bfaf/print/
CARIS SCIENCE INC,SPLITOAK STRATEGIES LLC,2025,Q4,40000.0,,,https://lda.gov/filings/public/filing/2cb66f7a-c1a8-412c-b307-ae25f94f9ad8/print/
ADVANCE PUBLICATIONS,"NVG, LLC",2025,Q4,50000.0,S. 2367,kids-chatbots,https://lda.gov/filings/public/filing/3575d433-4c32-4539-ad04-c1d99ae51122/print/
COGNIZANT TECHNOLOGY SOLUTIONS U.S. CORPORATION,COGNIZANT TECHNOLOGY SOLUTIONS U.S. CORPORATION,2025,Q4,400000.0,H.R. 2385,,https://lda.gov/filings/public/filing/29f9257d-699e-430e-a76c-12da5d6a74f8/print/
AMERICAN ASSOCIATION FOR JUSTICE,"NVG, LLC",2025,Q4,90000.0,"H.R. 6265, H.R. 6291, H.R. 6484",kids-chatbots,https://lda.gov/filings/public/filing/a55920a6-eb98-45b6-b8ef-b95fcf99bccc/print/
MAPLEBEAR INC. D/B/A INSTACART,"AVOQ, LLC",2025,Q4,60000.0,,,https://lda.gov/filings/public/filing/9aaebe37-828f-4c5f-9d0c-9e85a8665ded/print/
"META PLATFORMS, INC.","AVOQ, LLC",2025,Q4,80000.0,,,https://lda.gov/filings/public/filing/86c5707c-e910-46cb-901a-2d22e7771b29/print/
AMERICAN ASSOCIATION OF INDEPENDENT MUSIC,"NVG, LLC",2025,Q4,20000.0,"H.R. 2794, H.R. 861, S. 1367, S. 326",,https://lda.gov/filings/public/filing/0540cefc-abee-4c41-ac2a-6ed73a3a191c/print/
BLACKROCK FUNDS SERVICES GROUP LLC,"BLACKROCK FUNDS SERVICES GROUP, LLC",2025,Q4,730000.0,,,https://lda.gov/filings/public/filing/b2093511-b34c-4b74-9c01-241dc72b1883/print/
COMCAST CORPORATION,"NVG, LLC",2025,Q4,30000.0,,,https://lda.gov/filings/public/filing/32a9b782-339b-4388-9e0d-280a8e85d557/print/
"PINTEREST, INC.","PINTEREST, INC.",2025,Q4,160000.0,"H.R. 1275, S. 1367, S. 1748",kids-chatbots,https://lda.gov/filings/public/filing/dead3637-0815-40a6-88a0-b92e03e4ce47/print/
GETTY IMAGES INC.,"NVG, LLC",2025,Q4,40000.0,"H.R. 2794, S. 1367, S. 2455",,https://lda.gov/filings/public/filing/857fc486-229e-40f2-9f54-f3e8f3005ce0/print/
AMAZON.COM SERVICES LLC,AMAZON.COM SERVICES LLC,2025,Q4,4590000.0,"H.R. 2385, H.R. 2853, H.R. 4123, H.R. 5457, H.R. 9747, S. 1404, S. 1956",ai-cyberattacks,https://lda.gov/filings/public/filing/ea7b9ed1-5e08-4c31-a04b-fe04480d73d2/print/
AMERICANS FOR RESPONSIBLE INNOVATION,AMERICANS FOR RESPONSIBLE INNOVATION,2025,Q4,470000.0,,china-race,https://lda.gov/filings/public/filing/b4ea86c7-5666-45dc-a8f1-ba5c5efeba05/print/
INSTITUTE OF INTERNAL AUDITORS,"NVG, LLC",2025,Q4,40000.0,,ai-cyberattacks,https://lda.gov/filings/public/filing/c754aa44-8a75-4187-8cea-ac40dcb64667/print/
INTERNATIONAL LONGSHORE AND WAREHOUSE UNION,"NVG, LLC",2025,Q4,60000.0,,job-loss,https://lda.gov/filings/public/filing/c23a2c7e-8e8b-4090-bcdf-1e041e35e5bb/print/
"SOCURE, INC.",BRUMIDI GROUP,2025,Q4,30000.0,"H.R. 1734, S. 2117",deepfakes,https://lda.gov/filings/public/filing/9c741fdb-0cf0-4286-8090-49e8fa8ead45/print/
MOTION PICTURE ASSOCIATION INC,"MOTION PICTURE ASSOCIATION, INC.",2025,Q4,660000.0,,deepfakes; kids-chatbots,https://lda.gov/filings/public/filing/de9ab89e-fc5b-40ad-aede-90cbc9bf8782/print/
RELX INC.,"AVOQ, LLC",2025,Q4,60000.0,,,https://lda.gov/filings/public/filing/65accf73-dcbc-4ab0-8b1e-f1bc20f835cf/print/
AMERICAN ASSOCIATION OF NURSE ANESTHETISTS,AMERICAN ASSOCIATION OF NURSE ANESTHETISTS,2025,Q4,450000.0,"H.R. 1, H.R. 1317, H.R. 2234, H.R. 3145, H.R. 3593, H.R. 392, H.R. 3944, H.R. 5304, H.R. 6545, S. 131, S. 1548, S. 1847, S. 1874, S. 2587, S. 575",bias; job-loss,https://lda.gov/filings/public/filing/c9c885ae-f4db-40c2-9a04-34c3e6e44c08/print/
DELL TECHNOLOGIES,"THEGROUP DC, LLC",2025,Q4,80000.0,,ai-cyberattacks,https://lda.gov/filings/public/filing/048c5145-f5e9-4a13-9bb2-f72c38575259/print/
EVOLUTION EQUITY PARTNERS,"HILL EAST GROUP, LLC",2025,Q4,30000.0,,ai-cyberattacks; job-loss,https://lda.gov/filings/public/filing/d01f8af9-4936-4781-bc9c-b47ffa9b49cc/print/
INFORMS,BRUMIDI GROUP,2025,Q4,21000.0,,,https://lda.gov/filings/public/filing/6be877f8-7eb5-4313-9ac5-a08e76fe33d9/print/
"CITIGROUP WASHINGTON, INC.","CITIGROUP WASHINGTON, INC.",2025,Q4,1270000.0,"H.R. 1944, H.R. 2246, H.R. 2392, H.R. 2548, H.R. 2702, H.R. 3655, H.R. 987, S. 1053, S. 1241, S. 1582, S. 2381, S. 2999, S. 401, S. 875, S. 919",ai-cyberattacks; china-race,https://lda.gov/filings/public/filing/3a3e3f1b-5229-4d7b-acb9-e656491337c3/print/
"PREMIER, INC.","PREMIER, INC.",2025,Q4,190000.0,"H.R. 1585, H.R. 2172, H.R. 2213, H.R. 2433, H.R. 3178, H.R. 3514, H.R. 4464, H.R. 4559, H.R. 4731, H.R. 483, H.R. 5031, H.R. 786, S. 1058, S. 1460, S. 1600, S. 1816, S. 2439, S. 709, S. 998",ai-cyberattacks; bioweapons; job-loss,https://lda.gov/filings/public/filing/1e2d5a7d-c12f-4f2e-a3ed-867ec68fa563/print/
TECHNOLOGY NETWORK AKA TECHNET,"AVOQ, LLC",2025,Q4,60000.0,,,https://lda.gov/filings/public/filing/e70978c9-37b7-45a8-8fb4-eb2e269e5950/print/
COGNIZANT TECHNOLOGY SOLUTIONS,"THEGROUP DC, LLC",2025,Q4,60000.0,,,https://lda.gov/filings/public/filing/9558e007-d550-428e-b495-9c5ba332cf54/print/
SOLVENTUM CORPORATION,SOLVENTUM CORPORATION,2025,Q4,260000.0,H.R. 1,,https://lda.gov/filings/public/filing/c2ad1cf0-ff9e-4f60-ad43-846b5896160d/print/
GSK (FKA GLAXOSMITHKLINE INC.),GSK (FKA GLAXOSMITHKLINE INC.),2025,Q4,810000.0,"H.R. 1, H.R. 1262, H.R. 1492, H.R. 2214, H.R. 3701, H.R. 4132, H.R. 4299, H.R. 4317, H.R. 5256, H.R. 6283, H.R. 6423, H.R. 946, S. 1414, S. 1954, S. 2296, S. 2658, S. 2710, S. 3345, S. 355, S. 5459, S. 652, S. 832, S. 864, S. 882, S. 891, S. 932",kids-chatbots,https://lda.gov/filings/public/filing/fc3aeed1-bc5e-4114-80ad-d45dfd06e8ba/print/
"WORKDAY, INC.","WORKDAY, INC.",2025,Q4,360000.0,,ai-cyberattacks,https://lda.gov/filings/public/filing/eb8132ad-d976-4058-bcb7-f8651aee68d9/print/
QUALCOMM INCORPORATED,"QUALCOMM, INCORPORATED",2025,Q4,1770000.0,"H.R. 802, S. 2503",,https://lda.gov/filings/public/filing/36fa6dd4-edcb-42b4-a31b-497a0329e7a4/print/
TSMC ARIZONA,"SIGHTLINE ADVOCACY, LLC",2025,Q4,50000.0,"H.R. 3447, H.R. 3838, H.R. 5885, S. 1705, S. 2296, S. 3150, S. 3301",china-race,https://lda.gov/filings/public/filing/3620f3f0-0c60-4578-a92f-aa62e950ca11/print/
SMARTER TECHNOLOGIES,THORN RUN PARTNERS,2025,Q4,40000.0,,,https://lda.gov/filings/public/filing/4f80e6da-79a4-48e3-81b2-7f448ab50633/print/
LINKEDIN CORPORATION,"HARBINGER STRATEGIES, LLC",2025,Q4,50000.0,,,https://lda.gov/filings/public/filing/dad0175a-42a0-4fe2-a322-5be6fd028d76/print/
GOOGLE CLIENT SERVICES LLC,JEFFRIES STRATEGIES LLC,2025,Q4,45000.0,,,https://lda.gov/filings/public/filing/bd2c4096-e185-4ed4-bb73-f94c52107f4f/print/
"META PLATFORMS, INC.",JEFFRIES STRATEGIES LLC,2025,Q4,45000.0,,ai-cyberattacks; deepfakes; kids-chatbots,https://lda.gov/filings/public/filing/1ef5e53f-54db-4861-a0f6-3dcf0c51ab0a/print/
"AMERICAN SOCIETY OF COMPOSERS, AUTHORS AND PUBLISHERS (ASCAP)",THORN RUN PARTNERS,2025,Q4,110000.0,,,https://lda.gov/filings/public/filing/c6708bde-4230-4df5-93b7-f1895dd57ef3/print/
AMAZON.COM SERVICES LLC,JEFFRIES STRATEGIES LLC,2025,Q4,45000.0,,,https://lda.gov/filings/public/filing/bc2d4194-bfa2-452a-b5fc-fe4c307d8270/print/
"UBER TECHNOLOGIES, INC.",JEFFRIES STRATEGIES LLC,2025,Q4,45000.0,,,https://lda.gov/filings/public/filing/b74a9458-cf33-428a-98f5-ffa60c6fb513/print/
BUSINESS ROUNDTABLE INC,"THE BUSINESS ROUNDTABLE, INC.",2025,Q4,9930000.0,"H.R. 5079, H.R. 5371, S. 1337, S. 2983",ai-cyberattacks,https://lda.gov/filings/public/filing/984e3ac3-20fc-4e62-a815-5477be7554c2/print/
"CENTER FOR AI SAFETY ACTION FUND, INC.","CENTER FOR AI SAFETY ACTION FUND, INC.",2025,Q4,80000.0,"H.R. 3838, S. 2296",china-race,https://lda.gov/filings/public/filing/f2ac9705-c541-4afd-bcd5-e0e5bd6925db/print/
EXELON BUSINESS SERVICES LLC,"EXELON BUSINESS SERVICES, LLC",2025,Q4,460000.0,H.R. 5301,power-bills,https://lda.gov/filings/public/filing/aa32ec2e-ebae-4d51-b8d5-18d824b8b538/print/
"AMERICAN HONDA MOTOR CO., INC.","AMERICAN HONDA MOTOR CO., INC.",2025,Q4,526073.0,"H.R. 3684, H.R. 5371, S. 1377",ai-cyberattacks; job-loss,https://lda.gov/filings/public/filing/d4d7b1c3-8ace-4849-a0dd-db55d91e3837/print/
MAPLEBEAR INC. D/B/A INSTACART,"HARBINGER STRATEGIES, LLC",2025,Q4,60000.0,,,https://lda.gov/filings/public/filing/3094c867-25ba-4d24-a304-f40ac67fa807/print/
"ID.ME, INC.","HARBINGER STRATEGIES, LLC",2025,Q4,60000.0,,ai-cyberattacks,https://lda.gov/filings/public/filing/274d1e76-873a-49ac-9bc3-7b95e42edbcc/print/
"ORACLE AMERICA, INC.","SIGHTLINE ADVOCACY, LLC",2025,Q4,60000.0,"H.R. 3838, H.R. 5885, S. 2296, S. 2342, S. 3150",china-race; power-bills,https://lda.gov/filings/public/filing/d409d644-abf8-4359-afce-2e057e7a8d5a/print/
DUKE ENERGY CORPORATION,DUKE ENERGY CORPORATION,2025,Q4,2030000.0,"H.R. 1047, H.R. 3617, H.R. 3657, H.R. 3843, H.R. 3898, H.R. 5600, H.R. 6529",power-bills,https://lda.gov/filings/public/filing/480b4640-863f-49ac-8a44-82970856cb4f/print/
ANTHROPIC PBC,THORN RUN PARTNERS,2025,Q4,20000.0,,,https://lda.gov/filings/public/filing/3f1c1812-8d7a-43f2-9b22-c2454de9336f/print/
MICROSOFT CORPORATION,"HARBINGER STRATEGIES, LLC",2025,Q4,60000.0,"H.R. 3838, S. 2296",,https://lda.gov/filings/public/filing/fc42259e-5b4f-455c-8db0-de44f7858a77/print/
LINCOLN NATIONAL CORPORATION,LINCOLN NATIONAL CORPORATION,2025,Q4,300000.0,H.R. 2441,,https://lda.gov/filings/public/filing/fc272c2b-ac41-43b2-9a9d-af678839522a/print/
GRUBHUB HOLDINGS INC.,GRUBHUB HOLDINGS INC.,2025,Q4,110000.0,S. 2750,,https://lda.gov/filings/public/filing/dae4280c-4f1b-4e33-88ae-1fd82723942d/print/
CALIFORNIA STATE SENATE,"CJ LAKE, LLC",2025,Q4,30000.0,,kids-chatbots,https://lda.gov/filings/public/filing/8c314b4e-6b53-4c45-bf0a-8d8de652172e/print/
"FISERV, INC.",RICH FEUER ANDERSON,2025,Q4,50000.0,,,https://lda.gov/filings/public/filing/36102237-c8b9-403f-8503-04453afe9fbf/print/
"DEMAND PROGRESS ACTION, INC","DEMAND PROGRESS ACTION, INC",2025,Q4,40000.0,"H.R. 1, H.R. 3838, H.R. 4250, H.R. 4639, H.R. 5009, H.R. 6366, S. 1071, S. 2296, S. 3308",ai-cyberattacks; bias; job-loss,https://lda.gov/filings/public/filing/12771d0b-4846-476b-aff6-9142f9ccb84a/print/
LIFELINE DATA CENTERS,THE VOGEL GROUP,2025,Q4,10000.0,,china-race,https://lda.gov/filings/public/filing/e91a50a4-ebed-4d51-bca4-0d0a5677f054/print/
SAS INSTITUTE,SAS INSTITUTE,2025,Q4,400000.0,,,https://lda.gov/filings/public/filing/452645f7-2594-409b-887e-8142728eb90d/print/
APPLIED DIGITAL,"ELEVATE GOVERNMENT AFFAIRS, LLC",2025,Q4,50000.0,,,https://lda.gov/filings/public/filing/1c0deef1-5781-4cc4-a92c-7560e04e4a33/print/
"INTUIT, INC. AND AFFILIATES (FORMERLY INTUIT, INC.)","INTUIT, INC. AND AFFILIATES (FORMERLY INTUIT, INC.)",2025,Q4,850000.0,H.R. 5784,,https://lda.gov/filings/public/filing/6271374b-16ad-4f2e-bc54-73f003dfee83/print/
TEXAS HOSPITAL ASSOCIATION,"CAMERON KRIER MASSEY, INC. DBA SCOUT GR",2025,Q4,50000.0,,,https://lda.gov/filings/public/filing/68990b4f-74ba-4dc1-ac9f-260ee59f5973/print/
SECURITY INDUSTRY ASSOCIATION,SECURITY INDUSTRY ASSOCIATION,2025,Q4,34000.0,,,https://lda.gov/filings/public/filing/6672b6b7-00ac-4a8d-b880-e11a932eae30/print/
EXCELLA CO.,"ELEVATE GOVERNMENT AFFAIRS, LLC",2025,Q4,50000.0,,,https://lda.gov/filings/public/filing/d468d308-5984-4b7b-a2e4-019dac4b62ef/print/
"LYTX, INC.","ELEVATE GOVERNMENT AFFAIRS, LLC",2025,Q4,40000.0,,ai-cyberattacks,https://lda.gov/filings/public/filing/16b104c9-a845-4176-aa5d-ccc499be0c4f/print/
MAJOR LEAGUE BASEBALL PLAYERS ASSOCIATION,"ELEVATE GOVERNMENT AFFAIRS, LLC",2025,Q4,10000.0,,deepfakes,https://lda.gov/filings/public/filing/a542c876-9a59-4aee-a29d-270c09531c0f/print/
NATIONAL BASKETBALL PLAYERS ASSOCIATION,"ELEVATE GOVERNMENT AFFAIRS, LLC",2025,Q4,10000.0,,deepfakes,https://lda.gov/filings/public/filing/13e21fbe-ec22-42b6-99ca-551fd2e71dd9/print/
NATIONAL FOOTBALL LEAGUE PLAYERS ASSOCIATION,"ELEVATE GOVERNMENT AFFAIRS, LLC",2025,Q4,10000.0,,deepfakes,https://lda.gov/filings/public/filing/88ca7752-6343-4e21-ae60-f4c635a244e8/print/
NATIONAL HOCKEY LEAGUE PLAYERS ASSOCIATION,"ELEVATE GOVERNMENT AFFAIRS, LLC",2025,Q4,10000.0,,deepfakes,https://lda.gov/filings/public/filing/ccfb9892-04c6-4a06-8484-024837c7f893/print/
MAJOR LEAGUE SOCCER PLAYERS ASSOCIATION,"ELEVATE GOVERNMENT AFFAIRS, LLC",2025,Q4,10000.0,,deepfakes,https://lda.gov/filings/public/filing/22c669d8-f674-4ccb-9d70-5e42f9395601/print/
"X CORP. (FORMERLY TWITTER, INC.)","X CORP. (FORMERLY TWITTER, INC.)",2025,Q4,190000.0,H.R. 3209,kids-chatbots; power-bills,https://lda.gov/filings/public/filing/fa2a0a38-227d-4dc3-befb-ff2122c3651c/print/
"META PLATFORMS, INC.","ELEVATE GOVERNMENT AFFAIRS, LLC",2025,Q4,50000.0,,ai-cyberattacks,https://lda.gov/filings/public/filing/33bcfa66-79ed-49b3-b454-c19caebf0612/print/
MICROSOFT CORPORATION,"ELEVATE GOVERNMENT AFFAIRS, LLC",2025,Q4,60000.0,,deepfakes,https://lda.gov/filings/public/filing/1769c7ac-1c9d-4430-8660-8f473bd390f3/print/
SHI INTERNATIONAL CORP.,"NAVIGATORS GLOBAL LLC (FORMERLY DC NAVIGATORS, LLC)",2025,Q4,60000.0,,,https://lda.gov/filings/public/filing/4349a168-8abc-47df-9aff-cfe3cedd6da7/print/
EDGARAGENTS,THE VOGEL GROUP,2025,Q4,10000.0,,,https://lda.gov/filings/public/filing/757fb845-79b2-4c07-b121-6052d05c8516/print/
THE CHEMOURS COMPANY,THE CHEMOURS COMPANY,2025,Q4,300000.0,,power-bills,https://lda.gov/filings/public/filing/bae668da-2a32-4e9e-ad4e-36c7f9eee3c7/print/
COMCAST CORPORATION,ACG ADVOCACY,2025,Q4,20000.0,,,https://lda.gov/filings/public/filing/5832f79f-e3b4-4fd9-902f-b6ed48b0c6e7/print/
AMERICA'S HEALTH INSURANCE PLANS INC (AHIP),"AMERICA'S HEALTH INSURANCE PLANS, INC. (AHIP)",2025,Q4,4120000.0,"H.R. 1096, H.R. 1407, H.R. 1523, H.R. 1614, H.R. 1627, H.R. 1867, H.R. 1899, H.R. 2013, H.R. 2049, H.R. 2404, H.R. 2528, H.R. 2741, H.R. 3000, H.R. 4206, H.R. 4484, H.R. 5081, H.R. 5371, H.R. 842, H.R. 935, S. 1056, S. 1227, S. 1261, S. 1329, S. 1847, S. 2356, S. 2709, S. 339, S. 422, S. 931",ai-cyberattacks; job-loss,https://lda.gov/filings/public/filing/0ec21133-8c61-407e-872d-dc08a2915e7d/print/
AMERICAN EXPRESS COMPANY,AMERICAN EXPRESS COMPANY,2025,Q4,460000.0,"H.R. 3403, H.R. 5079, S. 1337, S. 394",ai-cyberattacks,https://lda.gov/filings/public/filing/d5e0bd00-00d2-4adf-ae20-2aca861995b4/print/
CISCO SYSTEMS INC,"CISCO SYSTEMS, INC",2025,Q4,1290000.0,,,https://lda.gov/filings/public/filing/ffcd5b49-659a-41ef-8c6f-12dafe5b7450/print/
SPOTIFY USA INC.,SPOTIFY USA INC.,2025,Q4,370000.0,,bias,https://lda.gov/filings/public/filing/a946e543-d8b8-4688-afbc-536d1e7e34a1/print/
APPLE INC,APPLE INC.,2025,Q4,2840000.0,"H.R. 3149, H.R. 6333, S. 1586, S. 1748",kids-chatbots; loss-of-control,https://lda.gov/filings/public/filing/35943c7d-b1b5-4870-b30c-bbb55437f76e/print/
LEADERSHIP CONFERENCE ON CIVIL AND HUMAN RIGHTS,LEADERSHIP CONFERENCE ON CIVIL AND HUMAN RIGHTS,2025,Q4,170000.0,,bias,https://lda.gov/filings/public/filing/de1c095c-68c5-4fc9-ab3b-c50ab6c8c86e/print/
"PEARSON EDUCATION, INC.",TODD STRATEGY GROUP,2025,Q4,30000.0,H.R. 6585,job-loss,https://lda.gov/filings/public/filing/dfef6a26-d039-4ee0-a726-368bd6d5b78d/print/
UNIDOSUS (FKA NATIONAL COUNCIL OF LA RAZA),UNIDOSUS (FKA NATIONAL COUNCIL OF LA RAZA),2025,Q4,191715.0,,bias,https://lda.gov/filings/public/filing/050027ae-ef11-4dcf-8fe5-40c9527859c0/print/
"AMERICAN ELECTRIC POWER COMPANY, INC. AND AFFILIATED CORPORATIONS","AMERICAN ELECTRIC POWER COMPANY, INC. AND AFFILIATED CORPORATIONS",2025,Q4,360000.0,"H.R. 1047, H.R. 1355, H.R. 3015, H.R. 3062, H.R. 3157, H.R. 3616, H.R. 3617, H.R. 3628, H.R. 3632, H.R. 3638, H.R. 3657, H.R. 3843, H.R. 4503, H.R. 5600",ai-cyberattacks; power-bills,https://lda.gov/filings/public/filing/e347bd67-00e0-4227-9bab-c0aaa5549012/print/
PARAMOUNT SKYDANCE CORPORATION,PARAMOUNT SKYDANCE CORPORATION,2025,Q4,1790000.0,"H.R. 2794, S. 1367",,https://lda.gov/filings/public/filing/d2869e81-0985-40f8-a59b-b0c732b91c39/print/
REGIONS FINANCIAL CORPORATION,"CGCN GROUP, LLC",2025,Q4,30000.0,,,https://lda.gov/filings/public/filing/ca501c86-21fe-4ada-ac72-f44532f80826/print/
"SAMSUNG SEMICONDUCTOR, INC.","CGCN GROUP, LLC",2025,Q4,50000.0,,ai-cyberattacks,https://lda.gov/filings/public/filing/1e5c67ab-7af0-4435-a829-33604569daf1/print/
"AGILITY ROBOTICS, INC.","NEW LANTERN, LLC",2025,Q4,30000.0,,job-loss,https://lda.gov/filings/public/filing/f8a31cbc-d599-4337-8b08-db9c0929ebb7/print/
ADOBE INC.,"FEDERAL STREET STRATEGIES, LLC",2025,Q4,50000.0,,ai-cyberattacks; deepfakes,https://lda.gov/filings/public/filing/15a185a6-875c-4e7f-b7b2-63753e243875/print/
DEERE & COMPANY,DEERE & COMPANY,2025,Q4,707000.0,"H.R. 6944, S. 3580",,https://lda.gov/filings/public/filing/3a00a871-6dd0-4915-bf04-35407a5aa6d8/print/
IHEARTMEDIA INC,"IHEARTMEDIA, INC.",2025,Q4,1010000.0,"H.R. 861, S. 326",,https://lda.gov/filings/public/filing/d69340d3-69fb-4eb4-87a2-7df32aa084ca/print/
ZUFFA AND AFFILIATES FKA WME GROUP,ACG ADVOCACY,2025,Q4,50000.0,,,https://lda.gov/filings/public/filing/43601e1e-7127-40ea-8e88-847d6dc1868a/print/
UNIVERSAL MUSIC GROUP,UNIVERSAL MUSIC GROUP,2025,Q4,630000.0,"H.R. 2794, H.R. 791, H.R. 861, S. 1367, S. 253, S. 326, S. 5379",deepfakes,https://lda.gov/filings/public/filing/c54645a7-5c9e-4ef8-97b3-a23ff58dc5df/print/
BOYS & GIRLS CLUBS OF AMERICA,BOYS & GIRLS CLUBS OF AMERICA,2025,Q4,110000.0,H.R. 2910,job-loss; kids-chatbots,https://lda.gov/filings/public/filing/8036a437-18e9-4d46-b211-820dafd5d7ff/print/
AMERICAN TRANSACTION PROCESSORS COALITION,"WHITMER & WORRALL, LLC",2025,Q4,70000.0,"H.R. 1165, H.R. 2891, H.R. 3633, H.R. 4346, H.R. 4763, H.R. 4766, S. 1323, S. 394, S. 5242",,https://lda.gov/filings/public/filing/5a2204f2-8569-4e8f-ab11-feca75d13c19/print/
PANASONIC CORPORATION OF NORTH AMERICA,"WHITMER & WORRALL, LLC",2025,Q4,30000.0,,,https://lda.gov/filings/public/filing/411cdb63-73a8-4bc9-800b-a19dc8b2fdb1/print/
"PRIMEAI, INC.","WHITMER & WORRALL, LLC",2025,Q4,20000.0,,,https://lda.gov/filings/public/filing/83e7a25e-8c13-40a9-aac6-153d6820fb1a/print/
AT&T SERVICES INC AND ITS AFFILIATES,"MERCURY STRATEGIES, LLC",2025,Q4,50000.0,"H.R. 1343, H.R. 1519, H.R. 1541, H.R. 1681, H.R. 1870, H.R. 1975, H.R. 2171, H.R. 2289, H.R. 2298, H.R. 2350, H.R. 2449, H.R. 2482, H.R. 2750, H.R. 2805, H.R. 2817, H.R. 2975, H.R. 3125, H.R. 3479, H.R. 3921, H.R. 4032, H.R. 4518, H.R. 4950, H.R. 5079, H.R. 5266, H.R. 5371, H.R. 6046, H.R. 6484, H.R. 6505, H.R. 651",ai-cyberattacks; china-race; deepfakes; kids-chatbots,https://lda.gov/filings/public/filing/063b1b33-e1f1-47b3-befa-c7975ea54ba4/print/
"LUMEN TECHNOLOGIES, INC. (FORMERLY CENTURYLINK, INC.)","MERCURY STRATEGIES, LLC",2025,Q4,50000.0,H.R. 2784,ai-cyberattacks; power-bills,https://lda.gov/filings/public/filing/1dca1c20-f2dd-4025-bd73-095bece1d819/print/
DIGITALEUROPE,VIVID STRATEGIES LLC,2025,Q4,20000.0,H.R. 2471,ai-cyberattacks; china-race,https://lda.gov/filings/public/filing/9737b767-fb87-403a-b202-9e5f1a5d9794/print/
BITDEER TECHNOLOGIES GROUP,"TOWER STRATEGY, LLC",2025,Q4,50000.0,,power-bills,https://lda.gov/filings/public/filing/caf1722c-83c0-4a8f-93ec-e312481b1136/print/
TRIPADVISOR LLC,TRIPADVISOR LLC,2025,Q4,90000.0,"H.R. 1479, S. 281, S. 314",kids-chatbots,https://lda.gov/filings/public/filing/3d56746a-ef4d-4d41-816a-cfa11ae94f19/print/
DIGITAL DIAGNOSTICS INC.,DIGITAL DIAGNOSTICS INC.,2025,Q4,10000.0,,,https://lda.gov/filings/public/filing/9a62137d-86ee-40c8-9aa5-6b773f2ae22d/print/
NATIONAL ASSOCIATION OF PROFESSIONAL INSURANCE AGENTS,NATIONAL ASSOCIATION OF PROFESSIONAL INSURANCE AGENTS,2025,Q4,20000.0,,,https://lda.gov/filings/public/filing/e71b1040-79a5-4577-aa05-13511dc2695d/print/
CONCURRENT TECHNOLOGIES CORPORATION,BRODY GROUP L.L.C. PUBLIC AFFAIRS,2025,Q4,30000.0,,job-loss,https://lda.gov/filings/public/filing/b5466b92-5fe2-4b83-889f-7fa4545b6d35/print/
COMCAST CORPORATION,RIVENDELL GROUP LLP,2025,Q4,40000.0,,,https://lda.gov/filings/public/filing/57af29b8-5344-41f2-9faa-af4064a8ae36/print/
FEDERATION OF STATE MEDICAL BOARDS,FEDERATION OF STATE MEDICAL BOARDS,2025,Q4,110000.0,H.R. 2332,,https://lda.gov/filings/public/filing/cb760f5a-67cf-41d4-89b2-76b75ba82278/print/
"SAP AMERICA, INC.",ORIGIN ADVOCACY LLC,2025,Q4,60000.0,,ai-cyberattacks,https://lda.gov/filings/public/filing/4fe2d8fd-2572-46e1-9833-04801ca4f9a2/print/
THE UNIVERSITY OF FLORIDA BOARD OF TRUSTEES,THE UNIVERSITY OF FLORIDA BOARD OF TRUSTEES,2025,Q4,310000.0,"H.R. 1, H.R. 1048, H.R. 3838, H.R. 4016, H.R. 6951, S. 2296, S. 2572",,https://lda.gov/filings/public/filing/d7ce2711-1d25-417d-be26-5d1a6c1ad82a/print/
ELECTRONIC TRANSACTIONS ASSOCIATION,FS VECTOR LLC,2025,Q4,10000.0,,,https://lda.gov/filings/public/filing/ab492214-80c3-4495-a9e2-6635a0ec667e/print/
ASSOCIATION OF INTERNATIONAL CERTIFIED PROFESSIONAL ACCOUNTANTS (AICPA),FS VECTOR LLC,2025,Q4,60000.0,,,https://lda.gov/filings/public/filing/82da8c0f-54c6-4526-8d7b-16ca519fc3a2/print/
WRITERS GUILD OF AMERICA WEST,CUNEO GILBERT FLANNERY & LADUCA (FORMERLY KNOWN AS CUNEO GILBERT & LADUCA),2025,Q4,45000.0,,,https://lda.gov/filings/public/filing/d068978e-8891-4bcc-a927-a234eacaab72/print/
INFINEON TECHNOLOGIES AMERICAS CORP.,INFINEON TECHNOLOGIES AMERICAS CORP.,2025,Q4,140000.0,,power-bills,https://lda.gov/filings/public/filing/9e56b911-d6e4-4ff2-81f5-61d00bf5e822/print/
"HURON CONSULTING SERVICES, LLC.","MILNE, WIENER & SHOFE GLOBAL STRATEGIES (FKA M & W GOVERNMENT AFFAIRS, LLC)",2025,Q4,40000.0,,,https://lda.gov/filings/public/filing/f26c5704-8be4-404d-8e02-08f3299251a0/print/
AMERICAN LIBRARY ASSOCIATION,AMERICAN LIBRARY ASSOCIATION,2025,Q4,65815.0,"H.R. 4072, H.R. 6028",,https://lda.gov/filings/public/filing/dd48156c-c724-4d63-a2cd-c15fedecdb24/print/
INTRINSIC INNOVATION LLC,CROWELL & MORING LLP,2025,Q4,20000.0,,china-race,https://lda.gov/filings/public/filing/27465b3e-8c0d-4017-b95a-65381c07d39a/print/
ASSN. OF STATE AND TERRITORIAL HEALTH OFFICIALS,ASSN. OF STATE AND TERRITORIAL HEALTH OFFICIALS,2025,Q4,46531.0,"H.R. 1197, H.R. 1909, S. 1562, S. 2621",kids-chatbots,https://lda.gov/filings/public/filing/b433f2cf-cec1-4b6f-b043-5c28580c3b99/print/
COMMON SENSE MEDIA,COMMON SENSE MEDIA,2025,Q4,10000.0,,kids-chatbots,https://lda.gov/filings/public/filing/cb74358e-dc63-4546-89ab-86959fa0ea83/print/
INDEPENDENT COMMUNITY BANKERS OF AMERICA,INDEPENDENT COMMUNITY BANKERS OF AMERICA,2025,Q4,1281850.0,"H.R. 1606, H.R. 1652, H.R. 1799, H.R. 1944, H.R. 2808, H.R. 2835, H.R. 2885, H.R. 3234, H.R. 3380, H.R. 3390, H.R. 3446, H.R. 3633, H.R. 3709, H.R. 4437, H.R. 4478, H.R. 4551, H.R. 478, H.R. 5262, H.R. 5263, H.R. 5276, H.R. 5291, H.R. 5317, H.R. 5577, H.R. 6536, H.R. 6544, H.R. 6547, H.R. 6552, H.R. 6554, H.R. 6555, H.R. 6556, H.R. 8071, H.R. 940, H.R. 941, H.R. 976, S. 113, S. 1467, S. 2296, S. 2352, S. 2486, S. 2663, S. 2704, S. 2999, S. 427, S. 557",ai-cyberattacks; china-race; kids-chatbots,https://lda.gov/filings/public/filing/80330064-a4b6-4549-9143-4d6b48e7c216/print/
AMERICANS FOR TAX REFORM,AMERICANS FOR TAX REFORM,2025,Q4,60000.0,,,https://lda.gov/filings/public/filing/bde96f74-9184-4e73-9171-b3709d8223e9/print/
"LANCIUM, LLC",LOT SIXTEEN LLC,2025,Q4,40000.0,,power-bills,https://lda.gov/filings/public/filing/475da2aa-5c41-44ea-b3f8-dadcf6f82658/print/
UNITED STATES TELECOM ASSOCIATION,KELSAY STRATEGIES LLC,2025,Q4,20000.0,,ai-cyberattacks,https://lda.gov/filings/public/filing/bdd66920-a26f-40fd-8f77-3ddc63db177c/print/
DIGITAL CONTENT NEXT,DIGITAL CONTENT NEXT,2025,Q4,80000.0,,,https://lda.gov/filings/public/filing/a88bf1ec-a491-41dd-b3e0-043934ed9271/print/
NATIONAL FRATERNAL ORDER OF POLICE,NATIONAL FRATERNAL ORDER OF POLICE,2025,Q4,100000.0,"H.R. 1046, H.R. 1236, H.R. 1260, H.R. 1266, H.R. 1269, H.R. 1443, H.R. 1505, H.R. 1551, H.R. 1556, H.R. 1726, H.R. 1773, H.R. 2094, H.R. 2096, H.R. 2189, H.R. 2194, H.R. 2240, H.R. 2502, H.R. 2654, H.R. 27, H.R. 2711, H.R. 2735, H.R. 2752, H.R. 2964, H.R. 3267, H.R. 3366, H.R. 3372, H.R. 3398, H.R. 378, H.R. 3832, H.R. 4024, H.R. 4334, H.R. 4607, H.R. 5282, H.R. 5391, H.R. 5403, H.R. 5594, H.R. 5744, H.R. 6042, H.R. 6120, H.R. 621, H.R. 633, H.R. 6602, H.R. 6605, H.R. 6683, H.R. 6911, H.R. 7114, H.R. 911, H.R. 993, S. 1077, S. 122, S. 1247, S. 1283, S. 1295, S. 1300, S. 1316, S. 1333, S. 1401, S. 1409, S. 146, S. 1595, S. 167, S. 180, S. 2200, S. 237, S. 2400, S. 3023, S. 3189, S. 331, S. 3366, S. 3453, S. 516, S. 666, S. 678, S. 679, S. 767, S. 83, S. 911, S. 978",deepfakes; kids-chatbots,https://lda.gov/filings/public/filing/b5921663-03e8-4fd8-86a8-ced1cb0b292b/print/
INTERNET WORKS,INTERNET WORKS,2025,Q4,40000.0,"H.R. 1275, H.R. 3149, H.R. 6333, S. 1367, S. 146, S. 1478, S. 1586, S. 1829, S. 2153",kids-chatbots,https://lda.gov/filings/public/filing/cd82b79e-01b7-48d7-a96e-c485bf3b7b5a/print/
COMMON CAUSE,COMMON CAUSE,2025,Q4,30000.0,"H.J.Res. 54, H.R. 1074, H.R. 1118, H.R. 126, H.R. 1399, H.R. 14, H.R. 1467, H.R. 154, H.R. 155, H.R. 156, H.R. 158, H.R. 160, H.R. 1712, H.R. 1883, H.R. 1887, H.R. 1908, H.R. 2180, H.R. 2181, H.R. 22, H.R. 2352, H.R. 2356, H.R. 2361, H.R. 2476, H.R. 2498, H.R. 2499, H.R. 253, H.R. 2561, H.R. 2562, H.R. 2593, H.R. 2624, H.R. 2675, H.R. 2694, H.R. 2737, H.R. 2795, H.R. 2797, H.R. 2803, H.R. 2816, H.R. 2847, H.R. 2857, H.R. 2968, H.R. 3040, H.R. 3182, H.R. 3229, H.R. 3311, H.R. 3388, H.R. 3454, H.R. 3513, H.R. 3535, H.R. 3544, H.R. 3554, H.R. 3573, H.R. 358, H.R. 3635, H.R. 3680, H.R. 3776, H.R. 3779, H.R. 3877, H.R. 396, H.R. 4036, H.R. 415, H.R. 4213, H.R. 4908, H.R. 4909, H.R. 4910, H.R. 4911, H.R. 4912, H.R. 4913, H.R. 4914, H.R. 4915, H.R. 4916, H.R. 4917, H.R. 5048, H.R. 51, H.R. 5106, H.R. 529, H.R. 535, H.R. 55, H.R. 58, H.R. 6085, H.R. 6356, H.R. 7147, H.R. 723, H.R. 7296, H.R. 738, H.R. 882, H.R. 884, S. 3191, S. 4822, S. 5315, S.J.Res. 43, S.J.Res. 90",china-race; job-loss,https://lda.gov/filings/public/filing/7977525f-0566-4983-9503-cd12b87afd1e/print/
CALIFORNIA BAPTIST UNIVERSITY,"CAPITOL CORE GROUP, INC.",2025,Q4,12000.0,"H.R. 5351, S. 3339",job-loss,https://lda.gov/filings/public/filing/5aec62e8-de1a-493f-aae0-c964edf91186/print/
SHOPIFY INC,SHOPIFY INC,2025,Q4,180000.0,,,https://lda.gov/filings/public/filing/a8ee821d-9319-417b-a78c-47df6884ecd6/print/
AXEL SPRINGER,AXEL SPRINGER,2025,Q4,110000.0,,,https://lda.gov/filings/public/filing/3bfc525b-d8e2-464c-9ae0-68922382ea97/print/
SONY INTERACTIVE ENTERTAINMENT LLC,SONY INTERACTIVE ENTERTAINMENT LLC,2025,Q4,370000.0,"H.R. 2657, H.R. 3149, H.R. 6253, H.R. 6265, H.R. 6291",bias; kids-chatbots,https://lda.gov/filings/public/filing/48a46670-bcc0-4319-ae92-e7d22bfe843a/print/
AMERICAN ACADEMY OF PEDIATRICS,AMERICAN ACADEMY OF PEDIATRICS,2025,Q4,100000.0,"H.R. 1, H.R. 1197, H.R. 1433, H.R. 1509, H.R. 1909, H.R. 2540, H.R. 2560, H.R. 2590, H.R. 2598, H.R. 3409, H.R. 3492, H.R. 3701, H.R. 4425, H.R. 4641, H.R. 4709, H.R. 498, H.R. 5166, H.R. 5557, H.R. 6291, H.R. 6484, H.R. 6561, H.R. 6844, H.R. 6845, S. 1234, S. 1261, S. 139, S. 1562, S. 1748, S. 2287, S. 3097, S. 3569, S. 455, S. 705, S. 752, S. 760, S. 830, S. 836",job-loss; kids-chatbots,https://lda.gov/filings/public/filing/7b77588e-ef63-4ad2-adcf-1af95ceb62f0/print/
DISABILITY RIGHTS EDUCATION & DEFENSE INC,"DISABILITY RIGHTS EDUCATION & DEFENSE, INC.",2025,Q4,10000.0,"H.R. 1, H.R. 4669, H.R. 5483, H.R. 6860, S. 1686, S. 2898, S. 2907, S. 5018",bias; job-loss; loss-of-control,https://lda.gov/filings/public/filing/d5ca6f9d-6ea2-4627-bfd3-2e05ea115183/print/
AMERICANS FOR RESPONSIBLE INNOVATION (ARI),NEIL HILL GLOBAL STRATEGIES LLC,2025,Q4,20000.0,,,https://lda.gov/filings/public/filing/e8ac77df-ac7a-473a-8366-87614685eae6/print/
