id,kind,jurisdiction,identifier,title,status,introduced,url,fears,controls,agencies
us-119-hr-10502,bill,Congress,H.R. 10502,"To direct the Director of National Intelligence to submit to Congress a report on the use of artificial intelligence systems to acquire, analyze, query, disseminate, or otherwise access information under section 702 of the Foreign Intelligence Surveillance Act of 1978.",pending,2026-09-17,https://www.congress.gov/bill/119th-congress/house-bill/10502,,mandatory-reporting,Director of National Intelligence
us-119-hr-10484,bill,Congress,H.R. 10484,Covered AI Prohibition Act,pending,2026-09-17,https://www.congress.gov/bill/119th-congress/house-bill/10484,,,
os-6a2a2275-e154-4907-a9c5-070ef4951148,bill,New York,A 11723,Relates to the use of artificial intelligence and attorney-client privilege and work product,pending,2026-09-16,https://openstates.org/ny/bills/2025-2026/A11723/,,,
us-119-hr-10465,bill,Congress,H.R. 10465,"To clarify the requirements for authorizing the use, occupancy, and development of public lands for hyperscale data centers, and for other purposes.",pending,2026-09-16,https://www.congress.gov/bill/119th-congress/house-bill/10465,,data-center-limits,
us-119-hr-10417,bill,Congress,H.R. 10417,"To require the Secretary of Veterans Affairs to disclose each instance in which the Secretary uses artificial intelligence to interact with a covered individual, and for other purposes.",pending,2026-09-16,https://www.congress.gov/bill/119th-congress/house-bill/10417,,mandatory-reporting,Secretary of Veterans Affairs
us-119-s-5417,bill,Congress,S. 5417,A bill to require entities to include human-controlled shutdown mechanisms in all artificial intelligence systems.,pending,2026-09-16,https://www.congress.gov/bill/119th-congress/senate-bill/5417,,,
us-119-hr-10370,bill,Congress,H.R. 10370,"To better coordinate Federal efforts to utilize advance technologies, such as artificial intelligence, to improve diagnoses, treatments, cures, and prevention strategies for pediatric cancer, and for other purposes.",pending,2026-09-14,https://www.congress.gov/bill/119th-congress/house-bill/10370,,,
us-119-hr-10362,bill,Congress,H.R. 10362,Stop Rogue AI Act,pending,2026-09-14,https://www.congress.gov/bill/119th-congress/house-bill/10362,,,
os-3dab5ee7-1ce8-4119-9e40-52938d6c08cd,bill,New Jersey,A 5496,Regulates use of artificial intelligence in certain mortgage lending tools to minimize discrimination in lending.,pending,2026-09-14,https://openstates.org/nj/bills/222/A5496/,bias,,
os-f51e9fb8-eb57-4cca-ab60-14418d976a7d,bill,New Jersey,A 5494,"Prohibits certain use of artificial intelligence in denying homeowner, automobile, and flood insurance claims.",pending,2026-09-14,https://openstates.org/nj/bills/222/A5494/,bias,,
os-27d49e34-c98a-4941-8018-5c5632de807b,bill,New Jersey,A 5482,"Establishes six month moratorium on approvals, construction, expansion, subsidies, and tax incentives for certain artificial intelligence data centers; creates Artificial Intelligence Data Center Impact Commission.",pending,2026-09-14,https://openstates.org/nj/bills/222/A5482/,,data-center-limits; new-agency-powers,
fr-2026-18612,rule,"Health and Human Services Department, Food and Drug Administration",Final rule,Medical Devices; Cardiovascular Devices; Classification of the Cardiovascular Machine Learning-Based Notification Software,passed,2026-09-11,https://www.federalregister.gov/documents/2026/09/11/2026-18612/medical-devices-cardiovascular-devices-classification-of-the-cardiovascular-machine-learning-based,,mandatory-reporting,Food and Drug Administration
os-bb677c8e-36be-4619-87df-617175c9cd82,bill,New York,S 10696,Relates to the crime of promoting an obscene sexual performance by a child,pending,2026-09-11,https://openstates.org/ny/bills/2025-2026/S10696/,deepfakes,,
os-05ad9272-0129-46cd-850a-e7176b9a3967,bill,New Jersey,A 5416,Establishes Artificial Intelligence Apprenticeship Program and artificial intelligence apprenticeship tax credit program.,pending,2026-09-10,https://openstates.org/nj/bills/222/A5416/,,,
os-6f16dc90-32f9-4c69-b998-111e0bea1e5b,bill,New York,S 10692,Relates to the disclosure of artificial intelligence use in floor statements and debate by members of the legislature,pending,2026-09-09,https://openstates.org/ny/bills/2025-2026/S10692/,,labeling-mandates,
os-66bb0b59-93b0-4aa8-bd16-aecb15aef97d,bill,Pennsylvania,HB 2760,An Act providing for the protection of water supplies by requiring commercial data centers to restore or replace a polluted or diminutive water supply; and imposing duties on the Department of Environmental Protection.,pending,2026-09-09,https://openstates.org/pa/bills/2025-2026/HB2760/,power-bills,data-center-limits,Pennsylvania Department of Environmental Protection
us-119-hr-10321,bill,Congress,H.R. 10321,Responsible Data Center Siting Act of 2026,pending,2026-09-08,https://www.congress.gov/bill/119th-congress/house-bill/10321,,,
us-119-hr-10322,bill,Congress,H.R. 10322,Data Center Fair Share Act,pending,2026-09-08,https://www.congress.gov/bill/119th-congress/house-bill/10322,,,
os-0b4aab03-1d49-45d6-9dc0-1e94f2026b54,bill,Ohio,HB 999,Prohibit property tax exemptions for data centers,pending,2026-09-02,https://openstates.org/oh/bills/136/HB999/,,,
os-f3417b32-c733-4c5d-b5d2-70825ac2f753,bill,Ohio,HB 1000,Regulate deceptive synthetic media with intent to affect election,pending,2026-09-02,https://openstates.org/oh/bills/136/HB1000/,deepfakes,,
os-fa3ff832-f8b2-4f79-a24f-c974c2c231d4,bill,New York,A 11669,"Enacts the ""Fostering Optimal Classroom Use of Screens (FOCUS) act"" to limit use of internet enabled devices and prioritize non-digital teaching methods",pending,2026-09-02,https://openstates.org/ny/bills/2025-2026/A11669/,,mandatory-reporting,
os-dacc22a6-451c-4583-8959-b6b8af49d8e4,bill,New York,A 11693,Relates to humanoid robots and artificial intelligence avatars in instructional settings,pending,2026-09-02,https://openstates.org/ny/bills/2025-2026/A11693/,,mandatory-reporting,New York boards of cooperative educational services; New York charter schools; New York school districts
os-6d137bdb-8f74-4192-a4cb-878d7212dffa,bill,New York,A 11684,Relates to the disclosure of artificial intelligence use in floor statements and debate by members of the legislature,pending,2026-09-02,https://openstates.org/ny/bills/2025-2026/A11684/,,labeling-mandates,
us-119-hr-10189,bill,Congress,H.R. 10189,Defense AI Reliability and Reporting Act,pending,2026-08-31,https://www.congress.gov/bill/119th-congress/house-bill/10189,,,
us-119-hr-10180,bill,Congress,H.R. 10180,Self-Improving AI Monitoring Act,pending,2026-08-27,https://www.congress.gov/bill/119th-congress/house-bill/10180,,,
us-119-hr-10152,bill,Congress,H.R. 10152,Open-Source AI Leadership Act,pending,2026-08-27,https://www.congress.gov/bill/119th-congress/house-bill/10152,,,
us-119-hr-10169,bill,Congress,H.R. 10169,"To prohibit the provision of Federal financial benefit for the construction, expansion, or substantial rehabilitation of data centers on prime farmland and other certain farmland.",pending,2026-08-27,https://www.congress.gov/bill/119th-congress/house-bill/10169,,data-center-limits,
os-da337339-50d4-4808-ba39-93e1706bab0e,bill,Michigan,HB 6264,Businesses: other; clean and renewable energy requirements for data centers; provide for. Creates new act.,pending,2026-08-26,https://openstates.org/mi/bills/2025-2026/HB6264/,,,
os-a2facad8-2648-40fe-9cec-ec8981056487,bill,Michigan,HB 6265,Businesses: other; water and electricity usage reporting requirements for data centers; provide for. Creates new act.,pending,2026-08-26,https://openstates.org/mi/bills/2025-2026/HB6265/,,,
os-78e82a9f-6dc8-4bcd-adc6-00ae4bce36fe,bill,Michigan,HB 6251,Businesses: other; energy infrastructure and thermal management evaluation requirements for certain data centers; provide for. Creates new act.,pending,2026-08-26,https://openstates.org/mi/bills/2025-2026/HB6251/,,,
us-119-hr-10146,bill,Congress,H.R. 10146,AI Advertising Disclosure Act,pending,2026-08-24,https://www.congress.gov/bill/119th-congress/house-bill/10146,,,
os-27cc800d-4294-402f-b257-02fb541a7643,bill,New York,S 10685,"Enacts the ""Fostering Optimal Classroom Use of Screens (FOCUS) act"" to limit use of internet enabled devices and prioritize non-digital teaching methods",pending,2026-08-21,https://openstates.org/ny/bills/2025-2026/S10685/,,mandatory-reporting,
us-119-hr-10119,bill,Congress,H.R. 10119,Protecting Local Control of Data Centers Act,pending,2026-08-20,https://www.congress.gov/bill/119th-congress/house-bill/10119,,,
os-6cf881b9-a7ae-4234-a6d6-ff47f879a80d,bill,Massachusetts,HD 6293,An Act establishing the Massachusetts Digital Commonwealth,pending,2026-08-13,https://openstates.org/ma/bills/194th/HD6293/,,,
us-119-s-5382,bill,Congress,S. 5382,China AI Power Report Act,pending,2026-08-07,https://www.congress.gov/bill/119th-congress/senate-bill/5382,,,
us-119-s-5345,bill,Congress,S. 5345,"A bill to provide for the delivery of artificial intelligence functional bills of materials, and for other purposes.",pending,2026-08-06,https://www.congress.gov/bill/119th-congress/senate-bill/5345,,,
us-119-hr-10044,bill,Congress,H.R. 10044,AI Tax and Work Protection Act,pending,2026-08-06,https://www.congress.gov/bill/119th-congress/house-bill/10044,,,
os-0775fdfb-362e-44a1-872a-2090f74a41ee,bill,New York,S 10675,Imposes liability for damages caused by a chatbot impersonating certain licensed professionals,pending,2026-08-05,https://openstates.org/ny/bills/2025-2026/S10675/,deepfakes,,
us-119-s-5225,bill,Congress,S. 5225,K–12 AI Literacy and Readiness Act of 2026,pending,2026-08-04,https://www.congress.gov/bill/119th-congress/senate-bill/5225,,,
us-119-hr-10042,bill,Congress,H.R. 10042,Understanding AI in the Classroom Act,pending,2026-08-03,https://www.congress.gov/bill/119th-congress/house-bill/10042,,,
us-119-hr-10041,bill,Congress,H.R. 10041,Smart Data Center Policy Act,pending,2026-08-03,https://www.congress.gov/bill/119th-congress/house-bill/10041,,,
us-119-hr-10025,bill,Congress,H.R. 10025,Preventing Abuse of Digital Replicas Act,pending,2026-08-03,https://www.congress.gov/bill/119th-congress/house-bill/10025,,,
us-119-hres-1471,bill,Congress,H.Res. 1471,Expressing the sense of the House of Representatives that every American and community impacted by the construction or operation of an artificial intelligence data center should have the right to transparency and local autonomy.,pending,2026-08-03,https://www.congress.gov/bill/119th-congress/house-resolution/1471,,,
os-db6da84f-e7c3-42a1-9904-d02fc83ed332,bill,New York,A 11662,Relates to human-led instruction and artificial intelligence in schools,pending,2026-07-31,https://openstates.org/ny/bills/2025-2026/A11662/,,,
us-119-hr-10005,bill,Congress,H.R. 10005,Data Center Resource Disclosure Act,pending,2026-07-30,https://www.congress.gov/bill/119th-congress/house-bill/10005,,,
os-912ce725-64e5-4a05-a698-349b9e1558fe,bill,New York,A 11626,"Enacts the ""options for search listing act""",pending,2026-07-29,https://openstates.org/ny/bills/2025-2026/A11626/,,,
os-e266c4e2-7b74-4412-ac2a-96690d285b8b,bill,New York,A 11636,Relates to third party verification of compliance with transparency and safety requirements for developers of artificial intelligence models,pending,2026-07-29,https://openstates.org/ny/bills/2025-2026/A11636/,,mandatory-reporting,
os-86ce105d-ab3c-48e4-958d-283b735c2702,bill,New York,A 11635,Requires the disclosure of digitally altered images in an advertisement or other promotional material for the sale or lease of real property,pending,2026-07-29,https://openstates.org/ny/bills/2025-2026/A11635/,deepfakes,labeling-mandates,
os-9511b40a-3259-4f76-b6a1-45af58132860,bill,New York,S 10671,Relates to humanoid robots and artificial intelligence avatars in instructional settings,pending,2026-07-29,https://openstates.org/ny/bills/2025-2026/S10671/,,mandatory-reporting,
us-119-s-5171,bill,Congress,S. 5171,Children's Artificial Intelligence Toy Safety Act of 2026,pending,2026-07-29,https://www.congress.gov/bill/119th-congress/senate-bill/5171,,,
os-03d894a2-3216-4fe1-b3a9-c00e6e80fd45,bill,Ohio,HB 983,Enact the Data Center Accountability and Citizen Protection Act,pending,2026-07-28,https://openstates.org/oh/bills/136/HB983/,,,
us-119-hr-9965,bill,Congress,H.R. 9965,AI Threat Output and Monitoring Incident Containment Act,pending,2026-07-27,https://www.congress.gov/bill/119th-congress/house-bill/9965,,,
us-119-s-5117,bill,Congress,S. 5117,Senior Chatbot Protection Act of 2026,pending,2026-07-23,https://www.congress.gov/bill/119th-congress/senate-bill/5117,,,
us-119-hr-9939,bill,Congress,H.R. 9939,No AI Data Centers on Federal Lands Act,pending,2026-07-23,https://www.congress.gov/bill/119th-congress/house-bill/9939,,data-center-limits,
us-119-hr-9917,bill,Congress,H.R. 9917,AI Kill Switch Act,pending,2026-07-23,https://www.congress.gov/bill/119th-congress/house-bill/9917,,,
us-119-hr-9922,bill,Congress,H.R. 9922,AI Transparency in Elections Act of 2026,pending,2026-07-23,https://www.congress.gov/bill/119th-congress/house-bill/9922,,,
us-119-hr-9825,bill,Congress,H.R. 9825,Data Center Water and Energy Transparency Act of 2026,pending,2026-07-22,https://www.congress.gov/bill/119th-congress/house-bill/9825,,,
us-119-s-5061,bill,Congress,S. 5061,Secure A.I. Development Act of 2026,pending,2026-07-21,https://www.congress.gov/bill/119th-congress/senate-bill/5061,,,
us-119-s-5057,bill,Congress,S. 5057,Safeguarding Against Fabricated Exploitation Through Artificial Intelligence Act of 2026,pending,2026-07-21,https://www.congress.gov/bill/119th-congress/senate-bill/5057,,,
os-38e659b3-3e39-4a9a-a8cd-f9b26fe60ebf,bill,Pennsylvania,HB 2705,An Act providing for a report on artificial intelligence in the workforce; and imposing duties on the Department of Labor and Industry and Department of Community and Economic Development.,pending,2026-07-16,https://openstates.org/pa/bills/2025-2026/HB2705/,,mandatory-reporting,Pennsylvania Department of Community and Economic Development; Pennsylvania Department of Labor and Industry
us-119-hr-9706,bill,Congress,H.R. 9706,Facial Recognition to Protect Children Act,pending,2026-07-15,https://www.congress.gov/bill/119th-congress/house-bill/9706,,,
fr-2026-14132,rule,"Commerce Department, Industry and Security Bureau",Final rule,Enhanced Favorable Treatment for the United Arab Emirates Under the Export Administration Regulations,passed,2026-07-14,https://www.federalregister.gov/documents/2026/07/14/2026-14132/enhanced-favorable-treatment-for-the-united-arab-emirates-under-the-export-administration,,export-controls,
os-7eda2f35-8551-427e-9bf5-ce901430fc63,bill,Pennsylvania,SB 1384,"An Act amending the act of March 4, 1971 (P.L.6, No.2), known as the Tax Reform Code of 1971, in tax credit and tax benefit administration, further providing for definitions; in computer data center equipment incentive program, providing for certification prohibition; providing for Governor's Responsible Infrastructure Development certification and standards; and imposing duties.",pending,2026-07-10,https://openstates.org/pa/bills/2025-2026/SB1384/,,data-center-limits,Governor of Pennsylvania
us-119-hr-9629,bill,Congress,H.R. 9629,Protecting Communities from Data Center Impacts Act of 2026,pending,2026-07-09,https://www.congress.gov/bill/119th-congress/house-bill/9629,,,
us-119-hr-9619,bill,Congress,H.R. 9619,People-First Chatbot Act,pending,2026-07-09,https://www.congress.gov/bill/119th-congress/house-bill/9619,,,
us-119-hr-9566,bill,Congress,H.R. 9566,"To establish a pilot program for use by U.S. Customs and Border Protection at land ports of entry along the Arizona border to assess the use of artificial intelligence through an anomaly detection algorithm, and for other purposes.",pending,2026-06-30,https://www.congress.gov/bill/119th-congress/house-bill/9566,,,
os-405a7e82-8ef3-49c2-8c8e-34879694e952,bill,Delaware,SB 353,AN ACT TO AMEND THE LAWS OF DELAWARE RELATING TO A MORATORIUM ON DATA CENTER DEVELOPMENT.,pending,2026-06-30,https://openstates.org/de/bills/153/SB353/,,data-center-limits,
os-db7cfea9-aa98-47d1-bfde-9792e7c7636a,bill,Pennsylvania,HB 2678,"An Act amending Title 63 (Professions and Occupations (State Licensed)) of the Pennsylvania Consolidated Statutes, in powers and duties, further providing for definitions and providing for artificial intelligence.",pending,2026-06-29,https://openstates.org/pa/bills/2025-2026/HB2678/,,,
us-119-hr-9506,bill,Congress,H.R. 9506,"To amend the National Artificial Intelligence Initiative Act of 2020 to require the Director of the Office of Science and Technology Policy to establish a prize competition program relating to artificial intelligence, and for other purposes.",pending,2026-06-29,https://www.congress.gov/bill/119th-congress/house-bill/9506,,,Office of Science and Technology Policy
us-119-hr-9501,bill,Congress,H.R. 9501,AI Tax Integrity Act of 2026,pending,2026-06-29,https://www.congress.gov/bill/119th-congress/house-bill/9501,,mandatory-reporting,Internal Revenue Service
us-119-hr-9477,bill,Congress,H.R. 9477,AI Incident Reporting Act,pending,2026-06-25,https://www.congress.gov/bill/119th-congress/house-bill/9477,,,
os-7e1bf542-0e72-40e9-b259-3f34c6f79dad,bill,Michigan,HB 6136,Businesses: other; Michigan zoning enabling act; make subject to the data center community benefit agreement act. Amends sec. 205 of 2006 PA 110 (MCL 125.3205).   TIE BAR WITH: HB 6137'26,pending,2026-06-25,https://openstates.org/mi/bills/2025-2026/HB6136/,,,
os-74266733-649d-4f68-85f2-6074bfaa762b,bill,Michigan,HB 6139,"Construction: permits; acoustic engineering report for data center; require to receive building permit. Amends 1972 PA 230 (MCL 125.1501 - 125.1531) by adding sec. 10a.   TIE BAR WITH: HB 6135'26,  HB 6140'26,  HB 6141'26,  HB 6137'26,  HB 6138'26,  HB 6142'26",pending,2026-06-25,https://openstates.org/mi/bills/2025-2026/HB6139/,,data-center-limits,
os-44a1bdac-92b7-4832-b636-44d9de512829,bill,Michigan,HB 6141,"Public utilities: electric utilities; project labor agreements; require for certain data center contracts. Amends 1939 PA 3 (MCL 460.1 - 460.11) by adding sec. 10kk.   TIE BAR WITH: HB 6135'26,  HB 6140'26,  HB 6137'26,  HB 6138'26,  HB 6142'26,  HB 6139'26",pending,2026-06-25,https://openstates.org/mi/bills/2025-2026/HB6141/,,,
os-a8fa020f-1ade-49c4-a4cf-17066dafc326,bill,Michigan,HB 6137,"Businesses: other; community benefit agreements; require certain data centers to be subject to. Creates new act.   TIE BAR WITH: HB 6135'26,  HB 6136'26,  HB 6140'26,  HB 6141'26,  HB 6138'26,  HB 6142'26,  HB 6139'26",pending,2026-06-25,https://openstates.org/mi/bills/2025-2026/HB6137/,,,
os-a2dd93a7-67bc-408b-a730-214b60ce52ae,bill,Michigan,HB 6140,"Public employees and officers: other; nondisclosure agreements related to the construction of data centers; prohibit. Creates new act.   TIE BAR WITH: HB 6135'26,  HB 6141'26,  HB 6137'26,  HB 6138'26,  HB 6142'26,  HB 6139'26",pending,2026-06-25,https://openstates.org/mi/bills/2025-2026/HB6140/,,,
os-696d2503-578d-4e97-94bd-ade8ef548c79,bill,Michigan,HB 6142,"Businesses: other; requirements for data center decommissioning, dismantling, and remediation; provide for. Amends 1939 PA 3 (MCL 460.1 - 460.11) by adding sec. 10jj.   TIE BAR WITH: HB 6135'26,  HB 6140'26,  HB 6141'26,  HB 6137'26,  HB 6138'26,  HB 6139'26",pending,2026-06-25,https://openstates.org/mi/bills/2025-2026/HB6142/,,data-center-limits,
os-ce4c5e6f-2a24-44cc-85b8-3e8f2183e4f9,bill,Michigan,HB 6138,"Businesses: other; data center water usage requirements; provide for. Creates new act.   TIE BAR WITH: HB 6135'26,  HB 6140'26,  HB 6141'26,  HB 6137'26,  HB 6142'26,  HB 6139'26",pending,2026-06-25,https://openstates.org/mi/bills/2025-2026/HB6138/,,data-center-limits,
os-30b2bac8-49da-47a3-b196-a618e3793691,bill,Michigan,HB 6135,"Public utilities: rates; large load commercial rates for data centers; establish. Amends 1939 PA 3 (MCL 460.1 - 460.11) by adding sec. 10ii.   TIE BAR WITH: HB 6140'26,  HB 6141'26,  HB 6137'26,  HB 6138'26,  HB 6142'26,  HB 6139'26",pending,2026-06-25,https://openstates.org/mi/bills/2025-2026/HB6135/,,,
os-70221ba3-1564-4cfd-ba2c-77cce3018e15,bill,Pennsylvania,HB 2666,An Act providing for limitations on the use of user data in the creation of artificial intelligence simulations and for private right of action; and imposing penalties.,pending,2026-06-24,https://openstates.org/pa/bills/2025-2026/HB2666/,,,
os-b9f468a7-7d2a-4c66-90d9-7c1f2b22e5da,bill,Michigan,SB 1077,Labor: fair employment practices; use of electronic monitoring or automated decisions tools by an employer; prohibit except for certain purposes. Creates new act.,pending,2026-06-24,https://openstates.org/mi/bills/2025-2026/SB1077/,,,
os-794709cc-c8a5-4274-99d9-fd017f2d0b00,bill,Pennsylvania,HB 2669,An Act providing for employer disclosure when employee layoffs occur due to an employer's use of artificial intelligence or other technological change; and imposing civil penalties.,pending,2026-06-24,https://openstates.org/pa/bills/2025-2026/HB2669/,job-loss,mandatory-reporting,
us-119-hr-9427,bill,Congress,H.R. 9427,AI Workforce Impact Study Act of 2026,pending,2026-06-24,https://www.congress.gov/bill/119th-congress/house-bill/9427,,,
us-119-hr-9439,bill,Congress,H.R. 9439,Voluntary Consumer AI Disclosure Pilot Act,pending,2026-06-24,https://www.congress.gov/bill/119th-congress/house-bill/9439,,,
us-119-s-4915,bill,Congress,S. 4915,AI Labeling Act of 2026,pending,2026-06-24,https://www.congress.gov/bill/119th-congress/senate-bill/4915,,,
us-119-hr-9442,bill,Congress,H.R. 9442,Artificial Intelligence Data Center Moratorium Act,pending,2026-06-24,https://www.congress.gov/bill/119th-congress/house-bill/9442,,,
os-2b3fd4c6-cedd-4a89-bb37-9388072b5459,bill,New Jersey,A 5316,"Establishes five-year ""New Jersey Artificial Intelligence Workforce Transition Act.""",pending,2026-06-23,https://openstates.org/nj/bills/222/A5316/,,,
os-fa8ca35f-7231-476b-9a4b-ca0cc3a4400e,resolution,Georgia,HR 43,"Artificial intelligence deepfakes; growing danger to election integrity, public trust, and the people of Georgia; recognize",pending,2026-06-22,https://openstates.org/ga/bills/2026_ss/HR43/,deepfakes,,
os-3778a2d2-26ad-4405-acc4-1e40adc10605,bill,Michigan,SB 1048,Public utilities: electric utilities; project labor agreements and prevailing wage and fringe benefit rates; require for certain data center contracts. Amends 1939 PA 3 (MCL 460.1 - 460.11) by adding sec. 10ii.,pending,2026-06-18,https://openstates.org/mi/bills/2025-2026/SB1048/,,data-center-limits,
os-4d6e32fd-803c-4e01-aa58-7791ccad6e59,bill,New Jersey,A 5294,"""Responsible Data Center Development and Resource Protection Act""; establishes Statewide framework concerning siting, land use approval, energy sourcing, water use, and environmental impacts of large load data center development.",pending,2026-06-18,https://openstates.org/nj/bills/222/A5294/,power-bills,data-center-limits,
os-f39fad93-ee9b-40e1-8f2f-092c7939b90c,bill,Michigan,SB 1051,Businesses: other; Michigan zoning enabling act; make subject to the data center community benefit act. Amends sec. 205 of 2006 PA 110 (MCL 125.3205).  TIE BAR WITH: SB 1050'26,pending,2026-06-18,https://openstates.org/mi/bills/2025-2026/SB1051/,,,
os-07a1586a-f08e-4458-86af-a5a2090de805,bill,New Jersey,S 4474,Establishes safety requirements for artificial intelligence companion operators.,pending,2026-06-18,https://openstates.org/nj/bills/222/S4474/,,,
us-119-hr-9363,bill,Congress,H.R. 9363,AI Security and Innovation Act,pending,2026-06-18,https://www.congress.gov/bill/119th-congress/house-bill/9363,,,
us-119-hr-9334,bill,Congress,H.R. 9334,Workforce for AI Trust Act,pending,2026-06-18,https://www.congress.gov/bill/119th-congress/house-bill/9334,,,National Institute of Standards and Technology; National Science Foundation
us-119-hr-9333,bill,Congress,H.R. 9333,AI Flaw Reporting and Security Enhancement Act,pending,2026-06-18,https://www.congress.gov/bill/119th-congress/house-bill/9333,,mandatory-reporting,National Institute of Standards and Technology
us-119-hr-9352,bill,Congress,H.R. 9352,AI-Related Job Impacts Clarity Act,pending,2026-06-18,https://www.congress.gov/bill/119th-congress/house-bill/9352,,,
fr-2026-12205,rule,General Services Administration,Proposed rule,General Services Acquisition Regulation; Acquisition of Information and Communication Technology; Notice of Listening Sessions and Request for Comments,pending,2026-06-17,https://www.federalregister.gov/documents/2026/06/17/2026-12205/general-services-acquisition-regulation-acquisition-of-information-and-communication-technology,,,
fr-2026-12166,rule,"Health and Human Services Department, Food and Drug Administration",Final rule,Medical Devices; Radiology Devices; Classification of the Radiological Machine Learning-Based Quantitative Imaging Software With Predetermined Change Control Plan,passed,2026-06-17,https://www.federalregister.gov/documents/2026/06/17/2026-12166/medical-devices-radiology-devices-classification-of-the-radiological-machine-learning-based,,mandatory-reporting,Food and Drug Administration
os-3f63330c-8455-4321-9b76-f26dc1cb7328,bill,Pennsylvania,HB 2650,"An Act amending the act of March 4, 1971 (P.L.6, No.2), known as the Tax Reform Code of 1971, in tax credit and tax benefit administration, further providing for definitions; in computer data center equipment incentive program, providing for certification prohibition; providing for Governor's Responsible Infrastructure Development certification and standards; and imposing duties.",pending,2026-06-16,https://openstates.org/pa/bills/2025-2026/HB2650/,,data-center-limits,Governor of Pennsylvania
os-c035d280-59fa-46bd-9123-dba60b4791ca,bill,New Jersey,A 5272,Establishes safety requirements for artificial intelligence companion operators.,pending,2026-06-15,https://openstates.org/nj/bills/222/A5272/,,,
os-3f10db58-89b9-4bbf-8879-d9f84d4f3f3b,bill,New Jersey,A 5275,Requires certain artificial intelligence developers to make certain disclosures to Attorney General.,pending,2026-06-15,https://openstates.org/nj/bills/222/A5275/,,mandatory-reporting,New Jersey Attorney General
os-32a0672a-9b56-41c0-8839-0a87102f948c,bill,New Jersey,S 4458,"Establishes five-year ""New Jersey Artificial Intelligence Workforce Transition Act.""",pending,2026-06-15,https://openstates.org/nj/bills/222/S4458/,,,
os-ef3844dc-dfec-4d42-bdf9-5e28b1350e19,bill,Pennsylvania,HB 2637,An Act providing for a temporary prohibition on artificial intelligence chatbots in children's toys; and imposing penalties.,pending,2026-06-15,https://openstates.org/pa/bills/2025-2026/HB2637/,kids-chatbots,,
us-119-hr-9323,bill,Congress,H.R. 9323,Department of Advanced Technology and Artificial Intelligence Act,pending,2026-06-15,https://www.congress.gov/bill/119th-congress/house-bill/9323,,,Department of Advanced Technology and Artificial Intelligence
os-3b01ee94-4fc1-417d-8522-6bc3a10d72d9,bill,New Jersey,S 4469,Requires boards of education to adopt policy on use of artificial intelligence; requires DOE to establish model policy.,pending,2026-06-15,https://openstates.org/nj/bills/222/S4469/,,,New Jersey Department of Education
os-6cf4f8e4-7953-4da4-a321-65dc3005eaf2,bill,Arizona,HB 4040,public schools; universities; AI policies,pending,2026-06-13,https://openstates.org/az/bills/57th-2nd-regular/HB4040/,,,
os-98113926-6397-4014-bc9a-1fe573578a94,bill,New Jersey,S 4446,Requires certain artificial intelligence developers to make certain disclosures to Attorney General.,pending,2026-06-11,https://openstates.org/nj/bills/222/S4446/,,mandatory-reporting,New Jersey Attorney General
os-336f316d-ad4a-4184-8ae7-b3425d786631,bill,Delaware,HB 404,AN ACT TO AMEND TITLE 14 OF THE DELAWARE CODE RELATING TO THE ARTIFICIAL INTELLIGENCE AND EXTENDED REALITY IN SCHOOLS PILOT PROGRAM.,pending,2026-06-11,https://openstates.org/de/bills/153/HB404/,,mandatory-reporting,Delaware Department of Education
us-119-s-4774,bill,Congress,S. 4774,Fraudulent Artificial Intelligence Regulations (FAIR) Elections Act of 2026,pending,2026-06-11,https://www.congress.gov/bill/119th-congress/senate-bill/4774,,,
us-119-hr-9285,bill,Congress,H.R. 9285,Heat Emergency Assessment and Tracking using AI Act,pending,2026-06-11,https://www.congress.gov/bill/119th-congress/house-bill/9285,,,
us-119-s-4727,bill,Congress,S. 4727,Artificial Intelligence Environmental Impacts Act of 2026,pending,2026-06-09,https://www.congress.gov/bill/119th-congress/senate-bill/4727,,,
us-119-hr-9183,bill,Congress,H.R. 9183,Artificial Intelligence Environmental Impacts Act of 2026,pending,2026-06-08,https://www.congress.gov/bill/119th-congress/house-bill/9183,,,
os-8643bffe-14ed-49e8-88a0-76de868df01d,bill,New Jersey,A 5224,Requires data center developers to disclose certain information to public and elected officials before preliminary site plan consideration under MLUL.,pending,2026-06-08,https://openstates.org/nj/bills/222/A5224/,,mandatory-reporting,
os-f3b21010-df44-46b9-83c5-d04c5f78142c,bill,New York,A 11599,Prohibits anticompetitive and deceptive algorithmic pricing practices,pending,2026-06-05,https://openstates.org/ny/bills/2025-2026/A11599/,,new-agency-powers,
fr-2026-11415,order,Executive Office of the President,Executive Order 14409,Promoting Advanced Artificial Intelligence Innovation and Security,passed,2026-06-05,https://www.federalregister.gov/documents/2026/06/05/2026-11415/promoting-advanced-artificial-intelligence-innovation-and-security,,,
os-9e3146aa-fd3f-4807-bdc4-0798ad53121f,bill,Pennsylvania,SB 1345,"An Act amending the act of July 31, 1968 (P.L.805, No.247), known as the Pennsylvania Municipalities Planning Code, in zoning, providing for optional temporary moratorium on acceptance or consideration of new applications for high impact data centers.",pending,2026-06-04,https://openstates.org/pa/bills/2025-2026/SB1345/,,data-center-limits,
os-6da2959a-db29-457e-97cf-c9f309879487,bill,New Jersey,S 4401,"Requires BPU to conduct study on environmental, infrastructural, and financial impacts of data center development in State.",pending,2026-06-04,https://openstates.org/nj/bills/222/S4401/,power-bills,,New Jersey Board of Public Utilities
os-f2ffa6d1-0536-4039-b5e9-a5d200fb29ea,bill,Pennsylvania,SB 1359,An Act imposing a Statewide moratorium on hyperscale data center development and permitting; and providing for enforcement.,pending,2026-06-04,https://openstates.org/pa/bills/2025-2026/SB1359/,,data-center-limits,
os-4e146b80-deda-4463-a7f3-72cbd8043991,bill,Pennsylvania,SB 1349,An Act providing for transparency in use of generative artificial intelligence; requiring disclosure of synthetic content; providing for establishment of content verification tools; imposing duties on the Bureau of Consumer Protection in the Office of Attorney General; and imposing penalties.,pending,2026-06-04,https://openstates.org/pa/bills/2025-2026/SB1349/,,labeling-mandates; mandatory-reporting; new-agency-powers,
os-047351af-35be-42fe-bcae-3b55f6fefbd5,bill,Michigan,SB 1019,Businesses: other; Michigan zoning enabling act; make subject to the data center regulation act. Amends sec. 205 of 2006 PA 110 (MCL 125.3205).   TIE BAR WITH: SB 1018'26,pending,2026-06-04,https://openstates.org/mi/bills/2025-2026/SB1019/,,,
os-884909ba-a02c-4e90-ac01-18b5a52cfd92,bill,Michigan,SB 1020,Public utilities: public service commission; moratorium on approvals by the Michigan public service commission of any new enterprise data centers; provide for. Amends 1939 PA 3 (MCL 460.1 - 460.11) by adding sec. 10ii.,pending,2026-06-04,https://openstates.org/mi/bills/2025-2026/SB1020/,,data-center-limits,Michigan Public Service Commission
os-1628d603-ab38-4741-bf05-91811c38a852,bill,Michigan,SB 1018,Businesses: other; moratorium on certain approvals for and operation of any new data centers; provide for. Creates new act.   TIE BAR WITH: SB 1019'26,pending,2026-06-04,https://openstates.org/mi/bills/2025-2026/SB1018/,,data-center-limits,
os-102e4920-e3bd-4aac-9d9e-1c2a06e773c0,bill,New Jersey,S 4402,"""Responsible Data Center Development and Resource Protection Act""; establishes Statewide framework concerning siting, land use approval, energy sourcing, water use, and environmental impacts of large load data center development.",pending,2026-06-04,https://openstates.org/nj/bills/222/S4402/,,data-center-limits,
os-8bbdbe88-70dd-41f8-afc4-64f68e2b86bd,bill,New Jersey,S 4400,Requires DEP to conduct study of short and long term effects of water use by large-scale data centers.,pending,2026-06-04,https://openstates.org/nj/bills/222/S4400/,,mandatory-reporting,
us-119-hr-9125,bill,Congress,H.R. 9125,Sectoral AI Governance Act of 2026,pending,2026-06-03,https://www.congress.gov/bill/119th-congress/house-bill/9125,,,
us-119-s-4656,bill,Congress,S. 4656,Secure and Accountable Military AI Act of 2026,pending,2026-06-02,https://www.congress.gov/bill/119th-congress/senate-bill/4656,,,
os-1c04b2e7-f8c7-49d1-b3cf-6cd0a1c4d5c3,bill,New Jersey,A 5184,Requires boards of education to adopt policy on use of artificial intelligence; requires DOE to establish model policy.,pending,2026-06-01,https://openstates.org/nj/bills/222/A5184/,,new-agency-powers,
os-b7c4d91a-54d5-4bbc-970a-646704a05c19,bill,New York,A 11560,Enacts the responsible data center development act,pending,2026-06-01,https://openstates.org/ny/bills/2025-2026/A11560/,,data-center-limits,
os-8fe5c79e-6507-4bf3-9d38-dcc42bb5d0e6,bill,New York,S 10642,Enacts the responsible data center development act,pending,2026-06-01,https://openstates.org/ny/bills/2025-2026/S10642/,,data-center-limits,
os-8fa27234-539b-401e-8434-3cb854b60f05,bill,Pennsylvania,HB 2533,"An Act amending the act of July 31, 1968 (P.L.805, No.247), known as the Pennsylvania Municipalities Planning Code, in zoning, providing for optional moratorium on filing or consideration of new applications for high impact data centers.",pending,2026-05-27,https://openstates.org/pa/bills/2025-2026/HB2533/,,data-center-limits,
os-986a081f-fea2-4d42-9fe8-9f3e54f68ea9,bill,Puerto Rico,PS 1297,"Para crear la “Ley para Regular los Chatbots de Salud Mental e Inteligencia Artificial
Terapéutica en Puerto Rico”, a los fines de establecer normas sobre divulgación, uso,
supervisión, manejo de crisis, protección de datos y prohibiciones aplicables a
sistemas automatizados relacionados con servicios de salud mental; disponer
fiscalización, sanciones administrativas, reglamentación; y para otros fines
relacionados.",pending,2026-05-27,https://openstates.org/pr/bills/2025-2028/PS1297/,,mandatory-reporting; new-agency-powers,
os-ba57b401-69f1-4c8f-8f3e-5ef2db553365,bill,Pennsylvania,HB 2539,"An Act amending the act of March 4, 1971 (P.L.6, No.2), known as the Tax Reform Code of 1971, in Computer Data Center Equipment Incentive Program, further providing for application for certification, for eligibility requirements relating to Sales and Use Tax Refund Program and for eligibility requirements relating to Sales and Use Tax Exemption Program.",pending,2026-05-27,https://openstates.org/pa/bills/2025-2026/HB2539/,,,
os-0d54b83a-5434-4fad-b352-c91574c177d5,bill,Ohio,HB 957,Prohibit new data center sales tax exemptions from being granted,pending,2026-05-27,https://openstates.org/oh/bills/136/HB957/,,,
os-d604a80a-0547-4913-8444-9d6fe632ba60,bill,New York,S 10574,Relation to the regulation of the use of artificial intelligence and facial recognition technology in criminal investigations,pending,2026-05-26,https://openstates.org/ny/bills/2025-2026/S10574/,,mandatory-reporting,New York Division of Criminal Justice Services
os-88449704-671d-41bd-8542-86d1c6ffe239,bill,Pennsylvania,HB 2534,"An Act providing for artificial intelligence transparency, for duties of covered providers of generative artificial intelligence systems and for large online platforms and generative artificial intelligence system hosting platforms; and imposing a penalty.",pending,2026-05-26,https://openstates.org/pa/bills/2025-2026/HB2534/,,,
os-487907c3-a07d-478b-a1b5-a588bdce5192,bill,Pennsylvania,SB 1332,An Act providing for notice of use of artificial intelligence or generative artificial intelligence in political advertisements.,pending,2026-05-21,https://openstates.org/pa/bills/2025-2026/SB1332/,,labeling-mandates,
os-2fb66d72-5a66-46c1-8118-7f9d8cfc306d,bill,New York,S 10546,Enacts the homegrown energy act,pending,2026-05-20,https://openstates.org/ny/bills/2025-2026/S10546/,,data-center-limits,
os-24bdcb52-a1b7-4cb0-af11-f23aebb480b7,resolution,Louisiana,HR 302,TECHNOLOGY: Requests the Legislative Youth Advisory Council to discuss artificial intelligence issues that may affect young people in Louisiana,pending,2026-05-19,https://openstates.org/la/bills/2026/HR302/,,,
us-119-hr-8881,bill,Congress,H.R. 8881,SBA Artificial Intelligence Utilization Act of 2026,pending,2026-05-19,https://www.congress.gov/bill/119th-congress/house-bill/8881,,mandatory-reporting,Small Business Administration
us-119-hr-8893,bill,Congress,H.R. 8893,Protecting Consumers from Deceptive AI Act,pending,2026-05-19,https://www.congress.gov/bill/119th-congress/house-bill/8893,,,
os-e91fdd8a-7223-4dd5-9028-8eb5927217b8,bill,New York,S 10487,"Enacts the ""data center water stewardship and reuse act""",pending,2026-05-15,https://openstates.org/ny/bills/2025-2026/S10487/,power-bills,,
os-83ebb71e-7a83-49e8-be5e-10b3e000b4f0,bill,New York,S 10373,Relates to third party verification of compliance with transparency and safety requirements for developers of artificial intelligence models,pending,2026-05-15,https://openstates.org/ny/bills/2025-2026/S10373/,,mandatory-reporting,
os-06e7adc7-6537-45f4-9eac-6744059fe1c7,bill,New York,S 10425,Relates to disclosure of the use of artificial intelligence by law enforcement agencies,pending,2026-05-15,https://openstates.org/ny/bills/2025-2026/S10425/,,mandatory-reporting,
us-119-hr-8819,bill,Congress,H.R. 8819,Federal Artificial Intelligence Risk Management Act of 2026,pending,2026-05-14,https://www.congress.gov/bill/119th-congress/house-bill/8819,,,
os-5f9d9eca-973a-41c7-ab29-6834939d7f9a,bill,New York,S 10349,Prohibits the department of corrections and community supervision from using artificial intelligence in parole determinations,pending,2026-05-14,https://openstates.org/ny/bills/2025-2026/S10349/,bias,,
os-9d705f23-3e0d-4f07-b393-e93bf9ac89f1,bill,New Jersey,A 5088,"""AI Likeness Protection Act""; concerns distributing realistic representation of individual's image, likeness, or voice created using generative artificial intelligence.",pending,2026-05-14,https://openstates.org/nj/bills/222/A5088/,deepfakes,,
os-ffdafc6e-ccf0-4693-a3f5-c2ed80113346,bill,New Jersey,A 5090,"""GAI Accountability Act;"" imposes civil penalties on generative artificial intelligence platforms engaging in harmful activity, including exploitation of children.",pending,2026-05-14,https://openstates.org/nj/bills/222/A5090/,,,
os-35a212b5-2ea3-42b5-bc82-8e94eacf6d6d,bill,Pennsylvania,HB 2516,"An Act amending the act of July 31, 1968 (P.L.805, No.247), known as the Pennsylvania Municipalities Planning Code, in general provisions, further providing for definitions; in comprehensive plan, providing for comprehensive plan element for commercial data centers; and, in zoning, providing for zoning, commercial data centers and agricultural land protections and for zoning, commercial data centers, approval procedure and minimum standards.",pending,2026-05-13,https://openstates.org/pa/bills/2025-2026/HB2516/,,data-center-limits,
os-a957653f-9529-4cf6-8274-93ce8770dbc6,bill,Pennsylvania,HB 2515,"An Act providing for commercial data center transparency regarding energy use, water use and noise pollution; imposing duties on the Department of Environmental Protection, the Department of Transportation and the Office of Attorney General; and imposing civil penalties.",pending,2026-05-13,https://openstates.org/pa/bills/2025-2026/HB2515/,power-bills,,Pennsylvania Department of Environmental Protection; Pennsylvania Department of Transportation; Pennsylvania Office of Attorney General
us-119-hr-8747,bill,Congress,H.R. 8747,K–12 AI Literacy and Readiness Act of 2026,pending,2026-05-12,https://www.congress.gov/bill/119th-congress/house-bill/8747,,,
os-e74c1de5-56d4-4235-a9c6-d9ea1cc283f9,bill,New York,S 10290,Relates to restricting the use of electronic monitoring and automated employment decision tools,pending,2026-05-11,https://openstates.org/ny/bills/2025-2026/S10290/,,labeling-mandates; mandatory-reporting,
os-dd5be5e6-ad23-4c58-b592-d6fbe44feb67,bill,New York,A 11320,Prohibits the department of corrections and community supervision from using artificial intelligence in parole determinations,pending,2026-05-11,https://openstates.org/ny/bills/2025-2026/A11320/,bias,,
os-f84ff790-31db-49d2-b663-4ba6249bca7f,bill,New York,S 10241,Relates to the use of artificial intelligence for utilization review,pending,2026-05-08,https://openstates.org/ny/bills/2025-2026/S10241/,,mandatory-reporting,
os-84424aa3-a880-4d19-99fc-12b320759ba6,bill,Pennsylvania,HB 2496,"An Act amending the act of July 31, 1968 (P.L.805, No.247), known as the Pennsylvania Municipalities Planning Code, in general provisions, providing for pause on data center proposals.",pending,2026-05-08,https://openstates.org/pa/bills/2025-2026/HB2496/,,data-center-limits,
os-52cceb14-1350-4a6b-b72a-bb505a2abd75,bill,New Jersey,A 4981,Regulates use of artificial intelligence-based systems for electronic monitoring regarding employment and public services.,pending,2026-05-07,https://openstates.org/nj/bills/222/A4981/,,,
os-9d25d14d-a1d6-439b-899a-6a1745431238,bill,New Jersey,A 4945,"Requires BPU to conduct study on environmental, infrastructural, and financial impacts of data center development in State.",pending,2026-05-07,https://openstates.org/nj/bills/222/A4945/,power-bills,,New Jersey Board of Public Utilities
os-62202a8e-ba9a-47ac-bf5b-f2a54a9b24c8,resolution,Louisiana,HR 249,STUDENT/STANDARDS: Requests the State Board of Elementary and Secondary Education to incorporate artificial intelligence into content standards,pending,2026-05-06,https://openstates.org/la/bills/2026/HR249/,,,
os-e04f8c7a-7f1a-407d-8c8f-07d51e523f54,bill,New Jersey,S 4088,Prohibits advertising generative artificial intelligence as able to practice regulated profession or occupation.,pending,2026-05-04,https://openstates.org/nj/bills/222/S4088/,,labeling-mandates,
os-398d9300-dc31-48cc-841e-d713bb0e1940,bill,New Jersey,S 4075,Regulates use of artificial intelligence-based systems for electronic monitoring regarding employment and public services.,pending,2026-05-04,https://openstates.org/nj/bills/222/S4075/,,,
os-65391c72-29c2-4212-8a5a-ef64d0c29d7a,bill,New York,A 11175,Relates to notification requirements of public employers regarding intentions to acquire or deploy any new application or technology that utilizes artificial intelligence,pending,2026-05-01,https://openstates.org/ny/bills/2025-2026/A11175/,,mandatory-reporting,
os-b7966cc4-95ec-4fb1-be68-ff07218db986,bill,New York,S 10133,Prohibits the use of most artificial intelligence in classrooms prior to high school,pending,2026-04-30,https://openstates.org/ny/bills/2025-2026/S10133/,,,
os-e47da6b4-9fd2-4d2b-b849-12c4180236f8,bill,North Carolina,SB 963,"AI Chatbots-Licensing, Safety, and Privacy.",pending,2026-04-30,https://openstates.org/nc/bills/2025/SB963/,,,
os-c8cdd19e-83c0-46ef-a2ba-70c64f3ca84a,bill,North Carolina,SB 981,AI in Ed Task Force and Standards.,failed,2026-04-30,https://openstates.org/nc/bills/2025/SB981/,,,
os-7a457cbf-235f-4f75-8ab8-9985e1ccd84e,resolution,North Carolina,HR 1177,Consumer Protection Artificial Intelligence Bill of Rights.,pending,2026-04-30,https://openstates.org/nc/bills/2025/HR1177/,,,
os-d199916a-56b1-4565-afb7-97ce30b685b7,bill,North Carolina,SB 988,Protecting Workers in the Age of AI Act.,failed,2026-04-30,https://openstates.org/nc/bills/2025/SB988/,,,
os-80426362-0918-4021-8cbd-53e23bb788ec,bill,Illinois,HB 5760,AI WORK TRANSITION COMMISSION,pending,2026-04-30,https://openstates.org/il/bills/104th/HB5760/,,,Illinois AI Work Transition Commission
us-119-s-4414,bill,Congress,S. 4414,LIFT AI Act,pending,2026-04-28,https://www.congress.gov/bill/119th-congress/senate-bill/4414,,,
os-91564ecc-84ac-452e-adcb-4a703dfc3b4e,bill,North Carolina,SB 864,Safe and Responsible AI in Schools Act.,pending,2026-04-28,https://openstates.org/nc/bills/2025/SB864/,,,
us-119-s-4407,bill,Congress,S. 4407,CHATBOT Act,pending,2026-04-28,https://www.congress.gov/bill/119th-congress/senate-bill/4407,,,
us-119-hr-8526,bill,Congress,H.R. 8526,"To amend the Public Health Service Act to update quality standards for mammography facilities for the use of AI systems, and for other purposes.",pending,2026-04-27,https://www.congress.gov/bill/119th-congress/house-bill/8526,,,
us-119-s-4402,bill,Congress,S. 4402,"A bill to require a report on the use of artificial intelligence with respect to access to unminimized information collected pursuant to the Foreign Intelligence Surveillance Act of 1978, and for other purposes.",pending,2026-04-27,https://www.congress.gov/bill/119th-congress/senate-bill/4402,,mandatory-reporting,
os-1b502a24-5f23-4f40-8828-6990a5a73cae,bill,New York,A 11144,Relates to a prohibition on chatbot toys,pending,2026-04-24,https://openstates.org/ny/bills/2025-2026/A11144/,,,
os-cf5a6832-6ffd-4f61-8aed-2ec95ee0bad9,bill,Florida,SB 2D,Artificial Intelligence Bill of Rights,failed,2026-04-24,https://openstates.org/fl/bills/2026D/SB2D/,kids-chatbots,id-age-checks; mandatory-reporting,
os-0f78c6fb-51ea-45e7-b78f-ae852d6d0d67,bill,Florida,SB 4D,Public Records/Investigations by the Department of Legal Affairs,failed,2026-04-24,https://openstates.org/fl/bills/2026D/SB4D/,,,Florida Department of Legal Affairs
os-b6e00346-2b0c-4ffb-addf-40d630837a1a,bill,New York,A 11048,Relates to the use of artificial intelligence for utilization review,pending,2026-04-24,https://openstates.org/ny/bills/2025-2026/A11048/,,mandatory-reporting,
os-65542516-8262-4f77-b154-337dc97d41e6,bill,New York,S 10025,Relates to notification requirements of public employers regarding intentions to acquire or deploy any new application or technology that utilizes artificial intelligence,pending,2026-04-23,https://openstates.org/ny/bills/2025-2026/S10025/,,mandatory-reporting,
os-56c09c81-aefa-44f1-b925-4e58281556c3,bill,Michigan,HB 5899,State management: other; artificial intelligence pilot program; establish for state departments and agencies. Creates new act.,pending,2026-04-23,https://openstates.org/mi/bills/2025-2026/HB5899/,,,Michigan state departments and agencies
us-119-hr-8479,bill,Congress,H.R. 8479,Protecting Consumers from Deceptive AI Act,pending,2026-04-23,https://www.congress.gov/bill/119th-congress/house-bill/8479,,,
us-119-hr-8488,bill,Congress,H.R. 8488,AI Data Center Site Selection Transparency Act of 2026,pending,2026-04-23,https://www.congress.gov/bill/119th-congress/house-bill/8488,,,
os-04d49887-d6ee-48a1-b0ac-b10e04a54dd6,bill,Pennsylvania,SB 1297,"An Act amending the act of March 4, 1971 (P.L.6, No.2), known as the Tax Reform Code of 1971, in Computer Data Center Equipment Incentive Program, further providing for application for certification and for separation of facilities, providing for additional eligibility requirements, further providing for notification, for revocation of certification, for application for certification and for separation of facilities, providing for additional eligibility requirements and further providing for notification and records and for revocation of certification.",pending,2026-04-23,https://openstates.org/pa/bills/2025-2026/SB1297/,,,
os-e6cf08ae-39a8-4f8a-8f3f-a0709cf81eed,bill,Michigan,HB 5881,Local government: other; Michigan zoning enabling act; make subject to the data center planning and responsibility act. Amends sec. 205 of 2006 PA 110 (MCL 125.3205).   TIE BAR WITH: HB 5882'26,pending,2026-04-23,https://openstates.org/mi/bills/2025-2026/HB5881/,,,
os-552bc24a-9ee0-4318-be5c-42370581d11b,bill,Michigan,HB 5882,Local government: other; requirements for a moratorium imposed by a local unit of government on large-scale data centers or cryptocurrency mining facilities; provide for. Creates new act.   TIE BAR WITH: HB 5881'26,pending,2026-04-23,https://openstates.org/mi/bills/2025-2026/HB5882/,,data-center-limits,
os-f8238439-9d7d-43d4-8f18-0b92cf15b7c2,bill,Minnesota,HF 5051,Disclosures when selling or distributing programs with artificial intelligence required.,pending,2026-04-22,https://openstates.org/mn/bills/2025-2026/HF5051/,,labeling-mandates,
os-96aeae4f-bd97-4ffa-b07e-b23e68f59da9,bill,Michigan,HB 5846,Land use: zoning and growth management; zoning overlay districts for data centers; provide for. Creates new act.,pending,2026-04-22,https://openstates.org/mi/bills/2025-2026/HB5846/,,data-center-limits,
os-d6e6d720-1d54-4126-a66d-d7a8ea8bcb8c,bill,North Carolina,SB 787,AI Ethics and Literacy Across Education.,failed,2026-04-21,https://openstates.org/nc/bills/2025/SB787/,,,
os-43decf54-c06b-4e7c-a8c3-6545f5e2fcf2,bill,Ohio,HB 828,Regards use of automated employment decision tools,pending,2026-04-21,https://openstates.org/oh/bills/136/HB828/,,,
us-119-hr-8382,bill,Congress,H.R. 8382,"To prohibit the manufacture and conveyance of certain products for children that incorporate an artificial intelligence chatbot, and for other purposes.",pending,2026-04-20,https://www.congress.gov/bill/119th-congress/house-bill/8382,kids-chatbots,,
os-721ebc21-bdfa-4994-a84d-a04a1b2c1d5f,bill,Minnesota,HF 4979,"Delivery of professional services through artificial intelligence directly to consumers precluded, and enforcement and penalties provided.",pending,2026-04-16,https://openstates.org/mn/bills/2025-2026/HF4979/,,,
os-0209ca1f-d68d-4fec-a659-789de83c76ec,bill,Minnesota,HF 4990,"Criteria for preapplication evaluations of water appropriations for certain data centers modified, data centers' electricity sales exempted in calculating a utility's solar energy standard, other data center exemptions provided, and data center energy generation redundancy provided.",pending,2026-04-16,https://openstates.org/mn/bills/2025-2026/HF4990/,,,
us-119-hr-8283,bill,Congress,H.R. 8283,Deterring American AI Model Theft Act of 2026,pending,2026-04-15,https://www.congress.gov/bill/119th-congress/house-bill/8283,,,
os-37d0886d-b72a-44e6-8c7b-8282c45c77aa,bill,Michigan,HB 5777,Businesses: other; large-scale data center life cycle financial responsibility act; create. Creates new act.,pending,2026-04-14,https://openstates.org/mi/bills/2025-2026/HB5777/,,,
os-9810f43a-8e23-4a48-9aac-1124223ff48a,bill,Michigan,HB 5776,Property tax: exemptions; exemption of certain facilities of a public university; prohibit if used solely to operate a data center. Amends sec. 7n of 1893 PA 206 (MCL 211.7n).,pending,2026-04-14,https://openstates.org/mi/bills/2025-2026/HB5776/,,data-center-limits,
os-f2d3e90c-724c-4a45-8d17-953d72bb5a1c,bill,Michigan,HB 5790,Local government: financing; requirements for enterprise data centers; modify. Amends sec. 4ee of 1933 PA 167 (MCL 205.54ee).,pending,2026-04-14,https://openstates.org/mi/bills/2025-2026/HB5790/,,data-center-limits,
os-ab915ac2-8813-4a8c-b5c2-cc42b7abf0f2,bill,Michigan,HB 5786,"Labor: employment preference; prioritization of local union labor; require for the construction of enterprise data centers. Creates new act.   TIE BAR WITH: HB 5785'26,  HB 5787'26",pending,2026-04-14,https://openstates.org/mi/bills/2025-2026/HB5786/,,,
os-ed2bd9d3-f624-4893-a27e-0bb2afc71eab,bill,Ohio,HB 813,"Regards AI-generated products, AI-systems acting as humans",pending,2026-04-13,https://openstates.org/oh/bills/136/HB813/,deepfakes,labeling-mandates,
os-4cab57ff-0ab0-4432-bb6e-2a60bad77a13,bill,Minnesota,HF 4888,"New data center moratorium established, and Public Utility Commission required to submit a report.",pending,2026-04-09,https://openstates.org/mn/bills/2025-2026/HF4888/,,data-center-limits,Minnesota Public Utility Commission
os-39a83750-4a14-499e-9c0a-d96f8f7955e7,bill,New York,A 10909,"Enacts the ""Shirley Myers White Right To Reconciliation and Digital Identity Repair Act""",pending,2026-04-08,https://openstates.org/ny/bills/2025-2026/A10909/,bias,,
os-48ae01bd-49c7-4aa7-83b9-4ef648384690,bill,New York,A 10852,Enacts the stop subsidizing data centers act,pending,2026-04-08,https://openstates.org/ny/bills/2025-2026/A10852/,power-bills,data-center-limits,
os-373a6ecc-898b-4920-9dd8-f17cdf1c1fdb,resolution,Arkansas,HR 1011,TO AUTHORIZE THE INTRODUCTION OF A NONAPPROPRIATION BILL TO AMEND THE ARKANSAS DATA CENTERS ACT OF 2023 AND TO AMEND THE UNIFORM MONEY SERVICES ACT.,failed,2026-04-08,https://openstates.org/ar/bills/2026F/HR1011/,,,
os-44e35dec-96d8-45e0-9cb2-2526819ce408,bill,New York,S 9819,Directs the department of labor to conduct a study on the effects of artificial intelligence on job losses in the state,pending,2026-04-07,https://openstates.org/ny/bills/2025-2026/S9819/,job-loss,,New York Department of Labor
os-4efb32c5-06cb-421d-9255-4e3bc664ef51,bill,Minnesota,HF 4799,"School safety video analytics grant program established, report required, and money appropriated.",pending,2026-04-07,https://openstates.org/mn/bills/2025-2026/HF4799/,,,
os-c6ea0273-0fda-4050-8926-281a4ef817ee,bill,Minnesota,SF 4997,Artificial intelligence chatbot technology requirements provision,pending,2026-04-07,https://openstates.org/mn/bills/2025-2026/SF4997/,,,
os-4e2e32a5-ffd9-4609-b38c-a8b5d3a47582,bill,New York,S 9794,Relates to requiring disclosure of use of generative artificial intelligence in a civil action,pending,2026-04-06,https://openstates.org/ny/bills/2025-2026/S9794/,,labeling-mandates,
os-dc5909b9-b356-4da8-9397-ebeb32398408,resolution,Arkansas,SR 10,TO AUTHORIZE THE INTRODUCTION OF A NONAPPROPRIATION BILL TO AMEND THE ARKANSAS DATA CENTERS ACT OF 2023 AND TO AMEND THE UNIFORM MONEY SERVICES ACT.,failed,2026-04-06,https://openstates.org/ar/bills/2026F/SR10/,,,
os-e0797771-8b0e-4fa2-8b92-7771f2942747,bill,South Carolina,H 5484,Energy Affordability Act,pending,2026-04-01,https://openstates.org/sc/bills/2025-2026/H5484/,power-bills,data-center-limits,South Carolina Department of Environmental Services; South Carolina Public Service Commission
os-0ff2ba33-5831-4a90-b34d-df121d9935b9,bill,Louisiana,HB 1206,WATER/DRINKING WATER: Provides relative to permitting and reporting of water usage at data centers,pending,2026-03-31,https://openstates.org/la/bills/2026/HB1206/,,data-center-limits,
os-16924680-11a2-4254-94c6-d9bf0cf246a0,bill,Louisiana,SB 474,INFORMATION TECHNOLOGY: Creates the Protecting Louisiana's Infrastructure from Artificial Intelligence Risk Act. (1/1/27),pending,2026-03-31,https://openstates.org/la/bills/2026/SB474/,,,
os-c8ec8dca-61d1-4be4-94a8-4121b263db3b,bill,Louisiana,HB 1149,CURRICULA: Requires each public school to incorporate instruction on artificial intelligence into an existing course of study for each student in grades six through twelve (OR NO IMPACT   See Note),pending,2026-03-31,https://openstates.org/la/bills/2026/HB1149/,,,
os-6257da6b-4b52-4c2b-8710-4537de9f547c,bill,Louisiana,HB 1188,CONSUMERS/PROTECTION: Provides relative to protections for minors regarding use of chatbots,pending,2026-03-31,https://openstates.org/la/bills/2026/HB1188/,,,
os-dbf70194-286a-492e-9f29-b3f51a5488d6,bill,South Carolina,H 5476,Protecting Children from Chatbots,pending,2026-03-31,https://openstates.org/sc/bills/2025-2026/H5476/,kids-chatbots,id-age-checks; mandatory-reporting,
os-cd599794-e812-41aa-8a64-c0e7538c5979,bill,Louisiana,HB 1184,PUBLIC CONTRACTS: Prohibits public contracts with entities owned or controlled by foreign adversaries for the provision of artificial intelligence technology (OR NO IMPACT   See Note),pending,2026-03-31,https://openstates.org/la/bills/2026/HB1184/,,,
os-1c2178af-79c3-4361-8185-a838747d8f5c,bill,Pennsylvania,SB 724,An Act providing for regulation of large load customers and public utilities and for community benefits agreements between large load customers and community-based organizations; establishing the Data Center LIHEAP Enhancement Fund; and imposing duties on the Department of Human Services and the Pennsylvania Public Utility Commission.,pending,2026-03-31,https://openstates.org/pa/bills/2025-2026/SB724/,,,Pennsylvania Public Utility Commission
os-f83538be-c9f3-494e-9cbe-30a8f9cd1faa,bill,New York,A 10715,Prohibits distribution or publishing any political communication that was produced by or includes materially deceptive media,pending,2026-03-27,https://openstates.org/ny/bills/2025-2026/A10715/,,,
os-e106d3d5-82e4-4209-afc7-21c617591737,bill,Minnesota,SF 4927,Delivery of professional services preclusion through artificial intelligence directly to consumers,pending,2026-03-26,https://openstates.org/mn/bills/2025-2026/SF4927/,,,
us-119-hr-8094,bill,Congress,H.R. 8094,AI Foundation Model Transparency Act of 2026,pending,2026-03-26,https://www.congress.gov/bill/119th-congress/house-bill/8094,,,
os-6b38f0e3-816f-495d-9649-a45fdff018dd,bill,Georgia,HB 1603,Georgia Entertainment Artificial Intelligence Accountability and Performer Protection Act; enact,pending,2026-03-25,https://openstates.org/ga/bills/2025_26/HB1603/,deepfakes,,
os-c8e46a55-d97e-448c-aa07-327e23381e55,bill,Idaho,H 945,ARTIFICIAL INTELLIGENCE MEDICAL SERVICES – Adds to existing law to establish provisions regarding artifical intelligence medical services.,pending,2026-03-25,https://openstates.org/id/bills/2026/H945/,,,
us-119-sconres-30,bill,Congress,S.Con.Res. 30,"A concurrent resolution expressing the sense of Congress that the Ratepayer Protection Pledge announced on March 4, 2026, reflects sound national policy to protect ratepayers in the United States, promote electricity affordability, and ensure that all people of the United States, including households, small businesses, schools, hospitals, and farms, have access to reliable and affordable energy as artificial intelligence and data center infrastructure expands across the United States.",pending,2026-03-25,https://www.congress.gov/bill/119th-congress/senate-concurrent-resolution/30,,,
us-119-s-4213,bill,Congress,S. 4213,Data Center Water and Energy Transparency Act of 2026,pending,2026-03-25,https://www.congress.gov/bill/119th-congress/senate-bill/4213,,,
us-119-s-4199,bill,Congress,S. 4199,Youth AI Privacy Act,pending,2026-03-25,https://www.congress.gov/bill/119th-congress/senate-bill/4199,,,
us-119-s-4214,bill,Congress,S. 4214,Artificial Intelligence Data Center Moratorium Act,pending,2026-03-25,https://www.congress.gov/bill/119th-congress/senate-bill/4214,job-loss; power-bills,data-center-limits; export-controls; license-to-build; mandatory-reporting,Department of Commerce; Department of Energy
os-d454bf5f-c1b2-4c3f-905e-968dbde3f90d,bill,Minnesota,SF 4816,Environmental impact statement for data centers requirement provision,pending,2026-03-25,https://openstates.org/mn/bills/2025-2026/SF4816/,,,
os-e2ffdd6a-5b5d-4c7e-b56b-b920ac29d96c,resolution,Nebraska,LR 421,Interim study to examine the current status of artificial intelligence legislation occurring at the state and federal levels to address risks to public safety and to determine what action Nebraska should take to address such risks,pending,2026-03-24,https://openstates.org/ne/bills/109/LR421/,,,
os-322da273-6a8b-4c40-a79c-d8b0b3c841e0,bill,Pennsylvania,HB 2314,An Act providing for a public education campaign focused on educating the public about artificial intelligence and improving AI consumer literacy.,pending,2026-03-24,https://openstates.org/pa/bills/2025-2026/HB2314/,,,
us-119-hr-8037,bill,Congress,H.R. 8037,Protect American AI Act of 2026,pending,2026-03-24,https://www.congress.gov/bill/119th-congress/house-bill/8037,,,
os-bee1ae42-bc3f-4ac6-9135-559d7d7500a6,bill,Ohio,HB 786,Prohibit artificial depiction of a minor for obscene purposes,pending,2026-03-24,https://openstates.org/oh/bills/136/HB786/,deepfakes,,
os-82790fb5-4a1b-47eb-a0b3-fb5b1d70c8fb,bill,Ohio,HB 784,Require data center water consumption reports,pending,2026-03-24,https://openstates.org/oh/bills/136/HB784/,,mandatory-reporting,
os-3a086e9c-93f1-4009-9e39-1192831ac641,bill,Minnesota,SF 4689,Use of automated decision systems in employment settings regulation,pending,2026-03-23,https://openstates.org/mn/bills/2025-2026/SF4689/,,,
os-3a613a04-d95f-4b52-bbf2-205b15dad580,bill,Minnesota,SF 4636,License establishment for artificial intelligence independent verification organizations,pending,2026-03-23,https://openstates.org/mn/bills/2025-2026/SF4636/,,,
os-cb43bc7b-30d1-49d1-a591-59776242ead8,bill,Minnesota,HF 4537,Certain artificial intelligence use in employment procedures prohibited.,pending,2026-03-23,https://openstates.org/mn/bills/2025-2026/HF4537/,,,
os-8c5705c8-00ab-44f3-817d-2db235cacd3d,bill,Minnesota,HF 4532,"Artificial intelligence safety and disclosure requirements established, and civil remedies provided.",pending,2026-03-23,https://openstates.org/mn/bills/2025-2026/HF4532/,,,
os-36311156-c5b9-4828-a039-772d1b161d4e,bill,Minnesota,HF 4544,"License for artificial intelligence independent verification organizations established, advisory council established, rulemaking authorized, and reports required.",pending,2026-03-23,https://openstates.org/mn/bills/2025-2026/HF4544/,,license-to-build; new-agency-powers,Minnesota (advisory council on AI independent verification organizations)
os-793dfc74-ff63-41a9-a6c0-c83896e8e5ca,bill,Minnesota,HF 4536,"Use of generative artificial intelligence in official records prohibited, and civil remedies and enforcement provided.",pending,2026-03-23,https://openstates.org/mn/bills/2025-2026/HF4536/,,,
os-137209c8-ff5d-46c1-afbc-ef6db36ec0de,bill,Minnesota,HF 4512,Public hearings and disclosures prior to approval of data center development required.,pending,2026-03-23,https://openstates.org/mn/bills/2025-2026/HF4512/,,data-center-limits,
us-119-hr-8033,bill,Congress,H.R. 8033,No Harm Data Centers Act,pending,2026-03-20,https://www.congress.gov/bill/119th-congress/house-bill/8033,,,
os-36f24c6a-1158-44f7-869c-275667265a4d,bill,New Jersey,A 4741,Restricts use of certain artificial intelligence generated communications in election campaigns.,pending,2026-03-19,https://openstates.org/nj/bills/222/A4741/,,,
os-2d9798b5-5ee7-43d8-85d9-46ce0bfd477e,bill,Wisconsin,AB 1190,"Relating to: algorithmic pricing of essential consumer goods, granting rule-making authority, and providing a penalty.",pending,2026-03-19,https://openstates.org/wi/bills/2025/AB1190/,,new-agency-powers,
os-58eb6504-2cd1-4f7e-89f4-01794676a282,bill,South Carolina,S 1037,Protecting Children from Chatbots,pending,2026-03-19,https://openstates.org/sc/bills/2025-2026/S1037/,kids-chatbots,id-age-checks; mandatory-reporting,
os-075df084-4309-4e77-a8d7-6088d60a58ae,bill,New Jersey,A 4769,Requires certain State agencies to establish expedited approval and permitting procedures for artificial intelligence data centers powered by small modular nuclear reactors.,pending,2026-03-19,https://openstates.org/nj/bills/222/A4769/,,,
us-119-hr-7997,bill,Congress,H.R. 7997,Research and Oversight of AI in Courts Act of 2026,pending,2026-03-19,https://www.congress.gov/bill/119th-congress/house-bill/7997,,,
us-119-s-4154,bill,Congress,S. 4154,Research and Oversight of AI in Courts Act of 2026,pending,2026-03-19,https://www.congress.gov/bill/119th-congress/senate-bill/4154,,,
os-8481349a-bdab-4e7b-8742-e4a5b7bf0a63,bill,Ohio,SB 381,Require PUCO approval to connect data centers to electrical grid,pending,2026-03-19,https://openstates.org/oh/bills/136/SB381/,,data-center-limits,
os-9e8489c3-6443-4f3d-bb8a-d32380a8bf58,resolution,Georgia,HR 1788,House Study Committee on Responsible Use of Artificial Intelligence; create,pending,2026-03-18,https://openstates.org/ga/bills/2025_26/HR1788/,,new-agency-powers,Georgia House Study Committee on Responsible Use of Artificial Intelligence
os-1d88a164-a37a-4b56-a52c-27bbde79a3f6,bill,Iowa,HSB 766,"A bill for an act relating to the licensure of artificial intelligence augmented and autonomous service providers, and including penalties.",pending,2026-03-18,https://openstates.org/ia/bills/2025-2026/HSB766/,,,
os-fccaa7c6-72aa-47d5-9776-d4dcf1981741,bill,Minnesota,SF 4576,"Notice and a transitional employment period required for employees displaced by artificial intelligence, and penalties imposed",pending,2026-03-18,https://openstates.org/mn/bills/2025-2026/SF4576/,job-loss,,
os-dc12e34e-8379-42f1-aa0c-fe4e6ab26d46,bill,Minnesota,SF 4575,Generative artificial intelligence in official records usage prohibition provision,pending,2026-03-18,https://openstates.org/mn/bills/2025-2026/SF4575/,,,
os-ca7b97df-58bc-415b-b3c7-932503875533,bill,Minnesota,HF 4452,"Artificial intelligence chatbot technology requirements provided, and cause of action for harm created.",pending,2026-03-18,https://openstates.org/mn/bills/2025-2026/HF4452/,,,
os-aba50253-62bd-40af-ae73-c9098742508e,bill,Minnesota,HF 4445,Use of automated decision systems in employment settings regulated.,pending,2026-03-18,https://openstates.org/mn/bills/2025-2026/HF4445/,,,
us-119-hr-7985,bill,Congress,H.R. 7985,CHATBOT Act,pending,2026-03-18,https://www.congress.gov/bill/119th-congress/house-bill/7985,,,
os-ba3e442d-0678-4425-b6ea-1f1e6a565a6a,bill,Minnesota,SF 4509,Artificial intelligence safety and disclosure requirements establishment (RAISE Act),pending,2026-03-17,https://openstates.org/mn/bills/2025-2026/SF4509/,,,
os-ab27669b-c1fb-4d45-9e1d-730487f0f81f,bill,Idaho,H 917,RULES – Adds to existing law to require the use of AI to review administrative rules annually.,pending,2026-03-17,https://openstates.org/id/bills/2026/H917/,,,
os-0b38af2a-ce3f-4642-b593-d59882bc66ef,bill,New Jersey,A 4710,"""Clean Energy AI Incentivization Act""; directs BPU to incentivize artificial intelligence centers to bring their own self-sufficient, clean energy.",pending,2026-03-16,https://openstates.org/nj/bills/222/A4710/,,,New Jersey Board of Public Utilities
os-6afbffe8-08b6-4d55-9760-a7fb017276fb,bill,Minnesota,HF 4369,"Notice and a transitional employment period required for employees displaced by artificial intelligence, and penalties imposed.",pending,2026-03-16,https://openstates.org/mn/bills/2025-2026/HF4369/,job-loss,,
os-cf62f280-0a57-4921-96fc-be633d9f5dec,resolution,Hawaii,SCR 81,"REQUESTING THE HAWAII STATE COMMISSION ON THE STATUS OF WOMEN, IN COLLABORATION WITH THE OFFICE OF THE LEGISLATIVE REFERENCE BUREAU AND DEPARTMENT OF THE ATTORNEY GENERAL, TO ESTABLISH A WORKING GROUP AND PROVIDE A REPORT TO THE LEGISLATURE ON WAYS TO STRENGTHEN PROTECTIONS FOR SURVIVORS OF IMAGE-BASED SEXUAL ABUSE.",pending,2026-03-16,https://openstates.org/hi/bills/2026/SCR81/,,,
os-10bcbd19-79a7-436b-9265-57876adab8dd,resolution,Hawaii,HCR 206,"REQUESTING THE HAWAII STATE ENERGY OFFICE TO CONVENE A WORKING GROUP TO STUDY THE POTENTIAL IMPACTS OF LARGE DATA CENTERS ON HAWAII'S ELECTRIC UTILITIES, RATEPAYERS, NATURAL RESOURCES, AND CLIMATE GOALS.",pending,2026-03-16,https://openstates.org/hi/bills/2026/HCR206/,power-bills,,
os-d1cebaef-2248-4bb3-a685-98fc77c5e850,resolution,Hawaii,SR 71,"REQUESTING THE HAWAII STATE COMMISSION ON THE STATUS OF WOMEN, IN COLLABORATION WITH THE OFFICE OF THE LEGISLATIVE REFERENCE BUREAU AND DEPARTMENT OF THE ATTORNEY GENERAL, TO ESTABLISH A WORKING GROUP AND PROVIDE A REPORT TO THE LEGISLATURE ON WAYS TO STRENGTHEN PROTECTIONS FOR SURVIVORS OF IMAGE-BASED SEXUAL ABUSE.",pending,2026-03-16,https://openstates.org/hi/bills/2026/SR71/,,,Hawaii Department of the Attorney General
os-b1f7826a-2e6f-40a1-8d70-1bc685c121de,resolution,Hawaii,HR 196,"REQUESTING THE HAWAII STATE ENERGY OFFICE TO CONVENE A WORKING GROUP TO STUDY THE POTENTIAL IMPACTS OF LARGE DATA CENTERS ON HAWAII'S ELECTRIC UTILITIES, RATEPAYERS, NATURAL RESOURCES, AND CLIMATE GOALS.",pending,2026-03-16,https://openstates.org/hi/bills/2026/HR196/,power-bills,,Hawaii State Energy Office
os-1d1a343b-1b39-4b86-9412-ea07ed3d5335,resolution,Hawaii,SR 165,REQUESTING THE HAWAIʻI CIVIL RIGHTS COMMISSION TO EXAMINE THE APPLICABILITY OF EXISTING STATE ANTI-DISCRIMINATION LAWS TO ALGORITHMIC AND AUTOMATED DECISION SYSTEMS.,pending,2026-03-16,https://openstates.org/hi/bills/2026/SR165/,,,Hawaii Civil Rights Commission
os-af6db716-5de2-46d6-9bf5-cbf4ff0204fe,resolution,Hawaii,SCR 184,REQUESTING THE HAWAIʻI CIVIL RIGHTS COMMISSION TO EXAMINE THE APPLICABILITY OF EXISTING STATE ANTI-DISCRIMINATION LAWS TO ALGORITHMIC AND AUTOMATED DECISION SYSTEMS.,pending,2026-03-16,https://openstates.org/hi/bills/2026/SCR184/,,,Hawaii Civil Rights Commission
os-3b4aa409-f39f-491e-8870-8003a6edf27e,resolution,Hawaii,SCR 95,"REQUESTING THE HAWAII STATE ENERGY OFFICE TO CONVENE A WORKING GROUP TO STUDY THE POTENTIAL IMPACTS OF LARGE DATA CENTERS ON HAWAII'S ELECTRIC UTILITIES, RATEPAYERS, NATURAL RESOURCES, AND CLIMATE GOALS.",pending,2026-03-16,https://openstates.org/hi/bills/2026/SCR95/,power-bills,,
os-480dfbed-5afc-44ae-9c2f-2a1d2a1aa943,resolution,Hawaii,SR 90,"REQUESTING THE HAWAII STATE ENERGY OFFICE TO CONVENE A WORKING GROUP TO STUDY THE POTENTIAL IMPACTS OF LARGE DATA CENTERS ON HAWAII'S ELECTRIC UTILITIES, RATEPAYERS, NATURAL RESOURCES, AND CLIMATE GOALS.",pending,2026-03-16,https://openstates.org/hi/bills/2026/SR90/,power-bills,,
os-af43b42d-5bbf-4ccc-943a-610a4cb0516a,resolution,Hawaii,HR 182,REQUESTING THE HAWAIʻI CIVIL RIGHTS COMMISSION TO EXAMINE THE APPLICABILITY OF EXISTING STATE ANTI-DISCRIMINATION LAWS TO ALGORITHMIC AND AUTOMATED DECISION SYSTEMS.,pending,2026-03-16,https://openstates.org/hi/bills/2026/HR182/,,,Hawaii Civil Rights Commission
os-044f7b26-f844-485f-9903-ddf9e607aca2,resolution,Hawaii,HCR 192,REQUESTING THE HAWAIʻI CIVIL RIGHTS COMMISSION TO EXAMINE THE APPLICABILITY OF EXISTING STATE ANTI-DISCRIMINATION LAWS TO ALGORITHMIC AND AUTOMATED DECISION SYSTEMS.,pending,2026-03-16,https://openstates.org/hi/bills/2026/HCR192/,,,Hawaii Civil Rights Commission
os-2b3ab9e6-501f-463a-a553-2bf096adea6c,bill,Ohio,SB 378,Enact the Responsible Water Use by Data Centers Act,pending,2026-03-16,https://openstates.org/oh/bills/136/SB378/,,data-center-limits,
os-7e08dd32-005f-4f29-ae86-d9218850e6af,bill,Idaho,H 895,DATA CENTERS – Adds to existing law to establish limitations on consumptive use of water for cooling certain data centers.,passed,2026-03-13,https://openstates.org/id/bills/2026/H895/,,data-center-limits,
os-abd56c0b-0cbe-4b60-9554-88695cfe92ed,bill,Pennsylvania,HB 2288,"An Act amending the act of December 17, 1968 (P.L.1224, No.387), known as the Unfair Trade Practices and Consumer Protection Law, providing for artificial intelligence training disclosure.",pending,2026-03-13,https://openstates.org/pa/bills/2025-2026/HB2288/,,,
os-43d528f1-073a-4fbb-9641-d614753f7b26,bill,Wisconsin,AB 1109,Relating to: use of artificial intelligence to deny prior authorization for medical necessity or experimental status.,pending,2026-03-13,https://openstates.org/wi/bills/2025/AB1109/,bias,,
os-d0f21623-70d2-4cc1-86b1-4b1f0f05d530,bill,Wisconsin,AB 1099,Relating to: moratorium on data centers.,failed,2026-03-13,https://openstates.org/wi/bills/2025/AB1099/,,data-center-limits,
os-2583a727-95d3-478e-a94d-18a041c9f5b1,bill,Massachusetts,S 2983,An Act prohibiting algorithmic rent setting,pending,2026-03-12,https://openstates.org/ma/bills/194th/S2983/,,,
os-ef30b3d9-abe9-476d-8fe9-a462121da281,bill,New Jersey,S 3883,Requires boards of education to adopt policy on use of surveillance systems with artificial intelligence capabilities.,pending,2026-03-12,https://openstates.org/nj/bills/222/S3883/,,,New Jersey Boards of Education
os-6821e896-555e-49dd-ba1c-910c4447ea2b,resolution,Hawaii,HCR 44,URGING THE DEPARTMENT OF EDUCATION TO CO-DEVELOP A SIXTH TO TWELFTH GRADE ARTIFICIAL INTELLIGENCE LITERACY AND USAGE CURRICULUM WITH TEACHERS.,pending,2026-03-12,https://openstates.org/hi/bills/2026/HCR44/,,,
os-e0f82566-7293-4800-b581-3b9ba6e73e35,resolution,Hawaii,HR 40,URGING THE DEPARTMENT OF EDUCATION TO CO-DEVELOP A SIXTH TO TWELFTH GRADE ARTIFICIAL INTELLIGENCE LITERACY AND USAGE CURRICULUM WITH TEACHERS.,pending,2026-03-12,https://openstates.org/hi/bills/2026/HR40/,,,
os-1987e40d-f89b-46e9-9f95-ed39a45ff3b6,resolution,Hawaii,HR 51,URGING THE DEPARTMENT OF TRANSPORTATION AND DEPARTMENT OF TRANSPORTATION SERVICES OF THE CITY AND COUNTY OF HONOLULU TO UTILIZE ARTIFICIAL INTELLIGENCE TO MITIGATE TRAFFIC AND IMPROVE ROAD SAFETY IN THE STATE.,pending,2026-03-12,https://openstates.org/hi/bills/2026/HR51/,,,
os-9b67f1a2-9cfe-42c4-b786-cf91946f4705,resolution,Hawaii,HCR 55,URGING THE DEPARTMENT OF TRANSPORTATION AND DEPARTMENT OF TRANSPORTATION SERVICES OF THE CITY AND COUNTY OF HONOLULU TO UTILIZE ARTIFICIAL INTELLIGENCE TO MITIGATE TRAFFIC AND IMPROVE ROAD SAFETY IN THE STATE.,pending,2026-03-12,https://openstates.org/hi/bills/2026/HCR55/,,,
os-07b7c3cc-811a-4f55-9683-92965c526e5f,resolution,Hawaii,HCR 93,"REQUESTING THE HAWAII STATE COMMISSION ON THE STATUS OF WOMEN TO ESTABLISH A WORKING GROUP AND PROVIDE A REPORT TO THE LEGISLATURE ON WAYS TO STRENGTHEN PREVENTION, INTERVENTIONS, AND PROTECTIONS FOR SURVIVORS OF IMAGE-BASED SEXUAL ABUSE.",pending,2026-03-12,https://openstates.org/hi/bills/2026/HCR93/,,,
os-a03ecd03-933c-45df-bfc9-db28a951d899,resolution,Hawaii,HR 85,"REQUESTING THE HAWAII STATE COMMISSION ON THE STATUS OF WOMEN TO ESTABLISH A WORKING GROUP AND PROVIDE A REPORT TO THE LEGISLATURE ON WAYS TO STRENGTHEN PREVENTION, INTERVENTIONS, AND PROTECTIONS FOR SURVIVORS OF IMAGE-BASED SEXUAL ABUSE.",pending,2026-03-12,https://openstates.org/hi/bills/2026/HR85/,,,
os-0ecad61a-f737-4366-af00-68e55e37d522,bill,Minnesota,HF 4153,"Criteria for preapplication evaluations of water appropriations for data centers modified, data centers' electricity sales exempted in calculating a utility's solar energy standard, and data centers exempted from paying sales tax on electricity purchases.",pending,2026-03-12,https://openstates.org/mn/bills/2025-2026/HF4153/,,,
os-01ab67bd-8ee1-4c24-b044-f403a1172f21,bill,Ohio,SB 374,Prohibit new data center sales tax exemptions,pending,2026-03-11,https://openstates.org/oh/bills/136/SB374/,,,
os-381803b6-432a-4a22-a01a-bcdf8414f485,bill,New York,S 9408,Relates to a prohibition on chatbot toys,pending,2026-03-10,https://openstates.org/ny/bills/2025-2026/S9408/,,,
os-3d2d1521-a0e9-48c7-8206-98493c8ef304,bill,New Jersey,A 4730,Requires person or entity to notify certain consumers when communicating with generative artificial intelligence to engage in trade or commerce.,pending,2026-03-10,https://openstates.org/nj/bills/222/A4730/,,labeling-mandates,
os-ef5af384-670e-45d2-bc6c-e96692c6b864,resolution,Hawaii,SCR 33,REQUESTING THE DEPARTMENT OF EDUCATION TO DEVELOP ARTIFICIAL INTELLIGENCE LITERACY CURRICULA PLANS AND PROGRAMS FOR USE IN PUBLIC SCHOOLS.,pending,2026-03-10,https://openstates.org/hi/bills/2026/SCR33/,,,
os-f4feed9d-ea06-4651-900b-45480b76c48e,bill,New Jersey,A 4729,Requires disclosure to be made when generative artificial intelligence is used to operate chatbots that provide election related information.,pending,2026-03-10,https://openstates.org/nj/bills/222/A4729/,,labeling-mandates,
os-5366c358-1f29-4747-9d3d-eeea509e0d73,bill,New Jersey,A 4731,Directs professional and occupational boards to promulgate rules for licensee use of generative artificial intelligence.,pending,2026-03-10,https://openstates.org/nj/bills/222/A4731/,,,New Jersey professional and occupational boards
os-4863ccc5-5399-43aa-8140-d0eca1974b7b,resolution,Hawaii,SR 32,REQUESTING THE DEPARTMENT OF EDUCATION TO DEVELOP ARTIFICIAL INTELLIGENCE LITERACY CURRICULA PLANS AND PROGRAMS FOR USE IN PUBLIC SCHOOLS.,pending,2026-03-10,https://openstates.org/hi/bills/2026/SR32/,,,
os-9cf35507-12ae-4004-b3c5-048b93788fe9,bill,New Jersey,A 4733,Prohibits advertising generative artificial intelligence as able to practice regulated profession or occupation.,pending,2026-03-10,https://openstates.org/nj/bills/222/A4733/,,,
os-2ff4a1da-2697-4caa-87dc-886e00bd7169,bill,New Jersey,A 4728,Regulates deceptive use of artificial intelligence in photo advertising of certain dwellings.,pending,2026-03-10,https://openstates.org/nj/bills/222/A4728/,,labeling-mandates,
os-c3ad7150-8c74-4dde-b1c0-28ab1d40639e,bill,New Jersey,A 4732,Requires artificial intelligence companion operators to provide notifications that users are not communicating with human.,pending,2026-03-10,https://openstates.org/nj/bills/222/A4732/,,labeling-mandates,
os-adeb8793-d1b6-409c-aec4-81484e65b34a,bill,Kansas,SB 531,Prohibiting the development or operation of any new large load data center in a county that has had a drought emergency declared for such county pursuant to the Kansas emergency management act within the preceding three years.,failed,2026-03-09,https://openstates.org/ks/bills/2025-2026/SB531/,,data-center-limits,
os-cd1ade0d-f007-4f96-b527-d1f5433eec17,resolution,Pennsylvania,HR 425,A Resolution urging the United States Congress to suspend any and all efforts to pass Federal legislation that would impose a moratorium on state-level artificial intelligence regulation; recognizing the potential benefits along with the risks of misuse and systemic harm of artificial intelligence; acknowledging the importance of state regulation of such technologies; and reaffirming the Pennsylvania General Assembly's sovereign authority to legislate for the protection of Pennsylvanians.,pending,2026-03-09,https://openstates.org/pa/bills/2025-2026/HR425/,,,
os-bc68c3b1-7e4c-405e-b05f-d22a22b744ec,bill,Minnesota,SF 4280,Use regulation of artificial intelligence in psychotherapy services,pending,2026-03-09,https://openstates.org/mn/bills/2025-2026/SF4280/,,,
os-7b49377f-238e-473c-9a65-b14ce9cd2cad,bill,Minnesota,SF 4296,Public hearings and certain disclosures prior to approval of data center development requirement,pending,2026-03-09,https://openstates.org/mn/bills/2025-2026/SF4296/,,data-center-limits,
os-51202f06-2de4-46e0-8c36-e78a17706393,bill,Minnesota,SF 4298,"New data center moratorium established, and Public Utility Commission required to submit a report",pending,2026-03-09,https://openstates.org/mn/bills/2025-2026/SF4298/,,data-center-limits,Minnesota Public Utility Commission
os-2521acf6-ab2a-41d5-81b1-dcadb6763383,bill,New York,S 9390,Relates to the rules of evidence and the admissibility of evidence alleged to be fabricated by generative artificial intelligence,pending,2026-03-06,https://openstates.org/ny/bills/2025-2026/S9390/,deepfakes,,
os-9a5712d4-c84f-4d16-a29d-3bad6fa4d7f2,bill,Massachusetts,H 5178,Study Order,pending,2026-03-05,https://openstates.org/ma/bills/194th/H5178/,,,
os-f0656251-c216-4d3b-b4de-6557eb925ea9,bill,Connecticut,HB 5497,AN ACT ESTABLISHING A TASK FORCE TO STUDY THE EFFECTS OF ARTIFICIAL INTELLIGENCE ON THE TRADES INDUSTRY.,pending,2026-03-05,https://openstates.org/ct/bills/2026/HB5497/,,,
us-119-hr-7826,bill,Congress,H.R. 7826,HBCU AI Research Leadership Act,pending,2026-03-05,https://www.congress.gov/bill/119th-congress/house-bill/7826,,,
os-5da4d5ab-31f0-479c-8665-eedae7f4cbf5,bill,Connecticut,SB 417,AN ACT REQUIRING THE DEPARTMENT OF ECONOMIC AND COMMUNITY DEVELOPMENT TO DEVELOP A PLAN TO ESTABLISH AN ARTIFICIAL INTELLIGENCE SMALL BUSINESS PROGRAM.,passed,2026-03-05,https://openstates.org/ct/bills/2026/SB417/,,,Connecticut Department of Economic and Community Development
us-119-hr-7858,bill,Congress,H.R. 7858,Data Center Community Impact Act,pending,2026-03-05,https://www.congress.gov/bill/119th-congress/house-bill/7858,,,
os-57906160-bb22-4e7a-9b96-fc7b1e49d9b4,bill,Minnesota,SF 4114,Constitutional amendment proposal excluding artificial intelligence from the right to free speech,pending,2026-03-04,https://openstates.org/mn/bills/2025-2026/SF4114/,,,
os-b7f29742-13f7-47a1-b7db-1aeda36b80a5,bill,Kentucky,HB 937,AN ACT relating to high intensity technological infrastructure.,pending,2026-03-04,https://openstates.org/ky/bills/2026RS/HB937/,,data-center-limits,
us-119-hr-7786,bill,Congress,H.R. 7786,AI Fraud Accountability Act,pending,2026-03-04,https://www.congress.gov/bill/119th-congress/house-bill/7786,,,
us-119-s-3982,bill,Congress,S. 3982,AI Fraud Accountability Act of 2026,pending,2026-03-04,https://www.congress.gov/bill/119th-congress/senate-bill/3982,,,
os-a7cf670d-8353-48e7-a016-fab515cadc26,bill,Kansas,SB 526,"Requiring data centers to be located on land that was zoned for industrial or manufacturing uses or was not zoned on July 1, 2025, to qualify for the sales tax exemption for qualified data centers.",failed,2026-03-04,https://openstates.org/ks/bills/2025-2026/SB526/,,data-center-limits,
os-d99a44ee-0096-4baf-b772-d8214b3a1292,bill,New York,A 10379,Prohibits artificial intelligence companions from using features which are considered unsafe for minors,pending,2026-03-03,https://openstates.org/ny/bills/2025-2026/A10379/,kids-chatbots,,
os-62badd13-161b-4a7d-9af6-eb4614dcde56,bill,Minnesota,HF 3893,"Use of artificial intelligence in psychotherapy services regulated, and civil penalties provided.",pending,2026-03-02,https://openstates.org/mn/bills/2025-2026/HF3893/,,,
os-84a7bc7c-5abd-40f8-b682-e8a55997470b,bill,Louisiana,SB 347,"COLLEGES/UNIVERSITIES: Provides for the crime of ""unlawful deepfake"" to be added to the definition of power-based violence under the Campus Accountability and Safety Act. (gov sig)",passed,2026-02-27,https://openstates.org/la/bills/2026/SB347/,,,
os-540879b1-e85f-40bb-88a4-8592c3db2a4e,bill,Louisiana,SB 346,SCHOOLS: Prohibits the use of deepfake material against students enrolled in K-12. (8/1/26),passed,2026-02-27,https://openstates.org/la/bills/2026/SB346/,deepfakes,,
os-f1141256-3961-49c3-a9f8-6736cadf286b,bill,Louisiana,HB 734,COMMERCE: Creates a consumer bill of rights regarding artificial intelligence,pending,2026-02-27,https://openstates.org/la/bills/2026/HB734/,,,
os-24706fcd-414f-463e-ab11-6a0e2c698e3c,bill,Louisiana,HB 880,"INSURANCE: Creates the Louisiana Artificial Intelligence Insurance Fairness Act (OR +$1,029,533 SG EX See Note)",pending,2026-02-27,https://openstates.org/la/bills/2026/HB880/,,,
os-bf012db9-36a8-4fca-a788-e382f4487057,bill,Louisiana,HB 791,"COMMERCIAL REGULATIONS: Provides relative to the regulation of artificial intelligence (OR +$256,243 GF EX See Note)",pending,2026-02-27,https://openstates.org/la/bills/2026/HB791/,,,
os-82b06b4c-c821-49ac-ae09-8beda3253e18,bill,Louisiana,HB 686,CRIME/MISDEMEANOR: Provides for the unlawful use of artificial intelligence in telephone calls (OR SEE FISC NOTE LF EX),pending,2026-02-27,https://openstates.org/la/bills/2026/HB686/,deepfakes,,
os-1521cd39-f1a2-40ea-af34-fd2c0c3c18a3,bill,Louisiana,HB 639,ELECTIONS/CAMPAIGNS: Requires disclosure of the use of artificial intelligence in telephone campaign communications,passed,2026-02-27,https://openstates.org/la/bills/2026/HB639/,,labeling-mandates,
os-a0f984da-90de-4147-a9de-06b2b9f20c1d,bill,South Carolina,S 963,"Artificial intelligence, consumer protection",pending,2026-02-26,https://openstates.org/sc/bills/2025-2026/S963/,bias,,
os-52618f7e-04c3-400f-893d-8a4f0e34ba39,bill,Alabama,HB 524,Artificial Intelligence; state agencies required to perform quarterly AI-assisted review of rules,pending,2026-02-26,https://openstates.org/al/bills/2026rs/HB524/,,,Alabama state agencies
os-78d4dd37-c68e-4381-baa3-f06bcc91c5e6,bill,Wisconsin,SB 1066,Relating to: use of artificial intelligence to deny prior authorization for medical necessity or experimental status.,pending,2026-02-26,https://openstates.org/wi/bills/2025/SB1066/,,,
os-e744508e-b5c1-4908-b516-0371c81b6caf,bill,Minnesota,SF 3984,Prior authorization  usage of algorithms or artificial intelligence prohibition provision,pending,2026-02-26,https://openstates.org/mn/bills/2025-2026/SF3984/,,,
os-f39b7307-84e1-464c-8805-e80eafdef1e5,bill,Connecticut,HB 5342,AN ACT CONCERNING THE USE OF ARTIFICIAL INTELLIGENCE AND OTHER MEANS TO GENERATE DECEPTIVE SYNTHETIC MEDIA AND AFFECT ELECTIONS.,failed,2026-02-26,https://openstates.org/ct/bills/2026/HB5342/,deepfakes,,
os-caac034d-b91c-4c6c-91c7-c4986d19da4a,bill,Louisiana,SB 246,HEALTH/ACC INSURANCE: Establishes requirements for health insurance issuers using artificial intelligence or automated decision systems. (8/1/26),pending,2026-02-26,https://openstates.org/la/bills/2026/SB246/,,,
os-3a803c0e-a9ea-4164-a2bf-10cad96e28d8,bill,Louisiana,HB 459,ELECTIONS/CANDIDATES: Provides relative to the use of artificial intelligence in political campaigns,passed,2026-02-26,https://openstates.org/la/bills/2026/HB459/,,,
os-c1806c4e-444e-42f1-b6c2-800b443305ff,bill,Michigan,HB 5594,Businesses: other; moratorium on certain approvals for and operation of any new data centers; provide for. Creates new act.   TIE BAR WITH: HB 5596'26,pending,2026-02-26,https://openstates.org/mi/bills/2025-2026/HB5594/,,data-center-limits,
os-cb498145-bc08-42da-8c09-83c02120509d,bill,Michigan,HB 5596,Businesses: other; Michigan zoning enabling act; make subject to the data center regulation act. Amends sec. 205 of 2006 PA 110 (MCL 125.3205).   TIE BAR WITH: HB 5594'26,pending,2026-02-26,https://openstates.org/mi/bills/2025-2026/HB5596/,,,
os-c0c01c35-d1f9-426c-87af-761010afaf21,bill,Michigan,HB 5595,Public utilities: public service commission; moratorium on approvals by the Michigan public service commission of any new enterprise data centers; provide for. Amends 1939 PA 3 (MCL 460.1 - 460.11) by adding sec. 10ii.,pending,2026-02-26,https://openstates.org/mi/bills/2025-2026/HB5595/,,data-center-limits,Michigan Public Service Commission
os-53f7eca5-cb82-40da-bbf5-61bff801bbb5,bill,Wisconsin,SB 1061,Relating to: moratorium on data centers.,failed,2026-02-26,https://openstates.org/wi/bills/2025/SB1061/,,data-center-limits,
os-c56b43ac-c8f3-4c40-a966-7edefe317a1c,resolution,South Carolina,H 5286,Data Center Moratorium,pending,2026-02-26,https://openstates.org/sc/bills/2025-2026/H5286/,,data-center-limits,
os-e3a466e9-8d3d-416e-9430-dfb8ba8525b9,bill,Alabama,SB 328,Artificial Intelligence; state agencies required to perform quarterly AI-assisted review of rules,pending,2026-02-25,https://openstates.org/al/bills/2026rs/SB328/,,,Alabama state agencies
os-4e8ff354-6db6-4d71-9bad-8047315cb144,bill,Pennsylvania,HB 2246,"An Act amending Title 27 (Environmental Resources) of the Pennsylvania Consolidated Statutes, in water resources planning, further providing for State water plan and providing for covered data centers; and promulgating regulations.",pending,2026-02-25,https://openstates.org/pa/bills/2025-2026/HB2246/,,data-center-limits,
os-c998c671-cfcd-4141-a4da-70e8b68e2458,bill,Louisiana,HB 425,CONSUMERS/PROTECTION: Provides for consumer protection practices for customers engaging with artificial intelligence (OR SEE FISC NOTE GF EX),pending,2026-02-25,https://openstates.org/la/bills/2026/HB425/,,,
os-7c8f3ccd-7d02-4794-9ebf-946a65140a1f,bill,Louisiana,HB 421,LABOR: Provides relative to the use of automated decision systems with respect to employment decisions (OR INCREASE GF EX See Note),pending,2026-02-25,https://openstates.org/la/bills/2026/HB421/,,,
os-275c2835-1787-4c0c-a5c3-14a4c23e57f1,bill,Michigan,HB 5579,Labor: fair employment practices; use of electronic monitoring or automated decisions tools by an employer; prohibit except for certain purposes. Creates new act.,pending,2026-02-24,https://openstates.org/mi/bills/2025-2026/HB5579/,,,
os-afd340c1-598d-46cf-b4f1-be18ced7ab1b,bill,New Jersey,S 3668,Requires notification of use of artificial intelligence system in certain communications with consumers.,pending,2026-02-24,https://openstates.org/nj/bills/222/S3668/,,labeling-mandates,
os-8b1cebb8-5f46-40af-9a13-61200bad5ee9,bill,South Carolina,H 5253,Ai in education,pending,2026-02-24,https://openstates.org/sc/bills/2025-2026/H5253/,,mandatory-reporting,
os-331f4c21-704b-4875-b954-51384de4f890,bill,Iowa,HF 2715,"A bill for an act relating to chatbots, including deployer requirements and interactions with minors.",pending,2026-02-24,https://openstates.org/ia/bills/2025-2026/HF2715/,kids-chatbots,,
os-f44bc4b8-a2e4-4490-ae87-94e8c3c538c2,bill,New Jersey,S 3639,"Requires BPU, DCA, and DEP to establish expedited approval and permitting procedures for artificial intelligence data centers powered by small modular nuclear reactors.",pending,2026-02-24,https://openstates.org/nj/bills/222/S3639/,,,New Jersey Board of Public Utilities; New Jersey Department of Consumer Affairs; New Jersey Department of Environmental Protection
os-89b010ca-de09-4762-b8b8-0fc9f39ec361,bill,New Jersey,S 3702,Restricts use of certain artificial intelligence generated communications in election campaigns.,pending,2026-02-24,https://openstates.org/nj/bills/222/S3702/,,labeling-mandates,
os-71a3f049-5e34-486b-b430-48c0465cd01d,bill,Louisiana,HB 295,TECHNOLOGY: Prohibits the development of artificial intelligence systems with certain capabilities involving interactions with minors (OR SEE FISC NOTE GF EX),pending,2026-02-24,https://openstates.org/la/bills/2026/HB295/,kids-chatbots,,
os-ab0f1c1d-2bd6-421e-be0d-8ba3eff55936,bill,Ohio,HB 710,"Prohibit public support, limit construction of, new data centers",pending,2026-02-24,https://openstates.org/oh/bills/136/HB710/,,data-center-limits,
os-ae18899e-6928-4a5f-866f-6fc755d130b9,bill,Iowa,HF 2691,A bill for an act relating to the ownership of artificial intelligence output and trained artificial intelligence.,pending,2026-02-23,https://openstates.org/ia/bills/2025-2026/HF2691/,,,
os-af8ede6e-ab05-4507-8d7d-73163f99d529,bill,Iowa,SF 2421,"A bill for an act relating to utilization review organizations’ use of artificial intelligence, prior authorization determinations and exemptions, and audits, and including applicability provisions.",failed,2026-02-23,https://openstates.org/ia/bills/2025-2026/SF2421/,,,
os-718ca15e-fc19-40e9-a690-cdec70185e89,bill,Louisiana,SB 110,CRIME/PUNISHMENT: Prohibits using a child's image to train artificial intelligence to produce child sexual abuse materials. (8/1/26),passed,2026-02-23,https://openstates.org/la/bills/2026/SB110/,deepfakes,,
os-fe2275f6-80d6-42b7-96b3-1de90fa5dd52,bill,Iowa,HF 2690,"A bill for an act relating to water and energy use for data centers, including reporting and tariff requirements, and including effective date provisions.",pending,2026-02-23,https://openstates.org/ia/bills/2025-2026/HF2690/,,mandatory-reporting,
os-9d2f7c2f-66d9-4b59-a5c8-5fb0f11342b9,bill,California,AB 2619,Water resources: data centers.,pending,2026-02-20,https://openstates.org/ca/bills/20252026/AB2619/,,mandatory-reporting,
os-d8e35e47-baaa-480c-bf69-4769e70f6082,bill,California,AB 2383,Electricity: data centers.,pending,2026-02-20,https://openstates.org/ca/bills/20252026/AB2383/,,,California Public Utilities Commission
os-1f701cd3-30f5-48b2-9295-79de5c9ab404,bill,California,AB 2469,Data centers: water use disclosures.,pending,2026-02-20,https://openstates.org/ca/bills/20252026/AB2469/,,data-center-limits,
os-40a83692-bbff-43af-b420-8f23fbb1302f,bill,California,AB 2583,Office of Small Business Advocate: artificial intelligence.,pending,2026-02-20,https://openstates.org/ca/bills/20252026/AB2583/,,,California Small Business Advocate
os-ef6a9dc0-cad5-41c2-acf9-e6f2b5f8d8e3,bill,California,AB 2545,Report: labor force impact: artificial intelligence.,pending,2026-02-20,https://openstates.org/ca/bills/20252026/AB2545/,job-loss,mandatory-reporting,California Employment Development Department
os-51079868-aa19-40ea-8b8c-af1fb9219a97,bill,California,AB 2653,State contracts: report: modern foundation models and associated artificial intelligence systems.,pending,2026-02-20,https://openstates.org/ca/bills/20252026/AB2653/,,mandatory-reporting,California Department of Industrial Relations; California Department of Technology
os-ff66c287-1cc2-480b-b2e1-5ca50b55f4c8,bill,California,AB 2487,Artificial intelligence: education and workforce development.,pending,2026-02-20,https://openstates.org/ca/bills/20252026/AB2487/,,,California Community Colleges; California Governor's Office of Business and Economic Development (GO-Biz); California Office of Small Business Advocate
os-17646ab4-fc60-439c-92d9-97a784df5757,bill,California,AB 2392,Public postsecondary education: generative artificial intelligence systems: procurement standards: training.,pending,2026-02-20,https://openstates.org/ca/bills/20252026/AB2392/,,mandatory-reporting,California Community Colleges Chancellor's Office; California State University
os-19f7ea54-1b57-4f3b-b0c4-aab76b5f7d24,bill,California,AB 2575,Health care services: artificial intelligence.,pending,2026-02-20,https://openstates.org/ca/bills/20252026/AB2575/,,,
os-9d032192-f7c7-426e-9540-a53676c690bd,bill,California,AB 2656,Public employees: notice: artificial intelligence performing service within scope of work.,pending,2026-02-20,https://openstates.org/ca/bills/20252026/AB2656/,,mandatory-reporting,
os-eadaf24f-fdeb-4104-9ed8-99bcc9e78fe1,bill,New Jersey,S 3611,Directs planning boards to submit certain data center development plans to BPU and State Planning Commission and requires State Planning Commission approval for data center development under MLUL; excludes data centers from economic development subsidies.,pending,2026-02-19,https://openstates.org/nj/bills/222/S3611/,,data-center-limits; mandatory-reporting,New Jersey Board of Public Utilities; New Jersey State Planning Commission
os-b253cc44-466a-456c-9a0e-997f075a71b1,bill,New Jersey,A 4096,Requires data center owners and operators to submit semi-annual water and energy usage reports to BPU.,pending,2026-02-19,https://openstates.org/nj/bills/222/A4096/,,mandatory-reporting,New Jersey Board of Public Utilities
os-0010f68b-e796-4fcb-8719-b0c9ade29c94,bill,New Jersey,A 4163,"Provides civil penalties for campaign advertisements containing ""deepfake"" misrepresentations of candidates.",pending,2026-02-19,https://openstates.org/nj/bills/222/A4163/,deepfakes,,
os-443815a2-b466-4974-ad11-6c2788ec5f88,bill,Georgia,HB 1399,"Georgia Likeness, Expression, Generative AI, and Commercial Yield (LEGACY) Act; enact",pending,2026-02-19,https://openstates.org/ga/bills/2025_26/HB1399/,,,
os-2b0d08ae-b07d-42df-af7b-adbbe6c04948,bill,New Jersey,A 4352,Requires school districts to provide instruction on artificial intelligence; requires Secretary of Higher Education to develop artificial intelligence model curricula.,pending,2026-02-19,https://openstates.org/nj/bills/222/A4352/,,,New Jersey Secretary of Higher Education
os-3d0892a8-53f8-45b9-92f5-d9c97da8ccb0,bill,Iowa,SF 2415,"A bill for an act relating to provider requirements concerning the mental health of users of an artificial intelligence chatbot, and providing civil penalties.",pending,2026-02-19,https://openstates.org/ia/bills/2025-2026/SF2415/,,,
os-a6e25fb6-5fe9-48ab-b94f-2405b2badb42,bill,Missouri,HB 3369,Prohibits the issuance of permits for construction of data centers for one year in St. Louis,pending,2026-02-19,https://openstates.org/mo/bills/2026/HB3369/,,data-center-limits,
os-407bf028-f3bc-43dc-8a76-25273d73dac5,bill,Louisiana,HB 230,CONSUMERS/PROTECTION: Provides for disclosure of artificial intelligence-generated content (OR SEE FISC NOTE GF EX),pending,2026-02-19,https://openstates.org/la/bills/2026/HB230/,,labeling-mandates,
os-b980e519-67d2-47bf-90e2-6ceaf693c924,bill,Georgia,SB 540,Online Internet Safety; certain disclosures related to conversational AI services; require,passed,2026-02-19,https://openstates.org/ga/bills/2025_26/SB540/,kids-chatbots,labeling-mandates; mandatory-reporting,Georgia Attorney General
os-7e0a0600-0fa1-43c4-96f4-a15c2abdd1df,bill,Colorado,HB 1263,Conversational Artificial Intelligence Service Operator Requirements,pending,2026-02-19,https://openstates.org/co/bills/2026A/HB1263/,kids-chatbots,id-age-checks,Colorado Attorney General
os-9b76ffb5-275d-456f-b376-7ac90f8b533d,bill,Georgia,HB 1387,Ad valorem tax; state-wide homestead exemption in an amount as determined from proceeds generated from collection of certain ad valorem property taxes on data centers,pending,2026-02-19,https://openstates.org/ga/bills/2025_26/HB1387/,,,
os-d5be8254-753c-4ccf-8969-cc6b243a7b00,bill,Connecticut,SB 245,AN ACT ELIMINATING CERTAIN TAX INCENTIVES FOR DATA CENTERS.,pending,2026-02-19,https://openstates.org/ct/bills/2026/SB245/,,,
os-d9c8942e-ff6e-429d-a278-0862c0a02e67,bill,California,SB 1168,Data centers: rate structures.,pending,2026-02-18,https://openstates.org/ca/bills/20252026/SB1168/,power-bills,,
os-5fb36241-4138-401d-ad4d-bf273ac7a4eb,bill,New York,S 9236,Relates to falsely reporting an incident through the use of artificial intelligence,pending,2026-02-18,https://openstates.org/ny/bills/2025-2026/S9236/,deepfakes,,
os-fda4b996-5383-4064-a8fd-7f62614a044a,bill,South Carolina,H 5206,Health insurance,pending,2026-02-18,https://openstates.org/sc/bills/2025-2026/H5206/,,labeling-mandates; mandatory-reporting,
os-2adf1738-c5ed-4708-9c7c-9296395f1fd5,bill,California,AB 2169,Social media platforms: artificial intelligence models.,pending,2026-02-18,https://openstates.org/ca/bills/20252026/AB2169/,,new-agency-powers,California Attorney General
os-e1d8d941-035b-4e16-8bc1-5771e0d84ff9,bill,Louisiana,HB 197,HEALTH CARE/PROVIDERS: Provides for the use of artificial intelligence by healthcare providers,pending,2026-02-18,https://openstates.org/la/bills/2026/HB197/,,,
os-8130c73c-9714-43fe-8298-cbfe0c3cbe41,bill,Idaho,H 727,SEX CRIMES – Amends existing law to revise a provision regarding video voyeurism and to revise a penalty for disclosing explicit synthetic media.,passed,2026-02-18,https://openstates.org/id/bills/2026/H727/,deepfakes,,
os-63399321-7a20-40ac-95c3-98f5df1a9c7e,bill,California,SB 1159,Artificial intelligence: transparency and governance.,pending,2026-02-18,https://openstates.org/ca/bills/20252026/SB1159/,deepfakes,labeling-mandates,
os-5fa7bcc4-8793-4751-a174-86f5bd874c15,bill,Georgia,SB 530,Georgia Property Tax Fairness Fund; create,pending,2026-02-18,https://openstates.org/ga/bills/2025_26/SB530/,,,
os-b067b61a-9262-4d75-a2ac-6f62824e1c20,resolution,Georgia,SR 789,Senate Study Committee on the Impact of Artificial Intelligence; create,pending,2026-02-17,https://openstates.org/ga/bills/2025_26/SR789/,,,
os-c68f34c9-2172-4fd8-9af3-0a537c35de0d,bill,California,SB 1119,Companion chatbots: children's safety.,passed,2026-02-17,https://openstates.org/ca/bills/20252026/SB1119/,kids-chatbots,id-age-checks; mandatory-reporting,
os-3742b5a5-5a25-4b34-ad8c-82e2c50e3246,bill,California,AB 2023,Companion chatbots: children's safety.,pending,2026-02-17,https://openstates.org/ca/bills/20252026/AB2023/,kids-chatbots,id-age-checks; labeling-mandates; mandatory-reporting; new-agency-powers,California Attorney General
os-e3d1bd17-cdcb-47af-9c9c-3df16809e6ad,bill,Georgia,HB 1351,State government; require state agencies to provide a notice to employees when using artificial intelligence in personnel matters,pending,2026-02-17,https://openstates.org/ga/bills/2025_26/HB1351/,,labeling-mandates,
os-78939abd-1a42-4d7d-8192-7f03e32943b4,bill,California,AB 2027,Worker data: prohibitions: artificial intelligence.,pending,2026-02-17,https://openstates.org/ca/bills/20252026/AB2027/,job-loss,,California Labor Commissioner
os-d90df44e-8a58-40ef-a81d-f50a6f3cbf0b,bill,Georgia,HB 1323,Electrical service; require new data centers to operate as hybrid power data centers,pending,2026-02-17,https://openstates.org/ga/bills/2025_26/HB1323/,,data-center-limits,Georgia Public Service Commission
os-5f740097-4ee4-487b-ae88-6d8b0c7a8f16,bill,Iowa,HF 2540,"A bill for an act relating to computer science and artificial intelligence education, including high school curricula and graduation requirements, and practitioner preparation programs, and including applicability provisions.",pending,2026-02-16,https://openstates.org/ia/bills/2025-2026/HF2540/,,,
os-c493c6ae-dbd2-43df-b377-da3f62829c8d,bill,Iowa,HF 2528,"A bill for an act modifying the duties of the workforce development board, state board of education, and department of education related to cyber and artificial intelligence.",pending,2026-02-16,https://openstates.org/ia/bills/2025-2026/HF2528/,,,Iowa Department of Education; Iowa State Board of Education; Iowa Workforce Development Board
os-f5df843c-a77d-44ab-a118-4443a4d7d812,bill,Iowa,HF 2469,"A bill for an act prohibiting the use of an automated decision-making system to alter the price of a product or service for a specific individual based on surveillance data, and providing civil penalties.",pending,2026-02-16,https://openstates.org/ia/bills/2025-2026/HF2469/,,,
os-1a9163a2-45a3-4e62-9b19-f3c85acfb77e,bill,Iowa,HF 2507,"A bill for an act establishing requirements and guidelines for conversational AI services, and providing civil penalties, and including applicability provisions.",failed,2026-02-16,https://openstates.org/ia/bills/2025-2026/HF2507/,,,
os-78fadbca-05cc-4c0c-958e-714f27f356e0,bill,Idaho,H 687,PROCUREMENT – Adds to existing law to establish provisions regarding unbiased artificial intelligence in state government purchasing.,pending,2026-02-16,https://openstates.org/id/bills/2026/H687/,,,
os-5adc1cc7-994b-41fc-8f8a-da588b263e7f,bill,Iowa,HF 2447,"A bill for an act relating to water and energy use for data centers, including reporting and tariff requirements, and including effective date provisions.",pending,2026-02-16,https://openstates.org/ia/bills/2025-2026/HF2447/,power-bills,mandatory-reporting,
os-a86cb1f4-d146-4ed8-a14f-1c146e2e216b,bill,West Virginia,HB 5590,Create a limited and predictable water-quantity review framework for High Impact Data Centers (HIDCs) in West Virginia.,pending,2026-02-16,https://openstates.org/wv/bills/2026/HB5590/,,data-center-limits,
os-60efbe6c-97e6-4023-8796-99bdd29c6620,bill,Maryland,HB 1385,Health Insurance - Use of Artificial Intelligence - Human Evaluation,pending,2026-02-13,https://openstates.org/md/bills/2026/HB1385/,,,
os-ee966e52-0a89-405f-b851-69bca33169be,bill,California,AB 1988,Companion chatbots: crisis interruption pauses.,pending,2026-02-13,https://openstates.org/ca/bills/20252026/AB1988/,,mandatory-reporting,California Office of Suicide Prevention
os-260ba277-8629-4669-ab17-1433925c5359,bill,Louisiana,HB 157,TRADEMARKS/TRADE NAMES: Establishes a cause of action for misuse of artificial intelligence,pending,2026-02-13,https://openstates.org/la/bills/2026/HB157/,,,
os-6c7bff09-bd55-4a28-886b-e92fab6f0bf1,bill,Idaho,S 1297,ARTIFICIAL INTELLIGENCE – Adds to existing law to establish the Conversational AI Safety Act.,passed,2026-02-13,https://openstates.org/id/bills/2026/S1297/,,,
os-0e0feaf2-09ee-4eb0-a8b8-674b7fe74feb,bill,Rhode Island,SB 2570,AN ACT RELATING TO HEALTH AND SAFETY -- USE OF ARTIFICIAL INTELLIGENCE BY HEALTHCARE PROVIDERS NOTIFICATION ACT,passed,2026-02-13,https://openstates.org/ri/bills/2026/SB2570/,,labeling-mandates,
os-5c08e519-4989-46cb-a8c1-84d4c82cf7e5,bill,California,SB 1106,Agentic artificial intelligence.,pending,2026-02-13,https://openstates.org/ca/bills/20252026/SB1106/,ai-cyberattacks,mandatory-reporting,California Department of Technology; California Office of Emergency Services
os-27027fe1-4d89-4b66-b142-bf83c09b5ab7,bill,Kentucky,HB 641,AN ACT relating to mental health chatbots.,pending,2026-02-13,https://openstates.org/ky/bills/2026RS/HB641/,,labeling-mandates; new-agency-powers,Kentucky Attorney General
os-c149a455-ecd2-4eba-9efe-1c206cda51ad,bill,Louisiana,HB 119,CRIME: Provides relative to unlawful conduct involving images of another person created by artificial intelligence (EN SEE FISC NOTE GF EX),passed,2026-02-13,https://openstates.org/la/bills/2026/HB119/,deepfakes,,
os-cb82093c-0c07-48f6-a228-90b42def8a2b,bill,California,AB 1979,Health care services: artificial intelligence.,pending,2026-02-13,https://openstates.org/ca/bills/20252026/AB1979/,,labeling-mandates,California Medical Board; California Osteopathic Medical Board
os-7036ac90-6599-44be-96b9-12de35e7c58f,bill,Wisconsin,AB 1036,Relating to: prohibiting nondisclosure agreements intended to conceal information about a data center from the public.,failed,2026-02-13,https://openstates.org/wi/bills/2025/AB1036/,,,
os-56e542b5-3f14-4bb4-b38b-611f741b46dc,bill,Maryland,HB 1250,Consumer Protection and Product Liability - Chatbots,pending,2026-02-12,https://openstates.org/md/bills/2026/HB1250/,,,
os-eb43a100-a974-4f2c-b69a-9fd33ebb4d1d,bill,Maryland,HB 1261,Consumer Protection - Artificial Intelligence Toys (Artificial Intelligence Toy Safety Act),pending,2026-02-12,https://openstates.org/md/bills/2026/HB1261/,,,
os-0250e469-9c86-40dd-b13c-4f414c8513a1,bill,New York,A 10251,Limits the use of automatic data systems in connection with employment,pending,2026-02-12,https://openstates.org/ny/bills/2025-2026/A10251/,,labeling-mandates,
os-608b5ce4-f40d-4ce3-9adb-c456acd36c24,bill,Rhode Island,HB 7764,AN ACT RELATING TO PROPERTY -- RESIDENTIAL LANDLORD AND TENANT ACT,pending,2026-02-12,https://openstates.org/ri/bills/2026/HB7764/,,,
os-c4a5015b-c9b2-4931-98a9-f326633e58d6,bill,Maryland,HB 1294,Criminal Law - Child Sexual Abuse Material - Artificial Intelligence Software,pending,2026-02-12,https://openstates.org/md/bills/2026/HB1294/,,,
os-8eda9054-f848-4839-a09d-aab4af85969d,bill,Massachusetts,H 5073,Study Order,pending,2026-02-12,https://openstates.org/ma/bills/194th/H5073/,,,
us-119-s-3888,bill,Congress,S. 3888,Small Business Artificial Intelligence Training Act of 2026,pending,2026-02-12,https://www.congress.gov/bill/119th-congress/senate-bill/3888,,,
os-e8d6b301-7e67-4d7d-aa24-766f3ddf69e5,bill,Rhode Island,HB 7767,AN ACT RELATING TO LABOR AND LABOR RELATIONS -- ARTIFICIAL INTELLIGENCE USE AND FAIR EMPLOYMENT PRACTICES,pending,2026-02-12,https://openstates.org/ri/bills/2026/HB7767/,,,
os-f1a85ddd-e350-45f0-a9f9-4daca0e36486,bill,California,AB 1898,Workplace artificial intelligence tools.,pending,2026-02-12,https://openstates.org/ca/bills/20252026/AB1898/,,mandatory-reporting,
os-afbb97d1-d201-4879-bdaa-4f929451fd13,bill,Massachusetts,H 5094,An Act enhancing disclosure requirements for synthetic media in political advertising,pending,2026-02-11,https://openstates.org/ma/bills/194th/H5094/,,labeling-mandates,
os-f12e0a6a-ac71-4a3a-9f9b-0a79652bd38d,bill,Iowa,SF 2278,"A bill for an act prohibiting personalized algorithmic pricing and surveillance pricing at certain food retail establishments, and providing civil penalties.",pending,2026-02-11,https://openstates.org/ia/bills/2025-2026/SF2278/,,,
os-dfeef232-2ec7-4a63-87e4-09f1539dae61,resolution,South Carolina,S 920,Health insurance,pending,2026-02-11,https://openstates.org/sc/bills/2025-2026/S920/,,labeling-mandates; mandatory-reporting,
os-e58b76f4-27e1-4630-b037-6024d11c9295,bill,New York,S 9182,Enacts the stop subsidizing data centers act,pending,2026-02-11,https://openstates.org/ny/bills/2025-2026/S9182/,power-bills,data-center-limits,New York Department of Environmental Conservation
os-a309f11c-54da-4564-92bf-7f86f1261b39,bill,Colorado,HB 1195,Psychotherapy Artificial Intelligence Restrictions,pending,2026-02-11,https://openstates.org/co/bills/2026A/HB1195/,,labeling-mandates,
os-6e46b812-1561-4370-ac27-92806437a818,bill,South Carolina,S 902,Data Centers,pending,2026-02-10,https://openstates.org/sc/bills/2025-2026/S902/,power-bills,data-center-limits,South Carolina Department of Environmental Services; South Carolina Office of Regulatory Staff; South Carolina Public Service Commission
os-51300a44-cd60-4faa-99d8-5c3723f1e299,bill,Kansas,HB 2772,Enacting the Kansas age-appropriate design code act to require businesses to assess and mitigate risks of compulsive use in minors; enacting the Kansas stopping likeness abuse by nonconsensual digital replicas act to create a private right of action for the unauthorized digital replication and distribution of individuals' digital likenesses; enacting the Kansas saving human connection act to prohibit deceptive practices and ensure transparency in chatbot interactions.,failed,2026-02-10,https://openstates.org/ks/bills/2025-2026/HB2772/,deepfakes; kids-chatbots,labeling-mandates,
os-c7c9bcc4-f69b-43e8-8e4a-9361398f7e6a,bill,Georgia,SB 488,Torts; generative artificial intelligence systems shall constitute personal property for purposes of certain actions for product liability alleging injury to a minor; provide,failed,2026-02-10,https://openstates.org/ga/bills/2025_26/SB488/,kids-chatbots,,
os-9517cea5-0b83-48ee-9810-1207b3bd66d6,bill,South Carolina,H 5138,Chatbot Regulation,pending,2026-02-10,https://openstates.org/sc/bills/2025-2026/H5138/,,,
os-d8a14320-a8ad-4406-8b1a-82e695265ce1,bill,Louisiana,SB 42,CRIME/PUNISHMENT: Prohibits using artificial intelligence to create child sexual abuse materials. (8/1/26),passed,2026-02-10,https://openstates.org/la/bills/2026/SB42/,,,
os-5a86fa30-a3d3-4239-a11c-dfb982f55e39,bill,Kentucky,SB 175,AN ACT relating to the establishment of the Kentucky Health Command.,pending,2026-02-10,https://openstates.org/ky/bills/2026RS/SB175/,,new-agency-powers,
os-0d838dba-c280-43cc-9c05-d24c7508bf4b,bill,New Jersey,S 3379,Requires data center owners and operators to submit semi-annual water and energy usage reports to BPU.,pending,2026-02-09,https://openstates.org/nj/bills/222/S3379/,,,New Jersey Board of Public Utilities
os-16d03b03-44b6-4a2d-8958-71998a45e8a2,bill,Maryland,HB 1057,"Education - Artificial Intelligence - Guidelines, Professional Development, and Collaborative (Artificial Intelligence Ready Schools Act)",pending,2026-02-09,https://openstates.org/md/bills/2026/HB1057/,,,
os-6bd8868f-77c9-4626-89d5-3cf7baa0879a,bill,Kansas,SB 499,"Enacting the Kansas age-appropriate design code act to require businesses to assess and mitigate risks of compulsive use in minors, enacting the Kansas stopping likeness abuse by nonconsensual digital replicas act to create a private right of action for the unauthorized digital replication and distribution of individuals' digital likenesses and enacting the Kansas saving human connection act to prohibit deceptive practices and ensure transparency in chatbot interactions.",failed,2026-02-09,https://openstates.org/ks/bills/2025-2026/SB499/,deepfakes; kids-chatbots,labeling-mandates,
os-90f8741e-9640-47db-900c-35101428b855,bill,New York,A 10141,Imposes a moratorium on data center permit issuance; and relates to data center rate impacts,pending,2026-02-09,https://openstates.org/ny/bills/2025-2026/A10141/,power-bills,data-center-limits,
os-fd9ef1f9-dd2b-4dd8-94fc-4301aba36897,bill,Arizona,HB 4005,artificial intelligence; course; public schools,failed,2026-02-09,https://openstates.org/az/bills/57th-2nd-regular/HB4005/,,,
os-9c482b70-bac4-419d-b3c4-c033ab754f06,bill,Wisconsin,SB 932,Relating to: the legal status of artificial intelligence.,failed,2026-02-06,https://openstates.org/wi/bills/2025/SB932/,,,
os-64d0e188-1957-4875-aee3-b56bc52262b1,bill,Maryland,SB 827,Consumer Protection and Product Liability - Chatbots,pending,2026-02-06,https://openstates.org/md/bills/2026/SB827/,,,
os-2a7f2007-a59a-44aa-850a-35c4d2c0ec40,bill,Rhode Island,HB 7543,AN ACT RELATING TO COMMERCIAL LAW -- GENERAL REGULATORY PROVISIONS -- INTERNET ACCESS AND ADVERTISING BY FACSIMILE,pending,2026-02-06,https://openstates.org/ri/bills/2026/HB7543/,,labeling-mandates,
os-277e3f0d-2650-44ef-bf0d-3aa6057452c4,bill,Wisconsin,SB 939,Relating to: artificial intelligence systems that simulate humanlike relationships with children and providing a penalty.,failed,2026-02-06,https://openstates.org/wi/bills/2025/SB939/,kids-chatbots,,
os-eac538cc-c2d5-480f-8082-dc08b4a992d8,bill,New York,S 9144,Imposes a moratorium on data center permit issuance; and relates to data center rate impacts,pending,2026-02-06,https://openstates.org/ny/bills/2025-2026/S9144/,power-bills,data-center-limits,
os-255479d6-1c7e-4761-91ee-0aa9eb6d9103,bill,Rhode Island,HB 7538,AN ACT RELATING TO HEALTH AND SAFETY -- USE OF ARTIFICIAL INTELLIGENCE BY HEALTHCARE PROVIDERS NOTIFICATION ACT,passed,2026-02-06,https://openstates.org/ri/bills/2026/HB7538/,,labeling-mandates,
os-09344bcd-b6c7-4a10-8870-f38898c52958,bill,Rhode Island,SB 2499,AN ACT RELATING TO LABOR AND LABOR RELATIONS -- ARTIFICIAL INTELLIGENCE USE AND FAIR EMPLOYMENT PRACTICES,pending,2026-02-06,https://openstates.org/ri/bills/2026/SB2499/,,new-agency-powers,
os-3743931d-ca49-4662-a883-2ea52fb2f89d,bill,Maryland,SB 720,"Education - Artificial Intelligence - Guidelines, Professional Development, and Collaborative (Artificial Intelligence Ready Schools Act)",passed,2026-02-06,https://openstates.org/md/bills/2026/SB720/,,,
os-9dd57518-aebd-419f-8784-99fd40384460,bill,Wyoming,HB 102,Protecting kids from deepfakes and exploitative images.,pending,2026-02-06,https://openstates.org/wy/bills/2026/HB102/,deepfakes; kids-chatbots,,
os-fee15015-b3c2-4c05-9a74-35a8d201c35e,bill,Illinois,HB 5106,CRIM CD-DEEPFAKE-HARASS,pending,2026-02-05,https://openstates.org/il/bills/104th/HB5106/,,,
os-1c23bf95-ff1b-4d14-933f-227adb545315,bill,Maryland,HB 952,Consumer Protection - Companion Chatbots - Regulation,pending,2026-02-05,https://openstates.org/md/bills/2026/HB952/,,,
os-600b8bf6-f430-4169-bd67-fd68195e0b3c,bill,South Carolina,S 896,Chatbot Regulation,pending,2026-02-05,https://openstates.org/sc/bills/2025-2026/S896/,,,
os-b813a5ed-4efc-4ca3-9bb9-0c6114a72926,bill,Iowa,SF 2226,"A bill for an act relating to the use of automated adjudication systems by health carriers, and including civil penalties.",pending,2026-02-05,https://openstates.org/ia/bills/2025-2026/SF2226/,,,
os-3a879f4e-d3c4-4f06-b398-cce76e61f144,bill,Illinois,SB 3502,AI PRODUCT LIABILITY ACT,pending,2026-02-05,https://openstates.org/il/bills/104th/SB3502/,,,
os-261a7581-b136-4cca-b620-e2b1e9c20857,bill,Illinois,SB 3571,WARN ACT-AI LAYOFFS,pending,2026-02-05,https://openstates.org/il/bills/104th/SB3571/,,,
os-ea61019b-9350-4809-921d-47ac718881df,bill,Illinois,SB 3590,AI PRODUCT LIABILITY ACT,pending,2026-02-05,https://openstates.org/il/bills/104th/SB3590/,,,
os-f5ee1486-4d7d-4abe-b946-866f87eb87b4,bill,Illinois,HB 5113,SCH CD-AI USE IN EDUC COMM,pending,2026-02-05,https://openstates.org/il/bills/104th/HB5113/,,,
os-01ede4e6-0051-46ad-8c50-1a554a5ceff7,bill,Iowa,SSB 3118,"A bill for an act relating to utilization review organizations’ use of artificial intelligence, prior authorization determinations and exemptions, and prepayment audits, and including applicability provisions.",pending,2026-02-05,https://openstates.org/ia/bills/2025-2026/SSB3118/,,,
us-119-sres-598,bill,Congress,S.Res. 598,"A resolution condemning and calling for the reversal of President Trump's decision to allow the export of advanced artificial intelligence chips to the United Arab Emirates, despite significant risks to national security and just months after the United Arab Emirates signed a secret $500,000,000 deal to buy close to a majority stake in the Trump family crypto company World Liberty Financial.",pending,2026-02-05,https://www.congress.gov/bill/119th-congress/senate-resolution/598,china-race,export-controls,
os-d110dbf2-1ba1-4f5d-b0d9-78eacdf223a5,resolution,Michigan,HR 240,"A resolution to urge a temporary pause on discretionary state-level incentives for data center construction, request a comprehensive review of the fiscal, utility, environmental, and local governance impacts of data center development in Michigan, and direct House committees to review these issues.",pending,2026-02-04,https://openstates.org/mi/bills/2025-2026/HR240/,power-bills,data-center-limits,
os-62cc514f-d799-4d01-afa2-0f2b633faee6,bill,California,SB 978,Data centers: labor: electricity rates.,pending,2026-02-04,https://openstates.org/ca/bills/20252026/SB978/,power-bills,data-center-limits,
os-70876269-5f18-4ab6-b221-8fb11346eab3,resolution,Ohio,HCR 31,Urge Congress to reject any moratorium on state AI laws,pending,2026-02-04,https://openstates.org/oh/bills/136/HCR31/,,,
os-2ef4ddcc-31fa-4f74-a132-34fbc5ae8973,resolution,South Carolina,H 5085,AI Week,pending,2026-02-04,https://openstates.org/sc/bills/2025-2026/H5085/,,,
os-7215409f-b106-4c2e-ba6b-e1db9144d552,bill,Iowa,SF 2199,A bill for an act relating to the ownership of artificial intelligence output and trained artificial intelligence.,pending,2026-02-04,https://openstates.org/ia/bills/2025-2026/SF2199/,,,
os-d11a8211-efeb-441f-8fc4-b94ca02c6d14,bill,Maryland,HB 795,Health Insurance - Artificial Intelligence - Grievance Process and Reporting (AI Health Insurance Accountability Act of 2026),failed,2026-02-04,https://openstates.org/md/bills/2026/HB795/,,,
os-61fd8d70-ea6c-4b56-8e0a-adee39881718,bill,Maryland,HB 883,Consumer Protection - Artificial Intelligence - Behavioral Health Care Prohibitions,pending,2026-02-04,https://openstates.org/md/bills/2026/HB883/,,,
os-b6e8bab0-1b1e-4f86-b6a7-0d9ec72a4e44,bill,Illinois,SB 3444,AI MODEL SAFETY,pending,2026-02-04,https://openstates.org/il/bills/104th/SB3444/,,,
os-69f7ed5b-6e79-43cb-a49e-000d775c0c87,bill,Illinois,SB 3364,HUMAN RIGHTS-AI-VIOLATIONS,pending,2026-02-04,https://openstates.org/il/bills/104th/SB3364/,,,
os-5ee74be6-2318-4fcf-924d-9d10f20cfa95,bill,Illinois,SB 3384,AI COMPANION MODEL SAFETY ACT,pending,2026-02-04,https://openstates.org/il/bills/104th/SB3384/,kids-chatbots,,
os-fb0953e7-334e-4b0c-ab51-6c540e3fb5d7,bill,Illinois,HB 4988,FRAUD-ARTIFICIAL INTELLIGENCE,pending,2026-02-04,https://openstates.org/il/bills/104th/HB4988/,,,
os-00c4c778-b4b7-4425-b0d9-25b2fd72e6cf,bill,Illinois,SB 3368,CHATBOT RESPONSE LIABILITY ACT,pending,2026-02-04,https://openstates.org/il/bills/104th/SB3368/,,,
os-f4669d89-d858-478f-b9ed-305e6da51602,bill,Illinois,HB 4980,HUMAN CONTROL OF AI ACT,pending,2026-02-04,https://openstates.org/il/bills/104th/HB4980/,,,
os-502530d0-7890-437b-b0a9-c165d6201fd5,bill,Illinois,HB 5044,CHATBOT PROVIDER-LIABILITY,pending,2026-02-04,https://openstates.org/il/bills/104th/HB5044/,,,
os-fb25e6d9-e0f8-4a04-b67f-31f86d0e0e29,bill,Wyoming,HB 91,Ban on government social scoring with AI.,pending,2026-02-04,https://openstates.org/wy/bills/2026/HB91/,bias,,
os-1119bc95-e771-4773-9813-7984ad8101b2,bill,Vermont,H 875,An act relating to the possession and promotion of child sexual abuse materials to include computer-generated images,pending,2026-02-04,https://openstates.org/vt/bills/2025-2026/H875/,,,
os-ffaa1ff5-36fc-4339-9e9f-70c76156af09,bill,New Hampshire,SB 657,relative to the use of information technology and artificial intelligence systems by state agencies.,pending,2026-02-04,https://openstates.org/nh/bills/2026/SB657/,,,
os-f86ff407-16c2-4171-b96b-33a4076dabf0,bill,Kentucky,HB 559,"AN ACT relating to data privacy, portability, and interoperability.",pending,2026-02-04,https://openstates.org/ky/bills/2026RS/HB559/,,new-agency-powers,Kentucky Attorney General
os-4d2e5219-7cb8-4c53-906e-0a12d94d5177,bill,Colorado,HB 1139,Use of Artificial Intelligence in Health Care,pending,2026-02-04,https://openstates.org/co/bills/2026A/HB1139/,bias,mandatory-reporting,Colorado Department of Health Care Policy and Financing; Colorado Department of Human Services; Colorado Division of Insurance
os-52b305ba-e584-40a8-a539-ea53464a0664,bill,Tennessee,HB 2392,"Business and Commerce - As introduced, creates the ""Tennessee Data Center Impact Review Act."" - Amends TCA Title 5; Title 6; Title 7; Title 10; Title 62; Title 65; Title 68 and Title 69.",pending,2026-02-03,https://openstates.org/tn/bills/114/HB2392/,,data-center-limits,
os-dc728a39-3e08-4b5f-a33f-ee29f42636ad,bill,Tennessee,HB 2456,"Utilities, Utility Districts - As introduced, requires certain data centers to register with the department of revenue; requires fuel suppliers, and electric and water utilities that provide fuel and service respectively to registered data centers to report usage and rates to the department; requires the commissioner to compile and publish certain information based on reports received from utilities. - Amends TCA Title 5; Title 6; Title 7; Title 10; Title 62; Title 65; Title 68 and Title 69.",failed,2026-02-03,https://openstates.org/tn/bills/114/HB2456/,,data-center-limits; mandatory-reporting,Tennessee Department of Revenue
os-ec2f78e4-8bbc-4ff4-8635-815052228c7e,bill,Tennessee,HB 2464,"Consumer Protection - As introduced, prohibits electric utilities and high performance computing centers in this state from using transformers, parts, or equipment manufactured or sold by entities owned or controlled by foreign adversaries to support any part of their operations; requires such utilities and centers to report to the comptroller of the treasury; makes related changes. - Amends TCA Title 4; Title 7; Title 8; Title 47, Chapter 18; Title 65 and Title 68.",failed,2026-02-03,https://openstates.org/tn/bills/114/HB2464/,china-race,export-controls,
os-e0dcabfd-2cb8-404c-90b9-6612b3633ff3,bill,Tennessee,HB 2586,"State Government - As introduced, expands the requirements of the 2026 and 2027 annual reports to be submitted by the artificial intelligence advisory council to the governor, speaker of the senate, and speaker of the house of representatives by requiring such reports to include recommendations on strategies to detect and minimize the risk of fraud committed by persons using artificial intelligence. - Amends TCA Title 2; Title 4; Title 8; Title 10; Title 16; Title 29; Title 36; Title 37; Title 38; Title 39; Title 40; Title 45; Title 47; Title 48; Title 49; Title 53; Title 62; Title 63; Title 65; Title 67; Title 68 and Title 71.",pending,2026-02-03,https://openstates.org/tn/bills/114/HB2586/,deepfakes,mandatory-reporting,
os-34622918-b20f-4b38-86e9-5aa1d7ef278a,bill,Tennessee,HB 2416,"Education - As introduced, requires each public charter school to publish the policy adopted by its governing board on the use of artificial intelligence by students, teachers, and staff for instructional and assignment purposes on its website; requires each local board of education to direct each school under its management and control to publish the policy adopted by the local board on the use of artificial intelligence by students, teachers, and staff for instructional and assignment purposes on the school's website. - Amends TCA Title 49.",pending,2026-02-03,https://openstates.org/tn/bills/114/HB2416/,,labeling-mandates,
os-e3891f79-5b63-4197-9b88-f1a174e5c98e,bill,Kansas,SB 467,Enacting the use of artificial intelligence in medical decisions transparency act and requiring that all medical necessity determinations be made by a competent licensed physician or healthcare professional.,failed,2026-02-03,https://openstates.org/ks/bills/2025-2026/SB467/,,,
os-8dea6c7a-88d3-4769-b5f3-e7bf75c5efc1,bill,Vermont,H 855,An act relating to defenses in civil actions based on harm caused by artificial intelligence,pending,2026-02-03,https://openstates.org/vt/bills/2025-2026/H855/,,,
os-2db6362c-bad1-457c-a240-0c8937818a15,bill,Georgia,SB 455,Georgia Artificial Intelligence Commission; establishment,pending,2026-02-03,https://openstates.org/ga/bills/2025_26/SB455/,,new-agency-powers,Georgia Artificial Intelligence Commission; Georgia Technology Authority
os-3c72296f-cf94-4bfc-8988-f37f29492422,bill,Kansas,HB 2671,"Establishing the Kansas community harmed by AI technology act, mandating user accounts and age verification for AI chatbot access, classifying users by age, requiring parental consent for minors, blocking explicit content, protecting age information confidentiality, monitoring for suicidal ideation, informing users of AI interaction, requiring compliance guidance by 2027, outlining enforcement under consumer protection laws and providing safe harbor for compliant entities.",failed,2026-02-03,https://openstates.org/ks/bills/2025-2026/HB2671/,,id-age-checks; labeling-mandates,
os-6502bdc0-8bae-466e-ab7b-4a034b5ac490,bill,Illinois,SB 3261,ARTIFICIAL INTELLIGENCE SAFETY,pending,2026-02-03,https://openstates.org/il/bills/104th/SB3261/,,,
os-2a1d5ee0-d41c-4603-be9b-e63442b4bec9,bill,Illinois,SB 3262,COMPANION AI PROTECTION ACT,pending,2026-02-03,https://openstates.org/il/bills/104th/SB3262/,,,
os-8103f053-8aa1-4418-9fd2-ad58b68bb1ce,bill,Illinois,SB 3263,AI PROVENANCE DATA ACT,pending,2026-02-03,https://openstates.org/il/bills/104th/SB3263/,,labeling-mandates,
os-8f3249f5-d4b3-4a7e-a1c4-7d0b8f5df573,bill,Oklahoma,HB 3394,Hyperscale data centers; Oklahoma Hyperscale Data Center Directory Act; Oklahoma Corporation Commission; directory; electrical utilities; water providers; effective date.,pending,2026-02-02,https://openstates.org/ok/bills/2026/HB3394/,,,Oklahoma Corporation Commission
os-f3fac452-6189-4871-b73e-c372dfce3b0d,bill,Oklahoma,SB 1706,"Foreign ownership of land; prohibiting foreign principals from renting, leasing, or having a controlling interest in data centers. Effective date.",pending,2026-02-02,https://openstates.org/ok/bills/2026/SB1706/,,,
os-149c0c89-dbef-498f-b356-a5cecf2871ee,bill,Tennessee,SB 2653,"Business and Commerce - As introduced, creates the ""Tennessee Data Center Impact Review Act."" - Amends TCA Title 5; Title 6; Title 7; Title 10; Title 62; Title 65; Title 68 and Title 69.",pending,2026-02-02,https://openstates.org/tn/bills/114/SB2653/,,,
os-777d72b6-1b8e-48f4-982c-d40d52951881,bill,Oklahoma,HB 2992,Corporation Commission; creating the Data Center Customer Ratepayer Protection Act of 2026; effective date; emergency.,passed,2026-02-02,https://openstates.org/ok/bills/2026/HB2992/,,,Oklahoma Corporation Commission
os-7f9039ae-0e4b-4975-b555-c84980cdbed8,bill,Oregon,HB 4084,Relating to economic development; and prescribing an effective date.,passed,2026-02-02,https://openstates.org/or/bills/2026R1/HB4084/,,data-center-limits,
os-5f53f83d-0324-4ddd-b18b-4ffd4c0e09c0,bill,New Jersey,S 3303,Updates certain crimes to include nonconsensual pornographic deepfake threats and disclosure.,pending,2026-02-02,https://openstates.org/nj/bills/222/S3303/,deepfakes,,
os-90fbc201-1a4e-446b-a7b6-3168690d8732,bill,Oregon,HB 4054,Relating to downcoding.,pending,2026-02-02,https://openstates.org/or/bills/2026R1/HB4054/,,mandatory-reporting,
os-3d011797-eae8-4bb3-bd7b-7241799771ef,bill,New Jersey,S 3305,"Prohibits creation or disclosure of deceptive audio or visual media, known as ""deepfakes,"" under certain circumstances.",pending,2026-02-02,https://openstates.org/nj/bills/222/S3305/,deepfakes,,
os-171245c1-8623-47d0-aad4-2374c3b9f624,bill,Oregon,HB 4103,Relating to artificial intelligence.,pending,2026-02-02,https://openstates.org/or/bills/2026R1/HB4103/,,new-agency-powers,Oregon Department of Administrative Services; Senator Aaron Woods Commission on Artificial Intelligence
os-211bf91d-04a7-488e-bd9b-7637459f050b,bill,Maryland,HB 712,Civil Actions - Product Liability - Artificial Intelligence Systems,pending,2026-02-02,https://openstates.org/md/bills/2026/HB712/,,,
os-e78eee53-a178-4339-acd5-ea3d575c403c,bill,Tennessee,HB 2214,"Criminal Offenses - As introduced, prohibits a person or entity from distributing an electoral deepfake within 90 days of an election that the person or entity knows or should have known is a deceptive and fraudulent depiction of a candidate or political party; creates civil penalties and outlines exceptions. - Amends TCA Title 2 and Title 39, Chapter 17.",pending,2026-02-02,https://openstates.org/tn/bills/114/HB2214/,deepfakes,,
os-85faf798-e2c1-4a82-a104-8159eb37d926,bill,Oklahoma,SB 2085,Artificial intelligence; establishing certain rights; prohibiting certain actions by certain entities; requiring certain actions by certain entities. Effective date.,pending,2026-02-02,https://openstates.org/ok/bills/2026/SB2085/,,,
os-dc3222c2-083b-43b7-849e-8c62c3d0f79e,bill,Oklahoma,HB 4083,Technology; deployers; AI chatbots; minors; age verification systems; emergency situations; effective date.,pending,2026-02-02,https://openstates.org/ok/bills/2026/HB4083/,kids-chatbots,,
os-c32875d8-7feb-40e9-8d04-580e70ff356a,bill,Oklahoma,HB 3675,Health insurance; review agents; artificial intelligence system; adverse determinations; effective date.,pending,2026-02-02,https://openstates.org/ok/bills/2026/HB3675/,,,
os-1192d67b-35f0-4590-97e6-eb5fa60d3bd1,bill,Oklahoma,SB 2037,Artificial intelligence; requiring informed consent for use by licensed mental health professional or health care provider; authorizing and prohibiting certain uses. Emergency.,pending,2026-02-02,https://openstates.org/ok/bills/2026/SB2037/,,,
os-b8be9cb0-24f0-43dc-a42d-064ec6d6a591,bill,Oklahoma,HB 4348,"Civil proceedings; duties of attorneys and legal advisor; duties concerning exhibits believed to be false, misleading, or manipulated; sanctions or disciplinary action; effective date.",pending,2026-02-02,https://openstates.org/ok/bills/2026/HB4348/,deepfakes,,
os-b1596d01-4c22-47fd-ab5f-be977b162c65,bill,Oklahoma,SB 1967,Hospital and Medical Services Utilization Review Act; requiring utilization review organization that uses AI to adhere to requirements; prohibiting AI from making certain determinations. Effective date.,pending,2026-02-02,https://openstates.org/ok/bills/2026/SB1967/,,,
os-322be219-3348-40c3-8ae8-0a80e2f0def1,bill,New Jersey,S 3263,Regulates use of artificial intelligence-enabled video interview in hiring process.,pending,2026-02-02,https://openstates.org/nj/bills/222/S3263/,,,
os-6b933dc7-deef-41ed-88f3-ad9afba43086,bill,New York,A 10118,Relates to food delivery worker safety,pending,2026-02-02,https://openstates.org/ny/bills/2025-2026/A10118/,,,
os-eff60d5e-191e-4a85-afe4-e6a0802aa03a,bill,Oklahoma,HB 3545,Technology; artificial intelligence; state agencies; prohibited uses; permitted uses; Office of Management and Enterprise Services; effective date.,pending,2026-02-02,https://openstates.org/ok/bills/2026/HB3545/,,new-agency-powers,Oklahoma Office of Management and Enterprise Services
os-2c0ee580-40cc-4edd-9502-46f082ba8000,bill,Oklahoma,HB 3176,"State development; Oklahoma Gas, Artificial Intelligence, and Space Research Hub; National Laboratory; Oklahoma Department of Commerce; effective date.",pending,2026-02-02,https://openstates.org/ok/bills/2026/HB3176/,,,Oklahoma Department of Commerce
os-aa895c32-b15a-4aaf-8aac-72d5a163d0d8,bill,Tennessee,SB 2171,"Safety - As introduced, enacts the ""Artificial Intelligence Public Safety and Child Protection Transparency Act."" - Amends TCA Title 4; Title 10, Chapter 7; Title 47; Title 58 and Title 68.",pending,2026-02-02,https://openstates.org/tn/bills/114/SB2171/,,,
os-ad6098b3-0966-4f20-975a-2f9c52d711ae,bill,Tennessee,SB 2521,"State Government - As introduced, expands the requirements of the 2026 and 2027 annual reports to be submitted by the artificial intelligence advisory council to the governor, speaker of the senate, and speaker of the house of representatives by requiring such reports to include recommendations on strategies to detect and minimize the risk of fraud committed by persons using artificial intelligence. - Amends TCA Title 2; Title 4; Title 8; Title 10; Title 16; Title 29; Title 36; Title 37; Title 38; Title 39; Title 40; Title 45; Title 47; Title 48; Title 49; Title 53; Title 62; Title 63; Title 65; Title 67; Title 68 and Title 71.",pending,2026-02-02,https://openstates.org/tn/bills/114/SB2521/,deepfakes,mandatory-reporting,
os-eb0fd47a-8184-4dc0-b8a0-1c45b9dedd61,bill,Tennessee,SB 2618,"Computers and Electronic Processing - As introduced, requires the joint chairs of the artificial intelligence advisory council to publish their annual findings regarding the economic, labor, and ethical impacts of artificial intelligence on an appropriate page of the general assembly's website, in addition to the existing requirement to submit these reports to the governor and legislative speakers. - Amends TCA Title 4; Title 10; Title 16; Title 36; Title 37; Title 38; Title 39; Title 40; Title 45; Title 47; Title 48; Title 49; Title 53; Title 63; Title 67; Title 68 and Title 71.",pending,2026-02-02,https://openstates.org/tn/bills/114/SB2618/,job-loss,mandatory-reporting,Tennessee General Assembly
os-1afb244c-ffb7-400a-a62b-ef2ba0c42640,bill,Tennessee,SB 2680,"Consumer Protection - As introduced, prohibits electric utilities and high performance computing centers in this state from using transformers, parts, or equipment manufactured or sold by entities owned or controlled by foreign adversaries to support any part of their operations; requires such utilities and centers to report to the comptroller of the treasury; makes related changes. - Amends TCA Title 4; Title 7; Title 8; Title 47, Chapter 18; Title 65 and Title 68.",pending,2026-02-02,https://openstates.org/tn/bills/114/SB2680/,china-race,mandatory-reporting,Tennessee Comptroller of the Treasury
os-114cc797-3b2d-4522-a0eb-9d931eb8bafd,bill,Tennessee,SB 2321,"Criminal Offenses - As introduced, prohibits a person or entity from distributing an electoral deepfake within 90 days of an election that the person or entity knows or should have known is a deceptive and fraudulent depiction of a candidate or political party; creates civil penalties and outlines exceptions. - Amends TCA Title 2 and Title 39, Chapter 17.",pending,2026-02-02,https://openstates.org/tn/bills/114/SB2321/,deepfakes,,
os-1e4ceb86-8345-46a1-8a91-2be1ef6fcc4c,bill,Oklahoma,SB 1521,Artificial intelligence; definitions; requiring operators make certain disclosure; preventative measures for minor account holders; prohibitions; enforcement authority to Attorney General; civil penalty. Effective date.,pending,2026-02-02,https://openstates.org/ok/bills/2026/SB1521/,kids-chatbots,id-age-checks; mandatory-reporting; new-agency-powers,Oklahoma Attorney General
os-1b77d689-a3c9-4c47-b2ba-2f6b668c0f87,bill,Oregon,SB 1546,Relating to artificial intelligence companions.,passed,2026-02-02,https://openstates.org/or/bills/2026R1/SB1546/,kids-chatbots,labeling-mandates; mandatory-reporting,
os-1248098e-c54f-42f3-b0ea-63ece7592128,bill,Georgia,SB 444,Private Review Agents; certain decisions with regard to the provision of insurance coverage for healthcare services shall not be based solely on artificial intelligence systems; provide,passed,2026-02-02,https://openstates.org/ga/bills/2025_26/SB444/,bias,,
os-650435a8-8f6e-4fe1-954f-61d8f161ad9a,bill,Oklahoma,SB 1734,Schools; creating the Oklahoma Responsible Technology in Schools Act; requiring development of guidance for use of artificial intelligence and emerging technologies. Effective date. Emergency.,passed,2026-02-02,https://openstates.org/ok/bills/2026/SB1734/,,,
os-5d46a6e9-f254-46fe-9ddd-48ae5af9cd37,bill,Oklahoma,SB 2038,Health Insurance; requiring certain decisions to be made by licensed professional; prohibiting issuance of outcomes determined with artificial-intelligence; requiring disclosure notice by insurer. Emergency.,pending,2026-02-02,https://openstates.org/ok/bills/2026/SB2038/,bias,mandatory-reporting,
os-be8d6a99-5662-4306-97fa-47863d945f62,bill,Oklahoma,HB 3544,Technology; artificial intelligence; companions; minors; safety; civil penalties; effective date.,pending,2026-02-02,https://openstates.org/ok/bills/2026/HB3544/,kids-chatbots,,
os-50c770bc-688f-4082-b7a0-0493ad5ae7c6,bill,New York,A 10049,Establishes a grid modernization surcharge,pending,2026-01-30,https://openstates.org/ny/bills/2025-2026/A10049/,power-bills,,
os-abc5c33f-f38b-4757-b23e-ec8c4d24c6ea,bill,Washington,HB 2708,Removing a tax exemption for the replacement of equipment for data centers.,pending,2026-01-30,https://openstates.org/wa/bills/2025-2026/HB2708/,,,
os-d626f34c-a6d0-473f-bda8-db5b1e27511d,bill,New York,S 9089,Relates to food delivery worker safety,pending,2026-01-30,https://openstates.org/ny/bills/2025-2026/S9089/,,,
os-e1c45333-aeb9-4f8f-9372-39e89c9c8e54,bill,Pennsylvania,HB 2175,"An Act amending Title 12 (Commerce and Trade) of the Pennsylvania Consolidated Statutes, providing for consumer protection and for artificial intelligence and chatbots; imposing duties on the Bureau of Consumer Protection in the Office of Attorney General; and imposing penalties.",pending,2026-01-30,https://openstates.org/pa/bills/2025-2026/HB2175/,,labeling-mandates; new-agency-powers,Pennsylvania Office of Attorney General - Bureau of Consumer Protection
os-ad5781fb-135e-4326-84ea-ecbbaaf4e7a4,bill,New York,A 10047,Establishes disclosure requirements for AI-generated or materially AI-altered media depicting historically recognized human disasters when such media is publicly distributed,pending,2026-01-30,https://openstates.org/ny/bills/2025-2026/A10047/,deepfakes,labeling-mandates,New York Attorney General
os-1bd4535e-345d-4af7-8afc-16a60a6c5cc5,bill,Vermont,H 846,An act relating to artificial intelligence and elections,pending,2026-01-30,https://openstates.org/vt/bills/2025-2026/H846/,,,
os-de889434-ae64-4a92-8431-f35fc582a103,bill,Illinois,HB 4711,PROVENANCE DATA REQUIREMENTS,pending,2026-01-30,https://openstates.org/il/bills/104th/HB4711/,,,
us-119-hr-7294,bill,Congress,H.R. 7294,AI for Secure Networks Act,pending,2026-01-30,https://www.congress.gov/bill/119th-congress/house-bill/7294,ai-cyberattacks,mandatory-reporting,
os-beb18df4-f2ee-46f9-acfa-5bb9cab4ca70,bill,West Virginia,HB 4948,"To create a buffer zone between a data center and residence, school or house of worship",pending,2026-01-29,https://openstates.org/wv/bills/2026/HB4948/,,data-center-limits,
os-c9c0c07c-bcc0-4c25-b5c9-68eee1bf208c,bill,South Carolina,S 867,Data Center Development,pending,2026-01-29,https://openstates.org/sc/bills/2025-2026/S867/,power-bills,data-center-limits; new-agency-powers,South Carolina Department of Environmental Services; South Carolina Public Service Commission
os-17f1a171-e520-448b-b8d5-a694c8a3b6c8,bill,South Dakota,SB 170,"require the provision of a notice to consumers, interacting with certain chatbots or other human-simulating computer technologies that could mislead or deceive the consumer.",failed,2026-01-29,https://openstates.org/sd/bills/2026/SB170/,,labeling-mandates,
os-873a9b13-8559-40f4-9173-4eb07ad167f0,bill,South Dakota,SB 168,regulate the use of chatbots by minors.,pending,2026-01-29,https://openstates.org/sd/bills/2026/SB168/,kids-chatbots,,
os-b8f8360a-e3c8-435f-a16d-e457bb575198,bill,South Dakota,SB 169,place requirements on the use of artificial intelligence systems by health carriers in making determinations about the provision of health care services.,failed,2026-01-29,https://openstates.org/sd/bills/2026/SB169/,bias,,
os-c961fa86-2035-437c-8022-e658d20f3c16,bill,Wisconsin,AB 959,Relating to: the legal status of artificial intelligence.,failed,2026-01-29,https://openstates.org/wi/bills/2025/AB959/,,,
os-bd6019a2-1105-4e12-8b79-4946cc5bed82,bill,Iowa,HSB 647,"A bill for an act relating to chatbots, including deployer requirements and interactions with minors.",pending,2026-01-29,https://openstates.org/ia/bills/2025-2026/HSB647/,kids-chatbots,,
os-c89e9f56-0388-42ec-b250-75e2cf5a2780,bill,Iowa,SF 2166,"A bill for an act relating to the publication of electioneering communications containing synthetic media, and providing penalties.",pending,2026-01-29,https://openstates.org/ia/bills/2025-2026/SF2166/,,,
os-910f963c-f6bd-476a-8d36-08e0768626d3,bill,Vermont,H 829,An act relating to notification of robocalls that use an artificial voice,pending,2026-01-29,https://openstates.org/vt/bills/2025-2026/H829/,,labeling-mandates,
os-6ec92710-5af8-4d3f-b907-c88f37bdb717,bill,Ohio,HB 663,Create the Artificial Intelligence Study Commission,pending,2026-01-29,https://openstates.org/oh/bills/136/HB663/,,new-agency-powers,
os-20d76a4a-5b1a-4d34-aa6a-2dc1ea103f95,bill,Vermont,H 822,An act relating to the regulation of generative artificial intelligence systems,pending,2026-01-29,https://openstates.org/vt/bills/2025-2026/H822/,,,
os-8a4bbd9e-7378-4bca-ac6a-83a5c85aa7b1,bill,Vermont,H 814,An act relating to neurological rights and the use of artificial intelligence technology in health and human services,pending,2026-01-29,https://openstates.org/vt/bills/2025-2026/H814/,,,
os-6783fc29-f691-40bb-9396-1833b4a254f9,bill,Vermont,H 816,An act relating to regulating the use of artificial intelligence in the provision of mental health services,pending,2026-01-29,https://openstates.org/vt/bills/2025-2026/H816/,,,
os-8f919a8f-5a80-400e-9bab-e604f1776c8f,bill,Kansas,HB 2592,Creating the Kansas task force on artificial intelligence and emerging technologies to study such technologies and make recommendations to the legislature.,failed,2026-01-29,https://openstates.org/ks/bills/2025-2026/HB2592/,,new-agency-powers,
os-7ed6ee72-7ad1-4d8c-be57-9ca459b21803,bill,Wisconsin,AB 965,Relating to: artificial intelligence systems that simulate humanlike relationships with children and providing a penalty.,failed,2026-01-29,https://openstates.org/wi/bills/2025/AB965/,kids-chatbots,,
os-8382fa8d-ac9e-4c16-b7dc-14b5853663a7,bill,Illinois,SB 2993,AI-PRESCRIBING MEDICATION,pending,2026-01-29,https://openstates.org/il/bills/104th/SB2993/,,,
os-c695ffbb-8982-40a8-ad85-4437de8e4311,bill,Illinois,SB 2995,CONSUMER FRAUD-AI DISCLOSURE,pending,2026-01-29,https://openstates.org/il/bills/104th/SB2995/,,,
os-1645e518-c44f-43eb-840e-7cab8794aafe,bill,Illinois,SB 2996,ELEC CD-AI ADVERT DISCLOSURE,pending,2026-01-29,https://openstates.org/il/bills/104th/SB2996/,,labeling-mandates,
os-73312aad-ac06-4aef-8d34-5133fe33b2a3,bill,Illinois,HB 4705,ARTIFICIAL INTELLIGENCE SAFETY,pending,2026-01-29,https://openstates.org/il/bills/104th/HB4705/,,,
os-37dc3e97-8d9f-4f93-a2c2-b8d08bb80aa5,bill,Illinois,SB 3027,NO AI IN HEALTH CARE PRICING,pending,2026-01-29,https://openstates.org/il/bills/104th/SB3027/,,,
os-b7e2eeff-b518-4e88-9d7d-0dfc6bcb484a,bill,Iowa,HF 2204,"A bill for an act relating to the requirements for chatbot deployers, including required protocols, limitations on data collection, and requirements for minors to interact with artificial intelligence companions and therapeutic chatbots, and providing civil penalties, punitive penalties, and civil causes of action.",pending,2026-01-29,https://openstates.org/ia/bills/2025-2026/HF2204/,kids-chatbots,mandatory-reporting,
os-5d325a49-e343-4449-ab00-cf8ee15866c6,bill,Georgia,HB 1063,Electric utilities; protect residential and retail electricity customers from costs associated with data center construction and operation; require,pending,2026-01-28,https://openstates.org/ga/bills/2025_26/HB1063/,power-bills,,
os-7584a38f-1bdf-4a17-bc9c-0cf668214965,bill,Georgia,SB 436,"Counties, Municipal Corporations; local governments and political subdivisions from entering into nondisclosure agreements regarding electricity usage or water usage of any entity; prohibit",pending,2026-01-28,https://openstates.org/ga/bills/2025_26/SB436/,,data-center-limits,
os-1915d2ce-9414-494a-bd62-075ca0a4f75f,bill,Georgia,HB 1059,Data Center Impact Assessment and Development Moratorium Act of 2026; enact,pending,2026-01-28,https://openstates.org/ga/bills/2025_26/HB1059/,,data-center-limits; new-agency-powers,
os-f33bc1f3-b088-4767-bf67-9921efb69b21,resolution,Kansas,HR 6023,Opposing the federal preemption of state laws that regulate artificial intelligence.,failed,2026-01-28,https://openstates.org/ks/bills/2025-2026/HR6023/,,preemption,
os-e19938b6-e7bc-48d6-84ca-89cb58a5d8d0,bill,New Mexico,HB 212,VOICE & VISUAL LIKENESS RIGHTS ACT,pending,2026-01-28,https://openstates.org/nm/bills/2026/HB212/,,,
os-bd934c8b-3528-42de-a288-0479003be75c,bill,Kansas,SB 405,"Making it unlawful for a person to knowingly train artificial intelligence to encourage or support suicide or the unlawful killing of another person, provide emotional support, develop emotional relationships, act as a healthcare professional, simulate humans or encourage isolation.",failed,2026-01-28,https://openstates.org/ks/bills/2025-2026/SB405/,kids-chatbots,,
os-e6c4d8ce-5873-40c8-83a0-ce273c734df8,bill,Iowa,HSB 635,A bill for an act relating to the ownership of artificial intelligence output and trained artificial intelligence.,pending,2026-01-28,https://openstates.org/ia/bills/2025-2026/HSB635/,,,
os-d34c1fef-d683-4554-a1ea-41e0ddd2efa3,bill,Rhode Island,HB 7349,"AN ACT RELATING TO BEHAVIORAL HEALTHCARE, DEVELOPMENTAL DISABILITIES AND HOSPITALS -- OVERSIGHT OF ARTIFICIAL INTELLIGENCE TECHNOLOGY IN MENTAL HEALTH CARE ACT",passed,2026-01-28,https://openstates.org/ri/bills/2026/HB7349/,,,
os-167acc98-dc9c-49bb-bd18-fa1ce7ba69f1,bill,Rhode Island,HB 7350,AN ACT RELATING TO COMMERCIAL LAW--GENERAL REGULATORY PROVISIONS -- ARTIFICIAL INTELLIGENCE COMPANION MODELS,passed,2026-01-28,https://openstates.org/ri/bills/2026/HB7350/,,labeling-mandates,
os-f473adc6-c2e5-4672-8bdd-f9ee77c8729d,bill,Vermont,H 792,An act relating to liability standards for developers and deployers of artificial intelligence systems,pending,2026-01-28,https://openstates.org/vt/bills/2025-2026/H792/,,,
os-d8e0acec-6ce2-4e7b-847b-9744431b34cd,bill,Vermont,H 804,An act relating to companion chatbots,pending,2026-01-28,https://openstates.org/vt/bills/2025-2026/H804/,,,
os-22bf944f-b0c4-4936-8312-affd7da8b2bf,bill,Hawaii,HB 2591,RELATING TO ARTIFICIAL INTELLIGENCE.,pending,2026-01-28,https://openstates.org/hi/bills/2026/HB2591/,,mandatory-reporting,Hawaii Chief Data Officer
os-59767fcc-88f0-463a-9161-1ec6f43887af,bill,Hawaii,HB 2597,RELATING TO ARTIFICIAL INTELLIGENCE.,pending,2026-01-28,https://openstates.org/hi/bills/2026/HB2597/,,mandatory-reporting,Hawaii Chief Data Officer
os-b75e5bca-7d8a-4a9e-9228-268f5e775e21,bill,Hawaii,HB 2502,RELATING TO ARTIFICIAL INTELLIGENCE.,pending,2026-01-28,https://openstates.org/hi/bills/2026/HB2502/,kids-chatbots,labeling-mandates; mandatory-reporting; new-agency-powers,Hawaii Attorney General; Hawaii Department of Commerce and Consumer Affairs
os-2d5c246d-677b-4077-9037-595efd4c8c4e,bill,Hawaii,HB 2500,RELATING TO ARTIFICIAL INTELLIGENCE.,pending,2026-01-28,https://openstates.org/hi/bills/2026/HB2500/,,labeling-mandates; mandatory-reporting; new-agency-powers,Hawaii Attorney General
os-ad90700e-817d-4736-b7ae-c1cbaf4edf12,bill,Hawaii,HB 2607,RELATING TO PUBLICITY RIGHTS.,pending,2026-01-28,https://openstates.org/hi/bills/2026/HB2607/,,,
os-a8a65770-fb5c-488c-81b3-d3b746df9760,bill,Hawaii,HB 2499,RELATING TO DEMOGRAPHIC DATA.,pending,2026-01-28,https://openstates.org/hi/bills/2026/HB2499/,,mandatory-reporting; new-agency-powers,
os-613de7f6-2621-440f-82e1-6d7d440fb664,bill,California,AB 1651,State Bar of California: artificial intelligence.,passed,2026-01-28,https://openstates.org/ca/bills/20252026/AB1651/,,labeling-mandates,
os-e80c0355-9684-46bc-bfad-c4979ade5ce3,bill,Missouri,SB 1598,Modifies provisions relating to medical malpractice for the use of artificial intelligence by health care providers,pending,2026-01-28,https://openstates.org/mo/bills/2026/SB1598/,,,
os-633d93e3-7aa1-4bd3-97fc-251928e57db1,bill,South Dakota,SB 135,protect residents from increased utility costs and utility shortages caused by data centers and clarify authority to regulate data centers.,passed,2026-01-27,https://openstates.org/sd/bills/2026/SB135/,power-bills,data-center-limits,
os-3933dfb5-d330-450f-8122-2cbd9807f57d,bill,Maryland,SB 375,County Boards of Education - Artificial Intelligence Training Program - Requirement,pending,2026-01-27,https://openstates.org/md/bills/2026/SB375/,,,
os-91612905-e52a-406c-9d75-99f4290159cb,bill,South Dakota,HB 1144,restrict the use of artificial intelligence in therapy and psychotherapy services and to provide a penalty therefor.,failed,2026-01-27,https://openstates.org/sd/bills/2026/HB1144/,,,
os-0ee51470-3eae-46d6-bbb0-4516774ac13d,bill,New Mexico,HB 174,CHATBOT SAFETY ACT,pending,2026-01-27,https://openstates.org/nm/bills/2026/HB174/,,,
os-3c3597c7-6bf8-4c5d-9362-b146492ce0d7,bill,New York,S 9051,Prohibits artificial intelligence companions from using features which are considered unsafe for minors,pending,2026-01-27,https://openstates.org/ny/bills/2025-2026/S9051/,kids-chatbots,,
os-dee0c309-a4a0-44a2-979b-51c96f707707,bill,Vermont,H 783,An act relating to chatbot disclosure requirements,pending,2026-01-27,https://openstates.org/vt/bills/2025-2026/H783/,,labeling-mandates,
os-f9ef5450-2193-4c27-a9e6-cf213c0f5b3e,bill,Vermont,H 776,An act relating to the use of artificial intelligence in health care coverage decisions,pending,2026-01-27,https://openstates.org/vt/bills/2025-2026/H776/,bias,,
os-dd16dae6-2db0-47d9-b61b-a125059d80e4,bill,Vermont,H 784,An act relating to the regulation of chatbots,pending,2026-01-27,https://openstates.org/vt/bills/2025-2026/H784/,,,
os-4f652bd3-12ab-4873-914f-fe4b16276dce,bill,Illinois,SB 2927,DCEO-AI IMPACT STUDY,pending,2026-01-27,https://openstates.org/il/bills/104th/SB2927/,,,
os-deaee544-ee62-42c5-8c5c-41bf259ddb63,bill,Hawaii,HB 2357,RELATING TO ARTIFICIAL INTELLIGENCE.,pending,2026-01-27,https://openstates.org/hi/bills/2026/HB2357/,deepfakes,,
os-b65cdf84-d331-419f-b291-9cf70ef50a04,bill,Washington,HB 2655,"Providing a retail sales and use tax exemption for the construction and equipping of new data centers located in a county east of the Cascades that borders another state and has a population of at least 500,000.",pending,2026-01-26,https://openstates.org/wa/bills/2025-2026/HB2655/,,,
os-108c40b9-b286-459f-9a4a-d84b3953a226,bill,Iowa,HF 2153,"A bill for an act requiring community colleges, school districts, and institutions under the control of the state board of regents to adopt policies related to the use of artificial intelligence by students and employees.",pending,2026-01-26,https://openstates.org/ia/bills/2025-2026/HF2153/,,,
os-cc68ed31-ecd6-4539-95bc-e1544fca4fa2,bill,Washington,HB 2667,Providing consumer protections for artificial intelligence systems.,pending,2026-01-26,https://openstates.org/wa/bills/2025-2026/HB2667/,,,
os-00d717de-16ec-43b8-b534-b5870d2d4797,bill,South Dakota,HB 1125,create a taskforce to study the impact of artificial intelligence systems on the state.,pending,2026-01-26,https://openstates.org/sd/bills/2026/HB1125/,,,South Dakota AI Taskforce
os-617f35ee-cc7b-4bd6-aa70-8f2a6dabc5fe,bill,Iowa,HF 2150,"A bill for an act relating to the use of artificial intelligence for purposes associated with elections, ballot issues, and public officials, providing penalties, and making penalties applicable.",pending,2026-01-26,https://openstates.org/ia/bills/2025-2026/HF2150/,,,
os-f45154da-e20a-4199-b46b-aa63daafc900,bill,Hawaii,HB 2211,RELATING TO TECHNOLOGY ENABLEMENT.,pending,2026-01-26,https://openstates.org/hi/bills/2026/HB2211/,,,
os-3dd48e4c-2b1c-42ed-8fdb-31ff1cf28065,bill,Hawaii,HB 2137,RELATING TO ARTIFICIAL INTELLIGENCE.,pending,2026-01-26,https://openstates.org/hi/bills/2026/HB2137/,deepfakes,,
os-bdad53c0-54ba-490f-840d-b8ec961f002c,bill,Virginia,HB 1515,Local approval of data centers; temporary moratorium.,pending,2026-01-23,https://openstates.org/va/bills/2026/HB1515/,,data-center-limits,
os-2a70a3c3-1103-4004-9e17-cc0f1dee1ee0,bill,Tennessee,HB 2061,"Utilities, Utility Districts - As introduced, requires certain data centers to register with the Tennessee public utilities commission; requires electric and water utilities that provide service to registered data centers to report usage and rates to the commission; requires the commission's executive director to compile and publish certain information based on reports received from utilities. - Amends TCA Title 5; Title 6; Title 7; Title 10; Title 62; Title 65; Title 68 and Title 69.",pending,2026-01-23,https://openstates.org/tn/bills/114/HB2061/,,mandatory-reporting; new-agency-powers,Tennessee Public Utilities Commission
os-a342a8c5-e6ae-4d1b-a0c2-26b91f71dd57,bill,Virginia,HB 1515,Local approval of data centers; temporary moratorium.,pending,2026-01-23,https://openstates.org/va/bills/2027/HB1515/,,data-center-limits,
os-14659f21-93c1-4d79-8200-0084ab48b443,bill,Tennessee,HB 2052,"Consumer Protection - As introduced, requires certain food retail establishments to use a nondigital presentation of price; prohibits a food retail establishment from using personalized algorithmic pricing; makes other changes related to food retail establishments. - Amends TCA Title 47 and Title 53.",pending,2026-01-23,https://openstates.org/tn/bills/114/HB2052/,,,
os-495de5ee-dca4-4924-bde6-2754bf70ebad,bill,Tennessee,HB 2054,"Energy - As introduced, enacts the ""Data Center, Artificial Intelligence, and Clean Transition Tariff Accountability Act."" - Amends TCA Title 7 and Title 65.",pending,2026-01-23,https://openstates.org/tn/bills/114/HB2054/,,,
os-51d00594-6166-405b-8510-c9b72935846a,bill,New York,S 9028,Prohibits employers from engaging in discrimination on the basis of a protected class when using artificial intelligence in certain employment practices,pending,2026-01-23,https://openstates.org/ny/bills/2025-2026/S9028/,bias,,
os-4487ba44-eff9-4e14-9f06-530dc474822a,bill,Virginia,SB 796,"Artificial Intelligence Companion Chatbots and Minors Act; established, enforcement, civil penalty.",pending,2026-01-23,https://openstates.org/va/bills/2026/SB796/,kids-chatbots,labeling-mandates; mandatory-reporting; new-agency-powers,
os-e29a75a1-a1fa-4b5e-8811-04d8b26d1c99,bill,Virginia,HB 1521,Digital innovation & infrastructure; establishing rights in digital property & technology resources.,pending,2026-01-23,https://openstates.org/va/bills/2026/HB1521/,,mandatory-reporting,
os-e848ed52-c1fb-43d1-b7a1-79306781e1e9,bill,Rhode Island,SB 2266,AN ACT RELATING TO PROPERTY -- RESIDENTIAL LANDLORD AND TENANT ACT,pending,2026-01-23,https://openstates.org/ri/bills/2026/SB2266/,bias,,
os-ce9ffb7b-3329-46cd-a41d-726cc7b538e0,bill,Rhode Island,SB 2197,"AN ACT RELATING TO BEHAVIORAL HEALTHCARE, DEVELOPMENTAL DISABILITIES AND HOSPITALS -- OVERSIGHT OF ARTIFICIAL INTELLIGENCE TECHNOLOGY IN MENTAL HEALTH CARE ACT",passed,2026-01-23,https://openstates.org/ri/bills/2026/SB2197/,,,
os-57e7d902-6e2f-42b3-819d-59b8e97aa4a6,bill,Rhode Island,SB 2195,AN ACT RELATING TO COMMERCIAL LAW--GENERAL REGULATORY PROVISIONS -- ARTIFICIAL INTELLIGENCE COMPANION MODELS,passed,2026-01-23,https://openstates.org/ri/bills/2026/SB2195/,,labeling-mandates,
os-59024d82-643f-4b99-b23d-41b448a27d4d,bill,West Virginia,HB 4770,"Establishing limitations on the use of artificial intelligence and artificial intelligence technology to deliver mental health care, with exceptions for administrative support functions",pending,2026-01-23,https://openstates.org/wv/bills/2026/HB4770/,,,
os-c722df62-54cb-4a1b-9127-76b3448d8729,bill,Hawaii,HB 1968,RELATING TO PERMITTING.,pending,2026-01-23,https://openstates.org/hi/bills/2026/HB1968/,,,"Hawaii Department of Business, Economic Development, and Tourism"
os-22828b3b-65c8-4296-a873-6455ac9f37bb,bill,Hawaii,HB 1954,RELATING TO IDENTITY THEFT.,pending,2026-01-23,https://openstates.org/hi/bills/2026/HB1954/,deepfakes,,
os-e12dd12e-5a04-4baa-af6d-b43835bfd3ac,bill,Hawaii,SB 2768,RELATING TO HEALTH CARE.,pending,2026-01-23,https://openstates.org/hi/bills/2026/SB2768/,bias,,
os-3fa74ccd-c0c9-420d-bcf7-b2fe68260738,bill,Hawaii,SB 2953,RELATING TO INSURANCE.,pending,2026-01-23,https://openstates.org/hi/bills/2026/SB2953/,bias,mandatory-reporting; new-agency-powers,Hawaii Insurance Commissioner
os-bb55619e-36b9-4a1f-82d0-fb16f9902dbf,bill,Hawaii,SB 2923,RELATING TO ARTIFICIAL INTELLIGENCE.,pending,2026-01-23,https://openstates.org/hi/bills/2026/SB2923/,,license-to-build; mandatory-reporting; new-agency-powers,
os-afbdfa67-7975-44fa-bb44-1b5ffb82e336,bill,Hawaii,HB 1887,RELATING TO ARTIFICIAL INTELLIGENCE LITERACY EDUCATION.,pending,2026-01-23,https://openstates.org/hi/bills/2026/HB1887/,,,Hawaii Department of Education
os-656bc7ae-4c1d-4593-b544-faf2842fbc91,bill,Hawaii,SB 2585,RELATING TO ARTIFICIAL INTELLIGENCE.,pending,2026-01-23,https://openstates.org/hi/bills/2026/SB2585/,,mandatory-reporting,Hawaii Department of Health
os-854685fb-d45e-4c8c-8359-02e7df4628a6,bill,Hawaii,SB 3001,RELATING TO ARTIFICIAL INTELLIGENCE.,pending,2026-01-23,https://openstates.org/hi/bills/2026/SB3001/,kids-chatbots,labeling-mandates; mandatory-reporting,Hawaii Department of Health
os-dda26d60-c18e-4df5-860a-172f2a67bb53,bill,Hawaii,SB 2967,RELATING TO ARTIFICIAL INTELLIGENCE.,pending,2026-01-23,https://openstates.org/hi/bills/2026/SB2967/,,labeling-mandates; mandatory-reporting; new-agency-powers,Hawaii Attorney General; Hawaii Office of Consumer Protection
os-4d991f47-cdbc-436b-87de-be331e48625d,bill,Virginia,SB 796,"Artificial Intelligence Companion Chatbots and Minors Act; established, enforcement, civil penalty.",pending,2026-01-23,https://openstates.org/va/bills/2027/SB796/,kids-chatbots,labeling-mandates; mandatory-reporting; new-agency-powers,Virginia Attorney General
os-044beed1-ec1e-4c01-8f91-205aac68c505,bill,Hawaii,SB 2788,RELATING TO ARTIFICIAL INTELLIGENCE FOR THE PROTECTION OF MINORS.,pending,2026-01-23,https://openstates.org/hi/bills/2026/SB2788/,kids-chatbots,,
os-c4873b74-00c9-475a-b614-96b915616ae5,bill,Tennessee,SB 2112,"Utilities, Utility Districts - As introduced, requires certain data centers to register with the department of revenue; requires fuel suppliers, and electric and water utilities that provide fuel and service respectively to registered data centers to report usage and rates to the department; requires the commissioner to compile and publish certain information based on reports received from utilities. - Amends TCA Title 5; Title 6; Title 7; Title 10; Title 62; Title 65; Title 68 and Title 69.",pending,2026-01-22,https://openstates.org/tn/bills/114/SB2112/,,data-center-limits; mandatory-reporting,
os-e137e9a8-6a73-462e-ae44-d4ec9e43d2fc,bill,Tennessee,SB 2128,"Computers and Electronic Processing - As enacted, generally prohibits a municipality or electric utility to pay or absorb the cost of electrical infrastructure incurred to serve a data center; makes related changes. - Amends TCA Title 5; Title 6; Title 7; Title 13 and Title 65.",pending,2026-01-22,https://openstates.org/tn/bills/114/SB2128/,,data-center-limits,
os-c87a4499-1278-45ec-b59c-6521fc45fc34,bill,Iowa,HSB 611,"A bill for an act establishing requirements and guidelines for chatbots, making appropriations, and providing civil penalties.",pending,2026-01-22,https://openstates.org/ia/bills/2025-2026/HSB611/,,,
os-e8a9cbbc-87cc-4872-823c-858567a07789,bill,Alabama,HB 325,AI chatbots; unfair or deceptive trade practice for failing to notify consumer about AI chatbot; private right of action and enforcement provided for,pending,2026-01-22,https://openstates.org/al/bills/2026rs/HB325/,,labeling-mandates,
os-280bd1b8-fad9-4d7f-b0db-d056b5ee0a00,bill,Alabama,HB 324,"Artificial intelligence; age verification systems required for chatbots, safeguard protocols required, therapy chatbot requirements established, private right of action and enforcement provided for",pending,2026-01-22,https://openstates.org/al/bills/2026rs/HB324/,,id-age-checks; mandatory-reporting,
os-054fce7b-0932-4c80-a1f9-bb36c4b3f95e,bill,Iowa,SF 2094,"A bill for an act relating to computer science and artificial intelligence education, including high school curricula and graduation requirements, practitioner preparation programs, and college admissions, and including applicability provisions.",pending,2026-01-22,https://openstates.org/ia/bills/2025-2026/SF2094/,,,
os-e6c2387e-78df-4212-9c4c-ef8ed9998f23,bill,New Mexico,HB 141,ARTIFICIAL INTELLIGENCE ACCOUNTABILITY ACT,pending,2026-01-22,https://openstates.org/nm/bills/2026/HB141/,,,
os-12d3756a-7942-46c7-a9c6-d2f9e386cf22,bill,Tennessee,SB 2010,"Insurance, Health, Accident - As introduced, creates the ""Regulate Artificial Intelligence (AI) In Health Care Act."" - Amends TCA Title 8, Chapter 27; Title 56 and Title 71.",pending,2026-01-22,https://openstates.org/tn/bills/114/SB2010/,,,
os-3c522f38-9a25-4b93-bfd8-fc4f18f77477,bill,Tennessee,SB 1999,"Energy - As introduced, enacts the ""Data Center, Artificial Intelligence, and Clean Transition Tariff Accountability Act."" - Amends TCA Title 7 and Title 65.",pending,2026-01-22,https://openstates.org/tn/bills/114/SB1999/,,,
os-30783308-e8fc-47df-922a-4c88791dcd99,bill,Tennessee,SB 2105,"Education - As introduced, requires each public charter school to publish the policy adopted by its governing board on the use of artificial intelligence by students, teachers, and staff for instructional and assignment purposes on its website; requires each local board of education to direct each school under its management and control to publish the policy adopted by the local board on the use of artificial intelligence by students, teachers, and staff for instructional and assignment purposes on the school's website. - Amends TCA Title 49.",pending,2026-01-22,https://openstates.org/tn/bills/114/SB2105/,,mandatory-reporting,
os-e75b7972-296f-43ff-b011-6896805a78e9,bill,Tennessee,SB 1998,"Consumer Protection - As introduced, requires certain food retail establishments to use a nondigital presentation of price; prohibits a food retail establishment from using personalized algorithmic pricing; makes other changes related to food retail establishments. - Amends TCA Title 47 and Title 53.",pending,2026-01-22,https://openstates.org/tn/bills/114/SB1998/,,,
os-0b7b72a3-c3f3-403c-8c4d-6b40dcad9195,bill,Washington,SB 6284,Providing consumer protections for artificial intelligence systems.,pending,2026-01-22,https://openstates.org/wa/bills/2025-2026/SB6284/,,,
os-067d5da5-ca20-4860-8158-0f8d3673fbc1,bill,Tennessee,HB 1946,"Consumer Protection - As enacted, requires the Tennessee advisory commission on intergovernmental relations (TACIR) to conduct a study of the potential regulation of artificial intelligence systems and generative artificial intelligence chatbots in this state. - Amends TCA Title 29; Title 37 and Title 47.",pending,2026-01-22,https://openstates.org/tn/bills/114/HB1946/,,new-agency-powers,
os-35ec2928-e1b2-42a5-9912-4dc3050f5f08,bill,Idaho,S 1227,EDUCATION – Adds to existing law to establish provisions regarding generative artificial intelligence in public education.,passed,2026-01-22,https://openstates.org/id/bills/2026/S1227/,,,
os-80717153-a288-4fcc-8598-94ad0df60920,bill,Utah,HB 320,Office of Artificial Intelligence Policy Amendments,pending,2026-01-22,https://openstates.org/ut/bills/2026/HB320/,,,
os-b6cd0619-a7fd-49be-a876-66d4823806d7,resolution,Alabama,HJR 51,"Artificial Intelligence and Children's Internet Safety Study Commission, created",passed,2026-01-22,https://openstates.org/al/bills/2026rs/HJR51/,kids-chatbots,,
os-c6bc234d-1772-4afd-b2e3-d4b85714bfaa,bill,Iowa,HSB 609,"A bill for an act modifying the duties of the workforce development board, state board of education, and department of education related to cyber and artificial intelligence.",pending,2026-01-22,https://openstates.org/ia/bills/2025-2026/HSB609/,,,Iowa Department of Education; Iowa State Board of Education; Iowa Workforce Development Board
os-a7cbb87a-ed1e-4065-bfa7-604421626269,bill,Tennessee,HB 1847,"Computers and Electronic Processing - As enacted, generally prohibits a municipality or electric utility to pay or absorb the cost of electrical infrastructure incurred to serve a data center; makes related changes. - Amends TCA Title 5; Title 6; Title 7; Title 13 and Title 65.",pending,2026-01-21,https://openstates.org/tn/bills/114/HB1847/,,data-center-limits,
os-5e8bd847-06b3-4bd6-b034-8de39d0522d3,bill,Vermont,H 727,An act relating to sustainable data center deployment,failed,2026-01-21,https://openstates.org/vt/bills/2025-2026/H727/,,,
os-cffa161e-259d-4380-9410-1a0a40cd7d67,bill,Tennessee,HB 1866,"Insurance, Health, Accident - As introduced, creates the ""Regulate Artificial Intelligence (AI) In Health Care Act."" - Amends TCA Title 8, Chapter 27; Title 56 and Title 71.",pending,2026-01-21,https://openstates.org/tn/bills/114/HB1866/,,,
os-19396794-dd68-4cb0-a17c-f62a49253ee7,bill,New York,A 9641,Prohibits algorithmic wage-setting,pending,2026-01-21,https://openstates.org/ny/bills/2025-2026/A9641/,,,
os-07ef4540-a1c5-47f8-9132-cb66ad387045,bill,Rhode Island,HB 7190,AN ACT RELATING TO INSURANCE -- THE TRANSPARENCY AND ACCOUNTABILITY IN ARTIFICIAL INTELLIGENCE USE BY HEALTH INSURERS TO MANAGE COVERAGE AND CLAIMS ACT,pending,2026-01-21,https://openstates.org/ri/bills/2026/HB7190/,,,
os-8463d503-3aff-4de0-b467-fd03f1a02a11,bill,New York,A 9654,Enacts the New York Artificial Intelligence Civil Rights Act,pending,2026-01-21,https://openstates.org/ny/bills/2025-2026/A9654/,bias,mandatory-reporting,
os-fbea9bdd-02ae-4732-92d0-13901a1525f5,bill,New York,A 9601,Prohibits the use of automated systems to make employment decisions unless there is a meaningful human review of the output of such automated system prior to the final employment decision,pending,2026-01-21,https://openstates.org/ny/bills/2025-2026/A9601/,,labeling-mandates,
os-751d7819-e64d-4069-9e29-e374a74a6263,bill,Tennessee,SB 1832,"Computers and Electronic Processing - As introduced, requires high performance computing (HPC) facility operators to devote 50 percent of the computing and data processing output of the facility for a public benefit; requires HPC facility operators to produce an annual report of the facility's energy consumption and carbon footprint; requires such operators to conduct an annual internal compliance audit and submit to an audit upon request by certain governmental entities. - Amends TCA Title 4; Title 8 and Title 68.",pending,2026-01-21,https://openstates.org/tn/bills/114/SB1832/,power-bills,data-center-limits; mandatory-reporting,
os-d395b3d7-36c8-4fa8-b0e8-031f41dc306b,bill,New York,S 9008,"Enacts into law major components of legislation necessary to implement the state transportation, economic development and environmental conservation budget for the 2026-2027 state fiscal year",pending,2026-01-21,https://openstates.org/ny/bills/2025-2026/S9008/,,id-age-checks,New York Attorney General
os-d56dce65-2200-40f9-91fb-88b69f290ba7,bill,New York,A 10008,"Enacts into law major components of legislation necessary to implement the state transportation, economic development and environmental conservation budget for the 2026-2027 state fiscal year",pending,2026-01-21,https://openstates.org/ny/bills/2025-2026/A10008/,,id-age-checks,
os-ca49be16-f415-4864-bedc-01a1c0e1cee0,bill,New York,A 9581,Requires covered businesses to annually report to the department of labor regarding the impact of artificial intelligence on hiring and the nature of artificial intelligence use,pending,2026-01-21,https://openstates.org/ny/bills/2025-2026/A9581/,bias,mandatory-reporting,
os-59d820fc-aa74-4874-9f8f-b37f4e5630c1,bill,Louisiana,SB 5,MENTAL HEALTH: Provides for the regulation of mental health chatbots that use artificial intelligence technology. (gov sig),pending,2026-01-21,https://openstates.org/la/bills/2026/SB5/,kids-chatbots,,
os-27b75176-2081-4e2c-ba32-c124e66dbb70,bill,Hawaii,HB 1787,RELATING TO HEALTH CARE.,pending,2026-01-21,https://openstates.org/hi/bills/2026/HB1787/,bias,,
os-07755782-999a-4947-97a2-b33bb60b53bb,bill,Hawaii,HB 1782,RELATING TO ARTIFICIAL INTELLIGENCE FOR THE PROTECTION OF MINORS.,pending,2026-01-21,https://openstates.org/hi/bills/2026/HB1782/,kids-chatbots,,
os-6f497a82-2bc7-4a46-ba56-d6c0de9a49bf,bill,Kentucky,HB 455,AN ACT relating to artificial intelligence and declaring an emergency.,pending,2026-01-21,https://openstates.org/ky/bills/2026RS/HB455/,,,Kentucky licensing boards for therapy and psychotherapy professionals
os-5398e280-4240-4948-b266-4c2f3e59f73f,bill,California,SB 903,Mental health professionals: artificial intelligence.,pending,2026-01-21,https://openstates.org/ca/bills/20252026/SB903/,kids-chatbots,labeling-mandates; mandatory-reporting,
os-308dc9d9-5825-414c-b04e-be2c7ec5b598,bill,Nebraska,LB 1131,Adopt the Domestic Violence and Human Trafficking Service Providers Tax Credit Act and eliminate personal property tax and sales and use tax exemptions relating to data centers,failed,2026-01-20,https://openstates.org/ne/bills/109/LB1131/,,,
os-2032f28e-b5fd-40b2-8cd2-b51f18dce144,bill,Washington,SB 6231,Removing a tax exemption for the replacement of equipment for data centers.,passed,2026-01-20,https://openstates.org/wa/bills/2025-2026/SB6231/,,,
os-b64a96da-0667-49b9-93c6-e0bc1f0d2fa3,bill,Pennsylvania,HB 2150,An Act providing for annual reporting of energy consumption and water consumption by data centers; and imposing a penalty.,pending,2026-01-20,https://openstates.org/pa/bills/2025-2026/HB2150/,,mandatory-reporting,
os-9e97e451-422c-4985-9929-6588d11c0159,bill,California,AB 1609,Customer service chatbots.,pending,2026-01-20,https://openstates.org/ca/bills/20252026/AB1609/,,,California public prosecutors
os-78975223-d252-4ae7-a726-aab66433175c,bill,Alabama,HB 291,"Crimes and offenses; crime of distribution of materially deceptive media established, permanent injunctive relief authorized",pending,2026-01-20,https://openstates.org/al/bills/2026rs/HB291/,,,
os-9819cd8c-90aa-47a5-87c5-ccddc685b389,bill,Arizona,HB 2737,chatbot regulations; personal data; requirements,pending,2026-01-20,https://openstates.org/az/bills/57th-2nd-regular/HB2737/,,,
us-119-hr-7151,bill,Congress,H.R. 7151,Artificial Intelligence Public Awareness and Education Campaign Act,pending,2026-01-20,https://www.congress.gov/bill/119th-congress/house-bill/7151,,,
os-a89ea35d-a1d9-485c-b78b-f2ef49edb364,resolution,West Virginia,HCR 4,"Requesting the Joint Committee on Technology & Infrastructure to establish a Genesis Working Group to coordinate statewide planning for artificial intelligence, high-performance computing, digital infrastructure, and energy-based economic development",pending,2026-01-20,https://openstates.org/wv/bills/2026/HCR4/,,new-agency-powers,West Virginia Joint Committee on Technology & Infrastructure
os-9649139c-5eae-4b58-8945-8fc1a3031c76,bill,Hawaii,HB 1676,RELATING TO ARTIFICIAL INTELLIGENCE.,pending,2026-01-20,https://openstates.org/hi/bills/2026/HB1676/,,new-agency-powers,
os-bdfc6a8e-0338-45bd-87f3-180f5e82463b,bill,Mississippi,HB 1723,Artificial intelligence; define.,passed,2026-01-19,https://openstates.org/ms/bills/2026/HB1723/,,,
os-365ba26e-d837-4d4d-9299-e5efd6a29dbd,bill,Mississippi,HB 1720,Artificial intelligence; prohibit use in provision of professional mental and behaioral health care.,failed,2026-01-19,https://openstates.org/ms/bills/2026/HB1720/,,,
os-7c860c96-f338-484e-9b3b-518348a11ad4,bill,Mississippi,SB 2429,Artificial Intelligence in Education Task Force Act; enact.,failed,2026-01-19,https://openstates.org/ms/bills/2026/SB2429/,,,Mississippi Artificial Intelligence in Education Task Force
os-3383e167-7af2-402f-adbe-c88d68464759,bill,Mississippi,HB 1504,"Mississippians' Right to Name, Likeness and Voice Act; enact.",failed,2026-01-19,https://openstates.org/ms/bills/2026/HB1504/,,,
os-205e3b9e-76ed-491c-97c7-bed10a6dcca7,bill,West Virginia,HB 4496,To force any media/internet creator providing artificial intelligence created videos to have an identifying marker that allows viewers to know that the video is not real.,pending,2026-01-19,https://openstates.org/wv/bills/2026/HB4496/,deepfakes,labeling-mandates,
os-dae8249f-3905-46b9-af20-efb6ad95a731,bill,Mississippi,SB 2354,Artificial Intelligence Fraud and Accountability Act; enact.,failed,2026-01-19,https://openstates.org/ms/bills/2026/SB2354/,,,
os-8f974a69-8e38-46aa-9717-bf6790412215,bill,Nebraska,LB 1111,"Require an annual data center load report to the Nebraska Power Review Board, provide powers and duties for public power suppliers, allow and require regulation of data centers, and change provisions relating to regulation of cryptocurrency mining operations",failed,2026-01-16,https://openstates.org/ne/bills/109/LB1111/,,data-center-limits; mandatory-reporting,Nebraska Power Review Board
os-a2ed69e5-a052-4553-83f7-a3922a9bcd90,bill,Georgia,HB 1012,Local government; construction or development of  new data centers for a specified time; prohibit,pending,2026-01-16,https://openstates.org/ga/bills/2025_26/HB1012/,,data-center-limits,
os-9995eeaa-6afb-4841-be31-1424bd22e264,bill,Mississippi,HB 840,Criminal offenses; enhance penalties for certain if artificial intelligence was used in the commission of.,failed,2026-01-16,https://openstates.org/ms/bills/2026/HB840/,,,
os-61e3889b-3a70-47d2-9d12-d077599f9f3f,bill,Mississippi,HB 1048,Artifical intelligence; prohibit use of in professional mental and behavioral health care.,failed,2026-01-16,https://openstates.org/ms/bills/2026/HB1048/,,,
os-2299c4bb-e219-4109-aa94-4cec63d8749b,bill,Florida,SPB 7030,Public Records/Investigations by the Department of Legal Affairs,pending,2026-01-16,https://openstates.org/fl/bills/2026/SPB7030/,,mandatory-reporting,
os-fbccfd4c-240d-4e07-b5c9-d8694fabc2f7,bill,New York,S 8928,Enacts the artificial intelligence workforce impact transparency act,pending,2026-01-16,https://openstates.org/ny/bills/2025-2026/S8928/,job-loss,mandatory-reporting,
os-786d2aa9-1981-43a3-811d-8a8ca5fb03fc,bill,Vermont,H 714,An act relating to automated employment decision making and State employees,pending,2026-01-16,https://openstates.org/vt/bills/2025-2026/H714/,,,
os-b102810e-2054-41d6-bb15-5e54e54712c6,bill,Florida,SB 7030,Public Records/Investigations by the Department of Legal Affairs,failed,2026-01-16,https://openstates.org/fl/bills/2026/SB7030/,kids-chatbots,,Florida Department of Legal Affairs
us-119-hres-1007,bill,Congress,H.Res. 1007,Expressing the sense of the House of Representatives with respect to the use of artificial intelligence in the financial services and housing industries.,pending,2026-01-16,https://www.congress.gov/bill/119th-congress/house-resolution/1007,,,
os-3d0d7fa7-831c-47f7-b7a9-315ea60d3654,bill,Georgia,SB 410,State Sales and Use Taxes; the data center equipment sales and use tax exemption; repeal,pending,2026-01-15,https://openstates.org/ga/bills/2025_26/SB410/,,,
os-52954c7f-6f97-4e39-bb11-883d85f201c5,bill,Iowa,HF 2082,"A bill for an act relating to restrictions on the use of artificial intelligence, and creating a civil cause of action.",pending,2026-01-15,https://openstates.org/ia/bills/2025-2026/HF2082/,,,
os-64312272-ceed-4c9f-afad-ad0b0004cdd3,bill,Rhode Island,HB 7119,AN ACT RELATING TO STATE AFFAIRS AND GOVERNMENT -- ARTIFICIAL INTELLIGENCE ACCOUNTABILITY ACT,pending,2026-01-15,https://openstates.org/ri/bills/2026/HB7119/,,new-agency-powers,Rhode Island AI Commission; Rhode Island Department of Administration
os-672bd356-157d-45e7-84c2-7d93c270cde1,bill,Virginia,HB 1294,"Use of artificial intelligence-based tools; covered artificial intelligence, disclosure of use.",pending,2026-01-15,https://openstates.org/va/bills/2026/HB1294/,,labeling-mandates; mandatory-reporting,Virginia Attorney General
os-c7e51750-34de-43e8-ad88-3ba74bdb9765,bill,Nebraska,LB 1083,"Adopt the Transparency in Artificial Intelligence Risk Management Act, create a fund, and change provisions relating to records which may be withheld from the public",failed,2026-01-15,https://openstates.org/ne/bills/109/LB1083/,,,
os-804f2611-e8b9-4097-b412-81dc21bc2350,bill,Tennessee,SB 1700,"Consumer Protection - As enacted, requires the Tennessee advisory commission on intergovernmental relations (TACIR) to conduct a study of the potential regulation of artificial intelligence systems and generative artificial intelligence chatbots in this state. - Amends TCA Title 29; Title 37 and Title 47.",pending,2026-01-15,https://openstates.org/tn/bills/114/SB1700/,,,Tennessee Advisory Commission on Intergovernmental Relations (TACIR)
os-4a56f11d-ffb8-4374-9e33-f7a196509220,bill,Washington,HB 2503,Regulating artificial intelligence training data.,pending,2026-01-15,https://openstates.org/wa/bills/2025-2026/HB2503/,,,
os-3f03e523-6c2f-4ce0-9cff-f4fa4a40f8c1,bill,Hawaii,SB 2304,RELATING TO IDENTITY THEFT.,pending,2026-01-15,https://openstates.org/hi/bills/2026/SB2304/,deepfakes,,
os-36c41f41-1895-45d7-b6f5-7e78f0fa8374,bill,Hawaii,SB 2281,RELATING TO THE USE OF ARTIFICIAL INTELLIGENCE IN HEALTH CARE.,pending,2026-01-15,https://openstates.org/hi/bills/2026/SB2281/,,labeling-mandates; new-agency-powers,Hawaii Department of Health
os-ddcc080c-e11a-4280-a243-c1aa415f2be7,bill,Virginia,HB 1294,"Use of artificial intelligence-based tools; covered artificial intelligence, disclosure of use.",pending,2026-01-15,https://openstates.org/va/bills/2027/HB1294/,,labeling-mandates,Virginia Attorney General
os-0d32c0e8-54bf-4b52-9633-965aa883f846,bill,Arizona,HB 2311,artificial intelligence service; disclosures; requirements,failed,2026-01-15,https://openstates.org/az/bills/57th-2nd-regular/HB2311/,,labeling-mandates,
os-594ebaa4-6f6a-4b2b-bc39-89e5deb2c135,bill,Virginia,HB 1295,"Law enforcement; artificial intelligence inventory, civil action.",pending,2026-01-15,https://openstates.org/va/bills/2027/HB1295/,,,Virginia Attorney General
us-119-s-3680,bill,Congress,S. 3680,Eliminating Bias in Algorithmic Systems Act of 2026,pending,2026-01-15,https://www.congress.gov/bill/119th-congress/senate-bill/3680,,,
us-119-hr-7110,bill,Congress,H.R. 7110,Eliminating Bias in Algorithmic Systems Act of 2026,pending,2026-01-15,https://www.congress.gov/bill/119th-congress/house-bill/7110,,,
os-0b2ccafc-5f6e-40e0-9b85-1bec5341f3f6,bill,Virginia,SB 553,"Certain data from water users; water use consumption for domestic, etc., purposes, data centers.",passed,2026-01-14,https://openstates.org/va/bills/2026/SB553/,,mandatory-reporting,
os-efb75c66-ec3d-41da-9ccc-326df76073dd,bill,Tennessee,SB 1682,"Utilities, Utility Districts - As introduced, requires certain data centers to register with the Tennessee public utilities commission; requires electric and water utilities that provide service to registered data centers to report usage and rates to the commission; requires the commission's executive director to compile and publish certain information based on reports received from utilities. - Amends TCA Title 5; Title 6; Title 7; Title 10; Title 62; Title 65; Title 68 and Title 69.",failed,2026-01-14,https://openstates.org/tn/bills/114/SB1682/,,mandatory-reporting; new-agency-powers,
os-cce9d6de-fe86-4a38-9b5d-a7ea98584374,bill,Colorado,HB 1049,Prohibit Use of Personally Identifying Feature,pending,2026-01-14,https://openstates.org/co/bills/2026A/HB1049/,deepfakes,,
os-c87f232a-1f7f-4f00-8e28-3732f5273019,bill,Virginia,HB 1170,Law-enforcement agencies & sheriff's dept.; policy on use of covered artificial intelligence syst.,failed,2026-01-14,https://openstates.org/va/bills/2026/HB1170/,,mandatory-reporting,
os-fa5e8d89-de5a-4d65-a968-7c41e29af5dc,bill,Virginia,SB 586,"Health carriers; use of artificial intelligence, disclosures.",pending,2026-01-14,https://openstates.org/va/bills/2026/SB586/,,labeling-mandates; mandatory-reporting,Virginia State Corporation Commission Bureau of Insurance
os-6abb40ee-4c00-4d05-8e69-61c87660c210,bill,Virginia,HB 1186,Artificial intelligence; use of systems for student instruction.,passed,2026-01-14,https://openstates.org/va/bills/2026/HB1186/,,new-agency-powers,
os-8aac0c96-43f1-4470-9543-8afc526642ce,bill,Washington,SB 6120,"Regulating high-risk artificial intelligence system development, deployment, and use.",pending,2026-01-14,https://openstates.org/wa/bills/2025-2026/SB6120/,,,
os-a31987ab-4179-42ee-a342-c0b667c15bef,bill,Virginia,SB 586,"Health carriers; use of artificial intelligence, disclosures.",pending,2026-01-14,https://openstates.org/va/bills/2027/SB586/,,labeling-mandates; mandatory-reporting,
os-e8733898-5f15-4d23-968a-129b8b4c2d30,bill,Hawaii,SB 2212,RELATING TO ARTIFICIAL INTELLIGENCE LITERACY EDUCATION.,pending,2026-01-14,https://openstates.org/hi/bills/2026/SB2212/,,,Hawaii Department of Education
os-9a1b9e05-272d-42da-a2f4-a533f9c6b71f,bill,Colorado,HB 1030,Data Center & Utility Modernization,pending,2026-01-14,https://openstates.org/co/bills/2026A/HB1030/,,new-agency-powers,
us-119-hr-7058,bill,Congress,H.R. 7058,Foreign Adversary AI Risk Assessment and Diplomacy Act,pending,2026-01-14,https://www.congress.gov/bill/119th-congress/house-bill/7058,,,
os-54b2e530-d763-4ea3-bb28-31f2fea7ad39,bill,Virginia,HB 824,"Data centers; energy generation and storage, report.",pending,2026-01-13,https://openstates.org/va/bills/2026/HB824/,,,Department of Energy
os-5d4eb3ac-6166-4fdb-a6df-1fd90ceb90aa,bill,Virginia,HB 589,"Data centers; certain data from water users, water use consumption.",pending,2026-01-13,https://openstates.org/va/bills/2026/HB589/,,,
os-c1df970c-61e5-48ea-9e9d-c6895d00b826,bill,South Carolina,S 784,Energy,pending,2026-01-13,https://openstates.org/sc/bills/2025-2026/S784/,power-bills,data-center-limits; mandatory-reporting,South Carolina Department of Environmental Services
os-318bebbc-5389-44f1-810a-de379bdeb465,bill,New Jersey,A 2770,"Establishes surcharge for electric public utility service to certain data centers during certain periods; establishes ""Grid Modernization Fund"" in BPU.",pending,2026-01-13,https://openstates.org/nj/bills/222/A2770/,power-bills,,
os-a31b6c90-3e36-47d7-8dfa-4fda500f5f40,bill,Virginia,HB 961,"Retail Sales and Use Tax; commercial and industrial exemptions, data centers.",pending,2026-01-13,https://openstates.org/va/bills/2026/HB961/,,data-center-limits,
os-b063cbba-36cb-4970-9052-625cee6ae143,bill,New Jersey,S 2625,Creates separate crime for items depicting sexual exploitation or abuse of children; concerns computer generated or manipulated sexually explicit images.,pending,2026-01-13,https://openstates.org/nj/bills/222/S2625/,deepfakes,,
os-014c0dc3-a305-422b-8e99-9a7739ee7b96,bill,Iowa,HF 2001,"A bill for an act relating to water efficiency of data centers, including requirements for water-efficient cooling technologies and encouragement for the use of nonpotable and recycled water sources, providing civil penalties, and including effective date and applicability provisions.",pending,2026-01-13,https://openstates.org/ia/bills/2025-2026/HF2001/,,,
os-f270e34b-2d19-4a72-8efc-977e5b7a9167,resolution,New Jersey,SR 18,Urges states in PJM Interconnection region to require data centers to obtain electricity from new zero- or low-emission sources of energy.,pending,2026-01-13,https://openstates.org/nj/bills/222/SR18/,,,
os-bfc0bda5-7581-4de4-879b-ff064fb3a972,bill,South Dakota,HB 1038,allow the Public Utilities Commission to assess actual costs to data centers that are customers of public utilities.,passed,2026-01-13,https://openstates.org/sd/bills/2026/HB1038/,,,South Dakota Public Utilities Commission
os-aaad1779-85ba-4ff5-9a4a-61632470973b,bill,Virginia,HB 607,"Aggregate air pollution; Department of Environmental Quality to study, data center generators.",pending,2026-01-13,https://openstates.org/va/bills/2026/HB607/,power-bills,mandatory-reporting,
os-d6ee6ae9-13ce-477a-bb39-68ef6ae9e699,bill,New Jersey,A 3966,Requires DEP to conduct study of short and long term effects of water use by large-scale data centers.,pending,2026-01-13,https://openstates.org/nj/bills/222/A3966/,power-bills,mandatory-reporting,
os-f0be12cb-c35a-4af1-a2dd-32ffdc77e12a,bill,Virginia,HB 607,"Aggregate air pollution; Department of Environmental Quality to study, data center generators.",pending,2026-01-13,https://openstates.org/va/bills/2027/HB607/,power-bills,mandatory-reporting,
os-07f7b8d0-ff32-4824-8428-c6891931bea6,bill,Virginia,SB 466,"Electric utilities; cost recovery, costs substantially related to serving data center customers.",pending,2026-01-13,https://openstates.org/va/bills/2027/SB466/,,,
os-6dfba32f-9dc1-4a85-89b7-3b238bd16304,bill,Virginia,HB 641,"Virginia's Great Outdoors Act; established, creates data center land conservation tax.",pending,2026-01-13,https://openstates.org/va/bills/2027/HB641/,,,
os-6b0c0a2c-3e8a-4b0c-9200-cf8eb6e1ba49,bill,Virginia,SB 521,Data centers; rainwater harvesting systems.,pending,2026-01-13,https://openstates.org/va/bills/2027/SB521/,,,Virginia Department of Environmental Quality; Virginia State Board of Health
os-165ca92b-63f7-4bd9-a990-b7ecd0dcbbfb,bill,California,SB 887,California Environmental Quality Act: environmental leadership development projects: data centers: geothermal powerplant projects.,pending,2026-01-13,https://openstates.org/ca/bills/20252026/SB887/,,data-center-limits,California Office of Land Use and Climate Innovation; California State Energy Resources Conservation and Development Commission
os-06f6c441-f600-4577-babf-dfebd3f0648e,bill,New Jersey,A 796,Requires electric public utilities to develop and apply special rules for certain data centers to protect non-data center customers from increased costs.**,pending,2026-01-13,https://openstates.org/nj/bills/222/A796/,power-bills,data-center-limits,
os-84ff4df2-0864-47ff-a680-386ae5816e68,bill,Virginia,HB 669,"Impersonation of certain licensed professionals by chatbot; definitions, notice, civil liability.",pending,2026-01-13,https://openstates.org/va/bills/2026/HB669/,deepfakes,labeling-mandates,
os-32522592-1125-46ce-b34b-b91a26225b45,bill,Iowa,SSB 3011,"A bill for an act establishing requirements and guidelines for chatbots, making appropriations, and providing civil penalties.",pending,2026-01-13,https://openstates.org/ia/bills/2025-2026/SSB3011/,,,
os-bea8b5d3-dacc-4189-9b44-23dc0f43056b,bill,New Jersey,A 2736,Updates certain crimes to include nonconsensual pornographic deepfake threats and disclosure.,pending,2026-01-13,https://openstates.org/nj/bills/222/A2736/,deepfakes,,
os-168714d1-78d1-4f4e-a6f3-13791eb0c294,bill,Tennessee,SB 1624,"Election Laws - As enacted, requires political advertisements to include a disclaimer if the advertisements include deepfake elements impersonating or depicting a candidate engaging in activity or speech in which the impersonated or depicted candidate did not in fact engage; makes a violation of such disclaimer requirement a Class C misdemeanor; entitles candidate to damages and equitable relief for violations. - Amends TCA Title 2, Chapter 19.",pending,2026-01-13,https://openstates.org/tn/bills/114/SB1624/,deepfakes,labeling-mandates,
os-9fc75c9b-fd87-4f6f-bed5-4d88110345dc,bill,Alabama,SB 129,"Artificial intelligence; disclosure of artificial intelligence-generated content required, enforcement provided",pending,2026-01-13,https://openstates.org/al/bills/2026rs/SB129/,,labeling-mandates,
os-d1483eb6-9453-4d2f-acd5-a2124e1086bc,bill,Virginia,HB 758,"Artificial Intelligence Chatbots and Minors Act; established, prohibited practices, penalties.",pending,2026-01-13,https://openstates.org/va/bills/2026/HB758/,kids-chatbots,id-age-checks,
os-496885be-2bc9-4ec1-929b-ae9dcc7d66cf,bill,Virginia,HB 635,"Artificial Intelligence Chatbots Act; established, prohibited practices, penalties.",pending,2026-01-13,https://openstates.org/va/bills/2026/HB635/,kids-chatbots,labeling-mandates,
os-a2facfc5-ab82-40cd-a0ef-dad1c61b7c43,bill,Virginia,HB 713,"Fostering Access, Innovation, and Responsibility in Artificial Intelligence Act; established.",pending,2026-01-13,https://openstates.org/va/bills/2026/HB713/,bias,labeling-mandates; new-agency-powers,
os-d0e69774-a0c5-4ee7-ae30-bd1b6b9246f5,bill,Virginia,SB 365,"Fostering Access, Innovation, and Responsibility in Artificial Intelligence Act; established.",pending,2026-01-13,https://openstates.org/va/bills/2026/SB365/,bias; job-loss,new-agency-powers,
os-50799b8d-ec51-4828-856d-2ef55cde5373,bill,New Jersey,S 2862,Requires school districts to provide instruction on artificial intelligence; requires Secretary of Higher Education to develop artificial intelligence model curricula.,pending,2026-01-13,https://openstates.org/nj/bills/222/S2862/,,,New Jersey Secretary of Higher Education
os-5989a6a9-8065-423f-9104-d4d5c5f1e7aa,bill,New Jersey,S 2130,Establishes Deep Fake Technology Unit in DLPS; appropriates $2 million.,pending,2026-01-13,https://openstates.org/nj/bills/222/S2130/,,new-agency-powers,
os-c0874240-8577-49b9-9b1a-58a15905c094,bill,New Jersey,A 1359,Prohibits deepfake pornography and imposes criminal and civil penalties for non-consensual disclosure.,pending,2026-01-13,https://openstates.org/nj/bills/222/A1359/,deepfakes,,
os-1f574af9-bad6-4e29-8eee-ac88c5a2c19d,bill,New Jersey,A 3076,Requires AG to study use of artificial intelligence for certain law enforcement purposes and issue report.,pending,2026-01-13,https://openstates.org/nj/bills/222/A3076/,,mandatory-reporting,New Jersey Attorney General
os-b05e73b0-4dde-4511-9196-85a83e758daf,bill,New Jersey,S 2129,Prohibits and imposes criminal penalty on disclosure of certain intentionally deceptive audio or visual media within 90 days of election.,pending,2026-01-13,https://openstates.org/nj/bills/222/S2129/,deepfakes,,
os-fad2cdd6-00d3-47df-b520-6b95b956e962,bill,New Jersey,A 2710,"Establishes ""Authentic Relationships Act""; prohibits artificial intelligence relationship simulation.",pending,2026-01-13,https://openstates.org/nj/bills/222/A2710/,,,
os-a8226b7d-02eb-4d85-aa5c-92f21e0b04db,bill,New Jersey,A 2616,Requires OIT to develop NJ generative artificial intelligence program and implement artificial intelligence education courses with county governments; appropriates $1.5 million.,pending,2026-01-13,https://openstates.org/nj/bills/222/A2616/,,new-agency-powers,New Jersey Office of Information Technology
os-26e0a9a3-015a-42fa-8726-e25a1fdb2007,bill,New Jersey,S 329,Extends crime of identity theft to include fraudulent impersonation or false depiction by means of artificial intelligence or deepfake technology.,pending,2026-01-13,https://openstates.org/nj/bills/222/S329/,deepfakes,,
os-6b81f69d-bcef-4dca-9a00-f0285883cd09,resolution,New Jersey,SR 52,Urges generative artificial intelligence companies to make voluntary commitments regarding employee whistleblower protections.,pending,2026-01-13,https://openstates.org/nj/bills/222/SR52/,,,
os-8a0c3a63-e91e-4ac7-9a5f-8414016133a0,bill,New Jersey,A 799,Prohibits advertising artificial intelligence system as licensed mental health professional.,pending,2026-01-13,https://openstates.org/nj/bills/222/A799/,,labeling-mandates,
os-56d0f227-f89a-41a8-bcdf-d86adf58a158,bill,New Jersey,A 1170,Requires submission of energy usage plan to BPU for proposed artificial intelligence data centers; requires all electricity for artificial intelligence data centers to be derived from new clean energy sources.,pending,2026-01-13,https://openstates.org/nj/bills/222/A1170/,,data-center-limits; mandatory-reporting,
os-553fd346-fd4a-4fdf-b900-93007e68a6e0,bill,New Jersey,A 3072,Establishes Artificial Intelligence Grant Program in Office of Secretary of Higher Education.,pending,2026-01-13,https://openstates.org/nj/bills/222/A3072/,,,New Jersey Office of Secretary of Higher Education
os-4bda4f25-73f8-4118-a6b0-1bffcf2feaff,bill,New Jersey,S 2942,Establishes public-private partnerships to develop artificial intelligence job training.,pending,2026-01-13,https://openstates.org/nj/bills/222/S2942/,,,
os-0f03915c-ce5e-4493-b883-e099230dd50c,bill,New Jersey,A 3989,Restricts use and sale of algorithmic devices for establishing rent price or occupancy of residential property.,pending,2026-01-13,https://openstates.org/nj/bills/222/A3989/,bias,,
os-960858c1-5689-4cba-b765-9ba84fa643f5,bill,New Jersey,A 2069,Requires Commissioner of Labor and Workforce Development to conduct study and issue report on impact of artificial intelligence on growth of State's economy.,pending,2026-01-13,https://openstates.org/nj/bills/222/A2069/,,,New Jersey Commissioner of Labor and Workforce Development
os-9b60623e-dd8a-4585-8148-b5aeb34e4ac9,bill,New Jersey,S 1159,Prohibits deepfake pornography and imposes criminal and civil penalties for non-consensual disclosure.,pending,2026-01-13,https://openstates.org/nj/bills/222/S1159/,deepfakes,,
os-7acee793-260d-4ed8-968e-d8983a23c27a,bill,New Jersey,A 2480,"Establishes programs in EDA to support New Jersey-based start-up, small businesses, and medium-sized businesses adopting artificial intelligence capabilities; appropriates $175.5 million.",pending,2026-01-13,https://openstates.org/nj/bills/222/A2480/,,,
os-3fcfb528-f9b5-4d2b-b1b1-3cd337aa3a43,bill,New Jersey,S 1668,"Establishes ""Artificial Intelligence Innovation Partnership""; provides funding for certain nonprofit partnerships to promote certain emerging technology businesses.",pending,2026-01-13,https://openstates.org/nj/bills/222/S1668/,,,
os-130c469a-4daf-4ae9-a70f-b0c2a268de1c,bill,New Jersey,S 735,Prohibits advertising artificial intelligence system as licensed mental health professional.,pending,2026-01-13,https://openstates.org/nj/bills/222/S735/,,labeling-mandates,
os-2a46fbaf-e7f0-4ee5-8894-0c6fce6883ff,bill,New Jersey,A 390,Establishes NJ Artificial Intelligence Advisory Council.,pending,2026-01-13,https://openstates.org/nj/bills/222/A390/,,new-agency-powers,
os-281aa9a2-a50b-491d-bf1a-9280fbe14460,bill,New Jersey,S 1840,"Creates ""New Jersey Responsible AI Advancement and Workforce Protection Act.""",pending,2026-01-13,https://openstates.org/nj/bills/222/S1840/,,,
os-4e670db1-ef46-4897-93c3-97f8a81a2458,bill,New Jersey,A 2608,Provides funding to nonprofit organizations to implement smart technology and artificial intelligence systems to enhance security infrastructure.,pending,2026-01-13,https://openstates.org/nj/bills/222/A2608/,,,
os-3a8cf373-55e1-4df5-9d1d-bb406ae61320,bill,New Jersey,A 3058,Establishes Deepfake Technology Unit in DLPS; appropriates $2 million.,pending,2026-01-13,https://openstates.org/nj/bills/222/A3058/,,new-agency-powers,
os-aa86cf7f-1327-4fef-a063-ecc90cb0b299,bill,New Jersey,S 1029,Requires collection of data by health insurers regarding health insurance claims and decisions made using automated utilization management systems.,pending,2026-01-13,https://openstates.org/nj/bills/222/S1029/,,mandatory-reporting,
os-27595579-8437-4c49-aa54-08064415d75c,bill,New Jersey,A 3065,"Establishes civil right of action for misuse of individual's name, image, likeness, or voice.",pending,2026-01-13,https://openstates.org/nj/bills/222/A3065/,,,
os-3b2fbad2-9f26-4718-884d-3c006566ad81,bill,New Jersey,A 2620,Establishes task force to research and report on potential sources of funding for artificial intelligence initiatives and appropriate tax incentives to support businesses impacted by expansion of use of artificial intelligence.,pending,2026-01-13,https://openstates.org/nj/bills/222/A2620/,,new-agency-powers,
os-01632c39-a605-4572-963e-89ee528da3f7,bill,New Jersey,A 3307,"Regulates artificial intelligence in news media industry; establishes ""Artificial Intelligence In Communications Oversight Committee.""",pending,2026-01-13,https://openstates.org/nj/bills/222/A3307/,,new-agency-powers,
os-7ada4307-680b-4137-8f3e-25a9ac5ba05e,bill,New Jersey,A 2478,Establishes Artificial Intelligence Ethics Board in DOLWD.,pending,2026-01-13,https://openstates.org/nj/bills/222/A2478/,,new-agency-powers,New Jersey Department of Labor and Workforce Development
os-d7b6cc99-411c-4534-8481-80ececbe5e81,bill,New Jersey,A 1323,Requires boards of education and boards of trustees to adopt policy on use of surveillance systems with artificial intelligence capabilities.*,pending,2026-01-13,https://openstates.org/nj/bills/222/A1323/,,mandatory-reporting,New Jersey boards of education; New Jersey boards of trustees
os-f403f989-388d-42c6-bcaf-410a0178d2b4,resolution,New Jersey,AR 101,Urges generative artificial intelligence and content sharing platforms to make voluntary commitments to prevent and remove harmful content.,pending,2026-01-13,https://openstates.org/nj/bills/222/AR101/,,,
os-223d0c2b-4514-4f79-8770-c9872e51d142,bill,New Jersey,S 1802,Requires artificial intelligence companies to conduct safety tests and report results to Office of Information Technology.,pending,2026-01-13,https://openstates.org/nj/bills/222/S1802/,,mandatory-reporting; new-agency-powers,New Jersey Office of Information Technology
os-ae5e706a-9293-4fa2-9d1a-c341112b2d63,bill,Iowa,SSB 3013,A bill for an act relating to the ownership of artificial intelligence output and trained artificial intelligence.,pending,2026-01-13,https://openstates.org/ia/bills/2025-2026/SSB3013/,,,
os-2abb3425-b68f-485a-819a-308fc854b4a1,bill,New York,S 8874,Relates to the use of artificial intelligence in customer services,pending,2026-01-13,https://openstates.org/ny/bills/2025-2026/S8874/,,labeling-mandates,
os-095e78aa-9941-4752-83cc-f358a00d1a13,bill,Virginia,SB 384,Artificial intelligence; framework for person/entity acting as an independent verification org.,pending,2026-01-13,https://openstates.org/va/bills/2026/SB384/,,,Virginia Joint Commission on Technology and Science
os-cfe65764-e249-4ca5-8aaf-bcd2a51959e1,bill,Virginia,HB 797,Artificial intelligence; framework for person/entity acting as an independent verification org.,pending,2026-01-13,https://openstates.org/va/bills/2026/HB797/,,mandatory-reporting,
os-a63e9d60-bd7b-4637-8334-247514b805ac,bill,Virginia,HJ 32,Higher educational institutions; JLARC to study artificial intelligence use policies.,pending,2026-01-13,https://openstates.org/va/bills/2026/HJ32/,,mandatory-reporting,Virginia Joint Legislative Audit and Review Commission
os-987b3ad2-2722-42f1-ac08-cbf7d7b08826,bill,Virginia,HB 668,"Mental health service providers; use of artificial intelligence system, civil penalty.",pending,2026-01-13,https://openstates.org/va/bills/2026/HB668/,,,
os-0cb3d96d-d1bc-4f3a-922c-4ef02022340a,bill,Virginia,SB 394,Artificial intelligence; use of systems for student instruction.,passed,2026-01-13,https://openstates.org/va/bills/2026/SB394/,,mandatory-reporting,Virginia Department of Education
os-933e846a-71eb-44a8-8a82-84f320751f07,bill,South Carolina,S 788,Artificial Intelligence and Therapy or Psychotherapy,pending,2026-01-13,https://openstates.org/sc/bills/2025-2026/S788/,,,
os-afb2b479-f7eb-40f5-8185-8e0bf211f305,bill,New Jersey,A 2312,Creates separate crime for items depicting sexual exploitation or abuse of children; concerns computer generated or manipulated sexually explicit images.,pending,2026-01-13,https://openstates.org/nj/bills/222/A2312/,deepfakes,,
os-c67ceff5-3718-4e54-9a67-72f19c52a463,bill,New York,S 8872,Prohibits algorithmic wage-setting,pending,2026-01-13,https://openstates.org/ny/bills/2025-2026/S8872/,,,
os-faa71c67-9857-4ba1-9ecd-2c7ff5445086,bill,Maine,LD 2162,An Act To Regulate And Prevent Children'S Access To Artificial Intelligence Chatbots With Human-Like Features And Social Artificial Intelligence Companions,failed,2026-01-13,https://openstates.org/me/bills/132/LD2162/,kids-chatbots,,
os-fc4d5197-90e7-4bb3-b28b-85e1504c89b4,bill,New Jersey,A 3064,Requires social media platforms to cooperate with nonprofit organization initiatives to remove nonconsensual intimate images or videos.,pending,2026-01-13,https://openstates.org/nj/bills/222/A3064/,deepfakes,,
os-0de7c7fc-13bc-4ecc-a54a-2865f2b1c66c,bill,New Jersey,A 3087,Directs DEP to establish artificial intelligence flood prediction and mapping tool.,pending,2026-01-13,https://openstates.org/nj/bills/222/A3087/,,,New Jersey Department of Environmental Protection
os-56064535-22f2-429d-9907-a8c96f7febfb,bill,Georgia,SB 398,"Wiretapping, Eavesdropping, Surveillance, and Related Offenses; criminal offenses of virtual peeping; establish",pending,2026-01-13,https://openstates.org/ga/bills/2025_26/SB398/,deepfakes,,
os-019c88b4-add2-4990-a2aa-9510e68b15a4,bill,New Jersey,A 3585,Prohibits and imposes criminal penalty on disclosure of certain intentionally deceptive audio or visual media within 90 days of election.,pending,2026-01-13,https://openstates.org/nj/bills/222/A3585/,deepfakes,,
os-7d641af7-83d0-42a4-b971-81e62c66790d,bill,New Jersey,S 2860,Establishes Artificial Intelligence Apprenticeship Program and artificial intelligence apprenticeship tax credit program.,pending,2026-01-13,https://openstates.org/nj/bills/222/S2860/,,,
os-3cef4e8a-83ad-4e31-a9b3-847220590928,bill,Iowa,SSB 3014,A bill for an act relating to the use of artificial intelligence systems and related software by state agencies for employment and other purposes.,pending,2026-01-13,https://openstates.org/ia/bills/2025-2026/SSB3014/,,,
os-1f3ada79-bd21-490a-aac2-e65414c1c90b,bill,New Jersey,S 680,Requires energy usage plan for proposed artificial intelligence data centers and cryptocurrency mining facilities; requires all electricity for artificial intelligence data centers and cryptocurrency mining facilities to be derived from new clean energy sources.,pending,2026-01-13,https://openstates.org/nj/bills/222/S680/,,data-center-limits,
os-757709ab-3282-45a2-89b8-28dc25156f8a,bill,Vermont,H 644,An act relating to regulating the use of artificial intelligence in the provision of mental health services,pending,2026-01-13,https://openstates.org/vt/bills/2025-2026/H644/,,,
os-8efd127a-6600-4bc7-a1e1-8a9593831b7f,bill,Vermont,S 241,An act relating to regulating the use of artificial intelligence in the provision of mental health services,pending,2026-01-13,https://openstates.org/vt/bills/2025-2026/S241/,,,
os-c39cbecf-92f9-4a67-9785-9521fbcae031,bill,Alabama,SB 63,Health care plans; to regulate the use of artificial intelligence in determinations of coverage,passed,2026-01-13,https://openstates.org/al/bills/2026rs/SB63/,bias,,
os-fbcdd024-7927-4f6a-82c9-ff1df24b60a6,bill,Virginia,HB 635,"Artificial Intelligence Chatbots Act; established, prohibited practices, penalties.",pending,2026-01-13,https://openstates.org/va/bills/2027/HB635/,,labeling-mandates,
os-6ee3bda3-b11c-48ff-965c-74ee04a10872,bill,Virginia,SB 365,"Fostering Access, Innovation, and Responsibility in Artificial Intelligence Act; established.",pending,2026-01-13,https://openstates.org/va/bills/2027/SB365/,job-loss,labeling-mandates; new-agency-powers,
os-54562d8b-c542-4b30-8789-33208d835528,bill,Tennessee,SB 1600,"Utilities, Utility Districts - As introduced, requires certain data centers to register with the Tennessee public utilities commission; requires electric and water utilities that provide service to registered data centers to report usage and rates to the commission; requires the commission's executive director to compile and publish certain information based on reports received from utilities. - Amends TCA Title 5; Title 6; Title 7; Title 10; Title 62; Title 65; Title 68 and Title 69.",pending,2026-01-12,https://openstates.org/tn/bills/114/SB1600/,,mandatory-reporting,Tennessee Public Utilities Commission
os-9d659c95-a94a-405a-8367-e37a2e02a236,bill,Virginia,HB 511,Data centers; industrial zoning.,pending,2026-01-12,https://openstates.org/va/bills/2026/HB511/,power-bills,data-center-limits,
os-539e103a-2922-4234-a279-6ed5881c3164,bill,Virginia,HB 507,"Data centers; permit requirements, emission limits for certain engine-generator sets.",pending,2026-01-12,https://openstates.org/va/bills/2026/HB507/,,data-center-limits,
os-87dcaa13-cc86-42d3-9c46-387c163a4da6,bill,Virginia,HB 496,"Certain data from water users; water use consumption for domestic, etc., purposes, data centers.",pending,2026-01-12,https://openstates.org/va/bills/2026/HB496/,,mandatory-reporting,
os-acf19a6e-08dc-4e53-873d-a324d7ef41a1,bill,Virginia,HB 503,"Electric utilities; cost recovery, costs substantially related to serving data center customers.",pending,2026-01-12,https://openstates.org/va/bills/2027/HB503/,,,
os-28512a83-39f0-46a4-8f5a-0bfd5f2b9ece,bill,California,AB 1577,Data centers: reporting.,pending,2026-01-12,https://openstates.org/ca/bills/20252026/AB1577/,,mandatory-reporting,
os-b22a8f4f-9be7-4d75-91d4-ffb11355f6e7,bill,Tennessee,HB 1513,"Election Laws - As enacted, requires political advertisements to include a disclaimer if the advertisements include deepfake elements impersonating or depicting a candidate engaging in activity or speech in which the impersonated or depicted candidate did not in fact engage; makes a violation of such disclaimer requirement a Class C misdemeanor; entitles candidate to damages and equitable relief for violations. - Amends TCA Title 2, Chapter 19.",pending,2026-01-12,https://openstates.org/tn/bills/114/HB1513/,deepfakes,labeling-mandates,
os-74db300e-bf90-4822-8c96-df3d9bd16958,bill,Tennessee,SB 1580,"Health Care - As enacted, prohibits a person from developing or deploying an artificial intelligence system that advertises or represents to the public that such system is or is able to act as a qualified mental health professional.  - Amends TCA Title 33; Title 47 and Title 63.",pending,2026-01-12,https://openstates.org/tn/bills/114/SB1580/,,,
os-669226ca-a7f7-4d50-837a-ebfcbbb3243e,bill,Virginia,SB 269,"Mental health service providers;  definitions, use of artificial intelligence system, civil penalty.",pending,2026-01-12,https://openstates.org/va/bills/2026/SB269/,,,
os-31058f0b-27f9-402a-a9c2-6dfd55a324dd,bill,Kentucky,HB 318,"AN ACT relating to property rights in name, voice, and likeness.",pending,2026-01-12,https://openstates.org/ky/bills/2026RS/HB318/,,,
os-192973ea-13b5-4db4-aedf-935fe52507ab,bill,Virginia,SB 269,"Mental health service providers;  definitions, use of artificial intelligence system, civil penalty.",pending,2026-01-12,https://openstates.org/va/bills/2027/SB269/,,,
os-d8897c10-6c67-4c7e-aedb-1edf5dba55ab,bill,Virginia,HB 323,"Data centers; Department of Energy shall lead efforts to accelerate use of waste heat, report.",pending,2026-01-11,https://openstates.org/va/bills/2026/HB323/,,new-agency-powers,
os-105edfd4-34e2-499e-ad75-828ba27b74be,bill,Florida,HB 1503,Computer Science Education and Certification,failed,2026-01-09,https://openstates.org/fl/bills/2026/HB1503/,,,
os-1f530c44-19ee-4345-bc25-a13870dd271d,bill,Florida,SB 484,Data Centers,pending,2026-01-09,https://openstates.org/fl/bills/2026/SB484/,power-bills,data-center-limits,Florida Department of Environmental Protection; Florida Office of Program Policy Analysis and Government Accountability
os-9c39fc45-8432-473d-b1a1-23654893481a,bill,Virginia,HB 310,"Artificial Intelligence Workforce Impact Act; established, report.",pending,2026-01-09,https://openstates.org/va/bills/2026/HB310/,job-loss,mandatory-reporting,Virginia Department of Human Resource Management
os-940e4bcf-8e97-412e-b0c1-28f6f1094b00,bill,Rhode Island,SB 2010,AN ACT RELATING TO INSURANCE -- THE TRANSPARENCY AND ACCOUNTABILITY IN ARTIFICIAL INTELLIGENCE USE BY HEALTH INSURERS TO MANAGE COVERAGE AND CLAIMS ACT,pending,2026-01-09,https://openstates.org/ri/bills/2026/SB2010/,,,
os-7ba28208-2881-4202-bc66-449e6a22cab9,bill,Pennsylvania,SB 1113,"An Act amending Titles 35 (Health and Safety) and 40 (Insurance) of the Pennsylvania Consolidated Statutes, providing for artificial intelligence in facilities, for artificial intelligence use by insurers and for artificial intelligence use by MA or CHIP managed care plans; imposing duties on the Department of Health, the Insurance Department and the Department of Human Services; and imposing penalties.",pending,2026-01-09,https://openstates.org/pa/bills/2025-2026/SB1113/,,new-agency-powers,Pennsylvania Department of Health; Pennsylvania Department of Human Services; Pennsylvania Insurance Department
os-69053fb5-7cb3-4069-9e43-41c73fef23be,bill,Florida,HB 1395,Artificial Intelligence,failed,2026-01-09,https://openstates.org/fl/bills/2026/HB1395/,deepfakes; kids-chatbots,id-age-checks; labeling-mandates,
os-df94f65a-e4ac-4fe5-ae4d-7a6989edb4c8,bill,Florida,SB 1694,Technology Education,pending,2026-01-09,https://openstates.org/fl/bills/2026/SB1694/,,,
us-119-hr-6996,bill,Congress,H.R. 6996,Full AI Stack Export Promotion Act,pending,2026-01-09,https://www.congress.gov/bill/119th-congress/house-bill/6996,china-race,export-controls,Department of Commerce; Department of State
os-d710300c-53ba-4921-a779-edc263b93730,bill,Mississippi,SB 2075,Images or audio altered or created by digitization; criminalize dissemination of in certain circumstances.,failed,2026-01-08,https://openstates.org/ms/bills/2026/SB2075/,deepfakes,,
os-bd1f452c-2a7a-4ae6-b7fd-8a4d9be1682e,bill,Mississippi,SB 2050,Artificial intelligence; require disclosure when used in political advertisements.,failed,2026-01-08,https://openstates.org/ms/bills/2026/SB2050/,,labeling-mandates,
os-5e59c927-8d09-440e-929c-8ccfc732ed94,bill,New York,S 8831,Relates to the use of automated employment decision-making tools and artificial intelligence systems by certain state and local entities; repealer,pending,2026-01-08,https://openstates.org/ny/bills/2025-2026/S8831/,,,
os-d3ce5d94-22a7-4ae0-a050-8dbbd014173b,bill,Florida,SB 1458,Artificial Intelligence in Higher Education,failed,2026-01-08,https://openstates.org/fl/bills/2026/SB1458/,,,
os-0593535f-741b-457e-917d-ddf41eb7b161,bill,New York,S 8828,Relates to transparency and safety requirements for developers of artificial intelligence models,pending,2026-01-08,https://openstates.org/ny/bills/2025-2026/S8828/,,mandatory-reporting; new-agency-powers,New York Office for AI Model Developer Oversight
os-7bc7956b-ab2a-494f-844b-b2bab805b5ee,bill,New York,S 8645,"Authorizes ORES to issue siting permits for battery energy storage systems for use by data centers, and requires data centers to submit carbon reduction plans",pending,2026-01-07,https://openstates.org/ny/bills/2025-2026/S8645/,,data-center-limits,New York ORES (Office of Renewable Energy Siting)
os-8d4a5668-61f3-492c-b2a8-5dca08c5fcde,bill,New York,A 9487,Relates to the use of automated employment decision-making tools and artificial intelligence systems by certain state and local entities; repealer,pending,2026-01-07,https://openstates.org/ny/bills/2025-2026/A9487/,bias,,
os-943133b6-56f3-4461-afe6-d61f7373c9d9,bill,Florida,SB 1344,Companion Artificial Intelligence Chatbots,failed,2026-01-07,https://openstates.org/fl/bills/2026/SB1344/,kids-chatbots,id-age-checks,
os-310ad08f-6b17-45f9-981c-b795fef2dc89,bill,New York,S 8721,Establishes privacy and publicity rights for likenesses altered using artificial intelligence,pending,2026-01-07,https://openstates.org/ny/bills/2025-2026/S8721/,deepfakes,,
os-fd3c77e8-1f66-4f78-af1e-5ed8bb637f23,bill,Maine,LD 2082,An Act To Regulate The Use Of Artificial Intelligence In Providing Certain Mental Health Services,passed,2026-01-07,https://openstates.org/me/bills/132/LD2082/,,,
os-c3cb12f2-682e-4f10-b033-73b3392f1d76,bill,New York,S 8706,Requires covered businesses to annually report to the department of labor regarding the impact of artificial intelligence on hiring and the nature of artificial intelligence use,pending,2026-01-07,https://openstates.org/ny/bills/2025-2026/S8706/,bias,mandatory-reporting,
os-1b68b8e5-937f-4e52-8300-beb5cb120a94,bill,Florida,SB 1346,Public Records/Department of Legal Affairs/Artificial Intelligence Violations,failed,2026-01-07,https://openstates.org/fl/bills/2026/SB1346/,,,Florida Department of Legal Affairs
os-4ad9f5ab-0e88-43b7-bbf2-1ad9d28dc5bc,bill,Florida,HB 1159,Sexual Offenses,pending,2026-01-07,https://openstates.org/fl/bills/2026/HB1159/,deepfakes,,
os-427ac5dd-8311-45c7-91c6-0a5237c8ff74,bill,Missouri,HB 2862,Prohibits digital impersonation of a person and provides for injunctive relief,pending,2026-01-07,https://openstates.org/mo/bills/2026/HB2862/,deepfakes,,
os-98498498-5439-47a0-9475-ba27a8fec959,bill,Kentucky,HB 227,AN ACT relating to addictive online platforms.,pending,2026-01-07,https://openstates.org/ky/bills/2026RS/HB227/,kids-chatbots,id-age-checks; new-agency-powers,Kentucky Attorney General
os-8f3769e1-597f-4d5f-9dda-cb4253dc6d10,bill,Virginia,SB 130,"Data centers; site assessment, definition of high energy use facility.",pending,2026-01-06,https://openstates.org/va/bills/2026/SB130/,power-bills,data-center-limits,
os-c12ccbc5-1546-4e89-ba04-7288b1cd26ee,bill,Virginia,HB 153,"Data centers; site assessment, sound profile of the high energy use facility.",pending,2026-01-06,https://openstates.org/va/bills/2026/HB153/,power-bills,data-center-limits,
os-3dba95ba-ff1b-45fa-9994-3c0f02104af9,bill,Florida,SB 1194,Artificial Intelligence in Education,failed,2026-01-06,https://openstates.org/fl/bills/2026/SB1194/,,mandatory-reporting; new-agency-powers,
os-556ac795-03c7-4992-849a-5136d718dcc9,bill,New York,A 9449,Relates to transparency and safety requirements for developers of artificial intelligence models,pending,2026-01-06,https://openstates.org/ny/bills/2025-2026/A9449/,,mandatory-reporting; new-agency-powers,New York office for oversight of AI model developer transparency and reporting
os-7629bb19-fc7c-4534-b7d1-73cf3192c4a6,bill,Vermont,S 205,An act relating to a temporary moratorium on AI data centers and a report on the construction and operation of AI data centers in Vermont,pending,2026-01-06,https://openstates.org/vt/bills/2025-2026/S205/,,data-center-limits,
os-d98b3fa7-894e-4904-83b9-e7ec68e44fc6,bill,Washington,SB 5984,Concerning regulation of artificial intelligence companion chatbots.,pending,2026-01-06,https://openstates.org/wa/bills/2025-2026/SB5984/,,,
os-d87e85db-bd84-473a-a251-2936962215a3,bill,Arizona,HB 2133,sexual material; consent; synthetic depiction,failed,2026-01-06,https://openstates.org/az/bills/57th-2nd-regular/HB2133/,,,
os-c1eb5d9d-9a09-40a0-9ff8-f0c7b780668e,bill,Kentucky,HB 33,AN ACT relating to data privacy.,pending,2026-01-06,https://openstates.org/ky/bills/2026RS/HB33/,,,
os-f76514da-cdb7-45f6-960b-0dbc54d92ad4,bill,Florida,HB 1007,Data Centers,pending,2026-01-05,https://openstates.org/fl/bills/2026/HB1007/,power-bills,data-center-limits,
os-9ce84d9c-0823-41f9-b3ff-aa66e7ef552e,bill,Tennessee,HB 1470,"Health Care - As enacted, prohibits a person from developing or deploying an artificial intelligence system that advertises or represents to the public that such system is or is able to act as a qualified mental health professional.  - Amends TCA Title 33; Title 47 and Title 63.",pending,2026-01-05,https://openstates.org/tn/bills/114/HB1470/,,,
os-79af4726-57e1-447d-b19c-72395ad37e81,bill,California,SB 867,Toys: companion chatbots.,passed,2026-01-05,https://openstates.org/ca/bills/20252026/SB867/,kids-chatbots,,
os-8945f552-e3ad-45f7-8fff-90e51135ce2d,bill,New Mexico,HB 22,DISTRIBUTION OF SENSITIVE AND DEEPFAKE IMAGES,pending,2026-01-02,https://openstates.org/nm/bills/2026/HB22/,,,
os-63280283-ef10-4d6f-abd9-5c84e96ccffe,bill,Washington,SB 5956,"Addressing artificial intelligence, student discipline, and surveillance in public schools.",pending,2025-12-31,https://openstates.org/wa/bills/2025-2026/SB5956/,,,
os-4456facf-7dc2-448a-bccd-76642cb87afb,bill,Washington,HB 2225,Concerning regulation of artificial intelligence companion chatbots.,passed,2025-12-31,https://openstates.org/wa/bills/2025-2026/HB2225/,,,
os-1f593f65-bf81-4073-b0c7-ae40f96f7909,bill,Missouri,SB 1474,Creates provisions relating to artificial intelligence,pending,2025-12-29,https://openstates.org/mo/bills/2026/SB1474/,,,
os-5dc0096d-b85f-47e3-9b68-395187bce536,bill,Florida,HB 899,Task Force on Artificial Intelligence in Public Postsecondary Education,failed,2025-12-23,https://openstates.org/fl/bills/2026/HB899/,,,
os-1f9bdf4d-8724-443e-afb5-779cd2e136c7,bill,Florida,SB 482,Artificial Intelligence Bill of Rights,failed,2025-12-22,https://openstates.org/fl/bills/2026/SB482/,kids-chatbots,id-age-checks,
os-6d6e2503-d80b-4593-b092-fb89b83504ce,bill,Missouri,SB 1455,Creates provisions relating to artificial intelligence chatbots,pending,2025-12-19,https://openstates.org/mo/bills/2026/SB1455/,kids-chatbots,labeling-mandates; mandatory-reporting,
os-cb162e06-1ce6-43eb-ae29-1e99ce77cd85,bill,Michigan,HB 5399,Public employees and officers: other; local officials signing nondisclosure agreements related to the construction of data centers; prohibit. Creates new act.,pending,2025-12-18,https://openstates.org/mi/bills/2025-2026/HB5399/,,,
os-a7b7c376-eeb5-4420-923d-e696ca196a06,bill,Missouri,HB 2529,Modifies certain provisions to include artificially generated visual depictions of a minor,pending,2025-12-18,https://openstates.org/mo/bills/2026/HB2529/,deepfakes,,
os-b8e92fde-5cd2-4733-9126-065b1991fc45,bill,Michigan,SB 762,Energy: other; energy and water usage report requirements for data centers; provide for. Amends sec. 5a of 1939 PA 3 (MCL 460.5a).,pending,2025-12-18,https://openstates.org/mi/bills/2025-2026/SB762/,,mandatory-reporting,
us-119-hres-963,bill,Congress,H.Res. 963,"Condemning antisemitism in all its forms, including the proliferation and amplification of antisemitic content on artificial intelligence (AI) platforms, urging robust, transparent safeguards for AI, and recognizing stakeholders working to counter this threat.",pending,2025-12-18,https://www.congress.gov/bill/119th-congress/house-resolution/963,,,
os-d0ec3dd4-ed98-44e7-8237-5bc478ef867e,bill,Tennessee,SB 1493,"Computers and Electronic Processing - As enacted, requires TACIR to study artificial intelligence and submit a report to the governor and both speakers by January 31, 2027. - Amends TCA Title 29; Title 33; Title 39 and Title 47.",pending,2025-12-18,https://openstates.org/tn/bills/114/SB1493/,,,Tennessee Advisory Commission on Intergovernmental Relations (TACIR)
us-119-hr-6909,bill,Congress,H.R. 6909,China AI Threat Assessment Act,pending,2025-12-18,https://www.congress.gov/bill/119th-congress/house-bill/6909,,,
os-38fc3532-adf9-469b-aab5-744f8b0a634c,bill,Michigan,HB 5397,Use tax: exemptions; data center exemption; eliminate. Amends sec. 21 of 1937 PA 94 (MCL 205.111) & repeals sec. 4cc of 1937 PA 94 (MCL 205.94cc).,pending,2025-12-17,https://openstates.org/mi/bills/2025-2026/HB5397/,,data-center-limits,
os-c75ad88d-514c-42a9-b46f-25ba3fdbf645,bill,Michigan,HB 5396,Sales tax: exemptions; data center exemption; eliminate. Amends sec. 25 of 1933 PA 167 (MCL 205.75) & repeals sec. 4ee of 1933 PA 167 (MCL 205.54ee).,pending,2025-12-17,https://openstates.org/mi/bills/2025-2026/HB5396/,,,
os-e4f4e322-3037-42ed-8f27-2c06107112e9,resolution,Ohio,SCR 14,Urge Congress to reject moratorium on state regulation of AI,pending,2025-12-17,https://openstates.org/oh/bills/136/SCR14/,,,
os-f25b028d-9bf6-4663-96a8-8ca2d822976b,bill,New Hampshire,HB 1725,relative to the regulation of artificial intelligence technologies.,pending,2025-12-17,https://openstates.org/nh/bills/2026/HB1725/,,,
os-39308a57-aef0-472b-9d1a-2be5dd61e1e5,bill,Michigan,SB 760,Trade: business regulation; availability of companion chatbots to minors; prohibit. Creates new act.,pending,2025-12-17,https://openstates.org/mi/bills/2025-2026/SB760/,kids-chatbots,,
us-119-s-3557,bill,Congress,S. 3557,States' Right to Regulate AI Act,pending,2025-12-17,https://www.congress.gov/bill/119th-congress/senate-bill/3557,,,
os-21ec6171-904f-413e-95a3-b1ea41313c65,bill,South Carolina,H 4582,Artificial Intelligence Electives,pending,2025-12-16,https://openstates.org/sc/bills/2025-2026/H4582/,,,
os-5141394f-634b-4b3f-8743-e80fe7a9580c,bill,Tennessee,HB 1461,"Computers and Electronic Processing - As introduced, requires high performance computing (HPC) facility operators to devote 50 percent of the computing and data processing output of the facility for a public benefit; requires HPC facility operators to produce an annual report of the facility's energy consumption and carbon footprint; requires such operators to conduct an annual internal compliance audit and submit to an audit upon request by certain governmental entities. - Amends TCA Title 4; Title 8 and Title 68.",failed,2025-12-16,https://openstates.org/tn/bills/114/HB1461/,power-bills,mandatory-reporting,
os-b33b44df-8270-4412-8868-47e6b4c2ea25,bill,South Carolina,H 4675,Video Surveillance,pending,2025-12-16,https://openstates.org/sc/bills/2025-2026/H4675/,,mandatory-reporting,
os-20b55adb-6671-49dd-8a91-6af09e75bf8d,bill,South Carolina,H 4657,Right to Compute Act,pending,2025-12-16,https://openstates.org/sc/bills/2025-2026/H4657/,ai-cyberattacks,mandatory-reporting,
os-71dbf651-ff8a-4e07-b3d2-596fbab14a99,bill,Washington,HB 2157,"Regulating high-risk artificial intelligence system development, deployment, and use.",pending,2025-12-16,https://openstates.org/wa/bills/2025-2026/HB2157/,,,
fr-2025-23092,order,Executive Office of the President,Executive Order 14365,Ensuring a National Policy Framework for Artificial Intelligence,passed,2025-12-16,https://www.federalregister.gov/documents/2025/12/16/2025-23092/ensuring-a-national-policy-framework-for-artificial-intelligence,,,
os-c2570eb3-f466-4b0d-a55d-507b62984878,bill,Missouri,SB 1444,Creates provisions relating to artificial intelligence in mental health,pending,2025-12-16,https://openstates.org/mo/bills/2026/SB1444/,,labeling-mandates,
os-d77d761b-5d48-4459-a26c-6e737562475f,bill,Pennsylvania,HB 2100,An Act providing for the use of mental health chatbots and artificial intelligence by mental health therapists; imposing duties on the Bureau of Professional and Occupational Affairs; and imposing a penalty.,pending,2025-12-12,https://openstates.org/pa/bills/2025-2026/HB2100/,,mandatory-reporting,Pennsylvania Bureau of Professional and Occupational Affairs
os-593e47b9-c954-4539-b016-93aa82ab771d,bill,Massachusetts,HD 5404,An Act relative to the cost of electricity at large and qualified data centers,pending,2025-12-11,https://openstates.org/ma/bills/194th/HD5404/,power-bills,,
os-055867ba-ca72-4df6-b640-1bc3f29e34e1,bill,Ohio,HB 628,License artificial intelligence risk mitigation organizations,pending,2025-12-11,https://openstates.org/oh/bills/136/HB628/,,license-to-build,
os-dbc16b69-314c-4ca8-abe7-e9441563249a,bill,New Jersey,A 6246,"Establishes ""Authentic Relationships Act""; prohibits artificial intelligence relationship simulation.",pending,2025-12-11,https://openstates.org/nj/bills/221/A6246/,,,
os-4a5b1901-26e1-46d8-8be9-a229663683e5,bill,Tennessee,HB 1455,"Computers and Electronic Processing - As enacted, requires TACIR to study artificial intelligence and submit a report to the governor and both speakers by January 31, 2027. - Amends TCA Title 29; Title 33; Title 39 and Title 47.",pending,2025-12-11,https://openstates.org/tn/bills/114/HB1455/,,,Tennessee Advisory Commission on Intergovernmental Relations (TACIR)
os-8c907e53-bb4c-430f-83fa-afb71d4396fb,bill,Washington,SB 5870,Establishing civil liability for suicide linked to the use of artificial intelligence systems.,pending,2025-12-11,https://openstates.org/wa/bills/2025-2026/SB5870/,,,
os-736c937c-64d1-4c6b-9a7d-5b668b7fd8b1,bill,New York,A 9297,Provides a host community benefit for customers in a host community where data centers are expanded or placed,pending,2025-12-10,https://openstates.org/ny/bills/2025-2026/A9297/,power-bills,,
os-2a96a9e8-4466-4e7a-9e31-c53881263829,bill,Missouri,HB 2350,Modifies certain provisions to include artificially generated visual depictions of a minor,pending,2025-12-10,https://openstates.org/mo/bills/2026/HB2350/,deepfakes,,
os-2cb6722d-026d-405c-ba5a-c757b7f4c56b,bill,New York,A 9317,Regulates companion chatbots,pending,2025-12-10,https://openstates.org/ny/bills/2025-2026/A9317/,,labeling-mandates,
os-a91af89f-5304-4759-9ae4-c046232b956e,bill,New Hampshire,HB 1506,creating an exception to the restricted uses of artificial intelligence by state agencies.,pending,2025-12-10,https://openstates.org/nh/bills/2026/HB1506/,,,
us-119-hr-6530,bill,Congress,H.R. 6530,AI Training for National Security Act,pending,2025-12-09,https://www.congress.gov/bill/119th-congress/house-bill/6530,,,
us-119-hr-6529,bill,Congress,H.R. 6529,Protecting Families from AI Data Center Energy Costs Act,pending,2025-12-09,https://www.congress.gov/bill/119th-congress/house-bill/6529,power-bills,,
os-6c19e527-8b55-4597-9c7c-87bb9a2901eb,bill,Massachusetts,HD 5363,"An Act relative to social media, algorithm accountability, and transparency",pending,2025-12-08,https://openstates.org/ma/bills/194th/HD5363/,,,
os-9334c0a9-78b6-496a-b669-c04dcac85454,bill,Missouri,HB 2239,Creates the Artificial Intelligence Data Center Environmental Accountability Act,pending,2025-12-08,https://openstates.org/mo/bills/2026/HB2239/,,,
us-119-hr-6461,bill,Congress,H.R. 6461,READ AI Models Act,pending,2025-12-04,https://www.congress.gov/bill/119th-congress/house-bill/6461,,mandatory-reporting,National Institute of Standards and Technology
os-c3838908-bd8b-4405-947e-10fb4457182a,bill,Florida,HB 659,Interactions with Artificial Intelligence,failed,2025-12-04,https://openstates.org/fl/bills/2026/HB659/,kids-chatbots,id-age-checks; labeling-mandates; mandatory-reporting,
os-2607067a-e0b5-4cbb-8af5-d27f8f582d7c,bill,New Hampshire,HB 1406,"relative to health carrier recordkeeping requirements in utilization review, including specifications regarding the use of artificial intelligence.",pending,2025-12-04,https://openstates.org/nh/bills/2026/HB1406/,,,
os-4e89e730-8ed6-4b1e-b9b0-6bb7f7c58a5a,bill,Wisconsin,AB 722,Relating to: large energy customer fees; electric utility very large customer class; a renewable resource tariff; building requirements for data centers; water usage by large customers; required pay rate on large-scale data center projects; and granting rule-making authority. (FE),pending,2025-12-03,https://openstates.org/wi/bills/2025/AB722/,power-bills,data-center-limits,
us-119-hr-6402,bill,Congress,H.R. 6402,Ensuring Safe and Ethical AI Development Through SAFE AI Research Grants,pending,2025-12-03,https://www.congress.gov/bill/119th-congress/house-bill/6402,,,
os-1b6cbbc8-2f88-422f-a98c-5d2591220eb4,bill,Wisconsin,SB 729,Relating to: large energy customer fees; electric utility very large customer class; a renewable resource tariff; building requirements for data centers; water usage by large customers; required pay rate on large-scale data center projects; and granting rule-making authority. (FE),pending,2025-12-02,https://openstates.org/wi/bills/2025/SB729/,power-bills,data-center-limits,
os-8ac9b192-019b-4066-b120-c96753087477,bill,Missouri,SB 1395,Modifies provisions relating to the unauthorized practice of law as it relates to the use of artificial intelligence,pending,2025-12-02,https://openstates.org/mo/bills/2026/SB1395/,,,
us-119-hr-6356,bill,Congress,H.R. 6356,Artificial Intelligence Civil Rights Act of 2025,pending,2025-12-02,https://www.congress.gov/bill/119th-congress/house-bill/6356,,,
us-119-s-3308,bill,Congress,S. 3308,Artificial Intelligence Civil Rights Act of 2025,pending,2025-12-02,https://www.congress.gov/bill/119th-congress/senate-bill/3308,,,
os-589cecdb-9880-46e6-b532-842d4aeaf28d,bill,Missouri,HB 1689,Modifies certain provisions to include artificially generated visual depictions of a minor,pending,2025-12-01,https://openstates.org/mo/bills/2026/HB1689/,deepfakes,,
os-f101c4ba-1f72-4257-bc6d-092d2230e864,bill,New Hampshire,HB 1265,prohibiting the construction of data centers in the state and establishing a committee to study the environmental impact of data centers.,pending,2025-12-01,https://openstates.org/nh/bills/2026/HB1265/,power-bills,data-center-limits,
os-4b486418-e5d8-45ce-96c6-b68f176c0b8d,bill,Missouri,HB 1769,"Establishes the ""AI Non-Sentience and Responsibility Act""",pending,2025-12-01,https://openstates.org/mo/bills/2026/HB1769/,,,
os-c84d3959-3c7f-468b-a121-4e6967fd4622,bill,Missouri,HB 1746,"Establishes the ""AI Nonsentience and Responsibility Act""",pending,2025-12-01,https://openstates.org/mo/bills/2026/HB1746/,,,
os-7f7dbd46-72a5-4f37-b144-9bd45c2b38d2,bill,Missouri,HB 1747,Allows a person to bring a cause of action against another person or entity for damages for failing to state certain content is generated or modified using artificial intelligence,pending,2025-12-01,https://openstates.org/mo/bills/2026/HB1747/,,labeling-mandates,
os-c12af59c-cc08-4774-abe3-0c90faf3496e,bill,Missouri,HB 1742,Establishes provisions relating to companion chatbots,pending,2025-12-01,https://openstates.org/mo/bills/2026/HB1742/,,,
os-2d188201-7add-410c-b719-d87478ad24bb,bill,Missouri,HB 1887,Creates the offense of and civil penalties for disclosure of intimate digital depictions,pending,2025-12-01,https://openstates.org/mo/bills/2026/HB1887/,deepfakes,,
os-2c49ae37-7d04-40b9-aaf6-e0f6c03f30e2,bill,Missouri,SB 859,Creates provisions relating to artificial intelligence,pending,2025-12-01,https://openstates.org/mo/bills/2026/SB859/,,,
os-85b6f53f-c9d3-4e05-b9bc-2bdc9f09ec54,bill,Missouri,HB 2035,Establishes and modifies provisions relating to artificially generated material,pending,2025-12-01,https://openstates.org/mo/bills/2026/HB2035/,,,
os-57c1a290-e672-422f-8774-f7f74cbcc64b,bill,Missouri,SB 1183,Creates provisions relating to synthetic media,pending,2025-12-01,https://openstates.org/mo/bills/2026/SB1183/,deepfakes,labeling-mandates,
os-93ff29e2-7fe1-4556-aef6-87bc8c707088,bill,Missouri,HB 2032,Establishes age verification measures for companion chatbots,pending,2025-12-01,https://openstates.org/mo/bills/2026/HB2032/,kids-chatbots,id-age-checks,
us-119-hr-6334,bill,Congress,H.R. 6334,Deepfake Liability Act,pending,2025-12-01,https://www.congress.gov/bill/119th-congress/house-bill/6334,,,
os-498dd740-2233-4d44-a31d-904634921f53,bill,Missouri,SB 972,Modifies provisions relating to railroad crossings,pending,2025-12-01,https://openstates.org/mo/bills/2026/SB972/,,mandatory-reporting,Missouri Department of Transportation; Missouri State Highways and Transportation Commission
os-6052134c-09d5-4cf6-ad20-b3a7d97ac46f,bill,Missouri,SB 1324,Creates regulations of artificially generated online content using artificial intelligence,pending,2025-12-01,https://openstates.org/mo/bills/2026/SB1324/,deepfakes,labeling-mandates; mandatory-reporting; new-agency-powers,Missouri Attorney General; Missouri Department of Commerce and Insurance
os-d26540d5-e1cc-48f8-8e24-1ea82f933f2a,bill,New Hampshire,SB 640,relative to the use of artificial intelligence to provide services requiring a professional license.,pending,2025-11-25,https://openstates.org/nh/bills/2026/SB640/,,license-to-build,
us-119-hr-6306,bill,Congress,H.R. 6306,AI Fraud Deterrence Act,pending,2025-11-25,https://www.congress.gov/bill/119th-congress/house-bill/6306,,,
os-7d6b9c38-a3be-48b5-ab1d-a0f7a03934e6,bill,Florida,HB 527,Mandatory Human Reviews of Insurance Claim Denials,failed,2025-11-24,https://openstates.org/fl/bills/2026/HB527/,,mandatory-reporting,
os-95dbd4fa-f8e5-47b9-85d5-741ae8dc3029,bill,New York,A 9253,Relates to disclosure of the use of artificial intelligence by law enforcement agencies,pending,2025-11-21,https://openstates.org/ny/bills/2025-2026/A9253/,,mandatory-reporting,
us-119-hr-6266,bill,Congress,H.R. 6266,Algorithm Accountability Act,pending,2025-11-21,https://www.congress.gov/bill/119th-congress/house-bill/6266,,,
us-119-hr-6275,bill,Congress,H.R. 6275,China AI Power Report Act,pending,2025-11-21,https://www.congress.gov/bill/119th-congress/house-bill/6275,,,
us-119-s-3269,bill,Congress,S. 3269,Liquid Cooling for AI Act of 2025,pending,2025-11-20,https://www.congress.gov/bill/119th-congress/senate-bill/3269,,,
us-119-s-3202,bill,Congress,S. 3202,Advanced Artificial Intelligence Security Readiness Act of 2025,pending,2025-11-19,https://www.congress.gov/bill/119th-congress/senate-bill/3202,,,
us-119-s-3193,bill,Congress,S. 3193,Algorithm Accountability Act,pending,2025-11-18,https://www.congress.gov/bill/119th-congress/senate-bill/3193,,,
os-65acc160-f427-4e2d-9ef1-e98a876cfa4d,bill,New Jersey,A 6036,Directs DEP to establish artificial intelligence flood prediction and mapping tool.,pending,2025-11-17,https://openstates.org/nj/bills/221/A6036/,,,New Jersey Department of Environmental Protection
os-f3c66fba-34ab-4863-af08-8877204af881,bill,Pennsylvania,SB 1090,An Act providing for disclosures and safeguards relating to the use of artificial intelligence; and imposing duties on the Attorney General.,pending,2025-11-14,https://openstates.org/pa/bills/2025-2026/SB1090/,,labeling-mandates; new-agency-powers,Pennsylvania Attorney General
us-119-sres-490,bill,Congress,S.Res. 490,A resolution affirming the critical importance of preserving the United States' advantage in artificial intelligence and ensuring that the United States achieves and maintains artificial intelligence dominance.,pending,2025-11-06,https://www.congress.gov/bill/119th-congress/senate-resolution/490,china-race,,
os-e3bfb2c4-d430-4500-9297-72e005d9ba7f,bill,Pennsylvania,HB 2006,An Act providing for safety regarding artificial intelligence in companionship applications; and imposing a penalty.,pending,2025-11-06,https://openstates.org/pa/bills/2025-2026/HB2006/,kids-chatbots,,
os-2c01100e-067e-4504-9248-bb27dfb2f111,bill,New Jersey,S 4811,"Requires BPU, DCA, and DEP to establish expedited approval and permitting procedures for artificial intelligence data centers powered by small modular nuclear reactors.",pending,2025-11-06,https://openstates.org/nj/bills/221/S4811/,,,New Jersey Board of Public Utilities; New Jersey Department of Community Affairs; New Jersey Department of Environmental Protection
us-119-s-3108,bill,Congress,S. 3108,AI-Related Job Impacts Clarity Act,pending,2025-11-05,https://www.congress.gov/bill/119th-congress/senate-bill/3108,job-loss,,
os-d5dbf7b2-de8c-4c63-be58-efaf9d3edd50,bill,Ohio,HB 579,Regulate the use of artificial intelligence by health insurers,pending,2025-11-05,https://openstates.org/oh/bills/136/HB579/,bias,,
os-fcbcdfcc-d857-4ee1-90c9-a28efe4470cb,bill,Florida,SB 344,"Use of Artificial Intelligence in Psychological, Clinical, Counseling, and Therapy Services",failed,2025-11-04,https://openstates.org/fl/bills/2026/SB344/,,,
os-f3f24804-6e52-4a7d-8ad2-bb8891b9deac,bill,New York,A 9219,Requires artificial intelligence technology used in professional fields to be developed and maintained in consultation with experts in such fields,pending,2025-11-03,https://openstates.org/ny/bills/2025-2026/A9219/,,,
os-432c1391-33e7-4b8b-9b7c-ff401f664668,bill,New York,A 9190,Prohibits the use of most artificial intelligence in classrooms prior to high school,pending,2025-11-03,https://openstates.org/ny/bills/2025-2026/A9190/,,,
os-bb329377-e844-4278-9067-e752b22f2f49,bill,Maryland,HB 184,Criminal Law - Identity Fraud - Artificial Intelligence and Deepfake Representations,pending,2025-11-01,https://openstates.org/md/bills/2026/HB184/,,,
os-46e16a29-c9b9-430d-9490-8771ac3af31b,bill,Florida,HB 281,"Use of Artificial Intelligence in Psychological, Clinical, Counseling, and Therapy Services",failed,2025-10-28,https://openstates.org/fl/bills/2026/HB281/,,,
us-119-hres-836,bill,Congress,H.Res. 836,"Calling on the United States to champion a regional artificial intelligence strategy in the Americas to foster inclusive artificial intelligence systems that combat biases within marginalized groups and promote social justice, economic well-being, and democratic values.",pending,2025-10-28,https://www.congress.gov/bill/119th-congress/house-resolution/836,bias,,
os-596a4668-6a08-4df4-83ae-edcd18cf0340,bill,Pennsylvania,HB 1993,An Act providing for the use of artificial intelligence in mental health therapy and for enforcement.,pending,2025-10-24,https://openstates.org/pa/bills/2025-2026/HB1993/,,,
os-4d73551f-e382-4d5e-9539-6709262b0f9f,bill,New York,S 8546,Establishes a grid modernization surcharge,pending,2025-10-24,https://openstates.org/ny/bills/2025-2026/S8546/,power-bills,,
os-bcd26c80-7030-40ff-a5d1-e515b69a295c,bill,New York,S 8540,"Establishes the ""accountability of costs for data centers act""",pending,2025-10-22,https://openstates.org/ny/bills/2025-2026/S8540/,,,
os-0a0e33a7-80d0-44ea-a949-116ad5880c81,bill,New York,S 8536,Prohibits electric corporations and gas corporations from increasing charges due to the building or operation of a data center,pending,2025-10-20,https://openstates.org/ny/bills/2025-2026/S8536/,power-bills,,
os-3ed564db-7432-4705-ba5f-3c47dd7d84f2,bill,New York,A 9136,Requires new data centers to incorporate thermal energy networks,pending,2025-10-17,https://openstates.org/ny/bills/2025-2026/A9136/,,data-center-limits,New York Public Service Commission
us-119-hr-5784,bill,Congress,H.R. 5784,AI–WISE Act,pending,2025-10-17,https://www.congress.gov/bill/119th-congress/house-bill/5784,,,
us-119-hr-5764,bill,Congress,H.R. 5764,AI for Main Street Act,pending,2025-10-17,https://www.congress.gov/bill/119th-congress/house-bill/5764,,,
os-cd85d7cc-6b52-4318-9321-21952717b572,bill,New York,A 9185,Relates to falsely reporting an incident through the use of artificial intelligence,pending,2025-10-17,https://openstates.org/ny/bills/2025-2026/A9185/,deepfakes,,
os-95437496-7e0e-4670-b047-2b03d2588412,bill,Massachusetts,S 2630,An Act  promoting economic development with emerging artificial intelligence models and safety,pending,2025-10-16,https://openstates.org/ma/bills/194th/S2630/,,,
os-fbdef8de-1552-4fd5-bf91-08c188ee08ff,bill,Massachusetts,S 2631,An Act  to protect against election misinformation,pending,2025-10-16,https://openstates.org/ma/bills/194th/S2631/,deepfakes,,
os-69280413-42f0-48b0-8282-24d307f6b8e9,bill,Massachusetts,S 2632,An Act relative to the use of artificial intelligence and other software tools in healthcare decision-making,pending,2025-10-16,https://openstates.org/ma/bills/194th/S2632/,,,
os-553e9ae5-6acd-4e54-962f-edd08ad28824,bill,Ohio,HB 525,Regards use of artificial intelligence in therapy services,pending,2025-10-15,https://openstates.org/oh/bills/136/HB525/,,,
os-b9837b1c-6517-4c2a-9b08-54adf7d4bf45,bill,Ohio,HB 524,Impose penalties for AI models suggesting harming self or another,pending,2025-10-15,https://openstates.org/oh/bills/136/HB524/,,mandatory-reporting,
os-1f273731-8d48-4082-a5f4-49509ca35892,bill,Florida,SB 202,Mandatory Human Reviews of Insurance Claim Denials,failed,2025-10-15,https://openstates.org/fl/bills/2026/SB202/,bias,mandatory-reporting,
os-813621be-13cc-4235-afec-5dd4cdf06433,bill,Florida,SB 146,Use of Artificial Intelligence by State Agencies,failed,2025-10-09,https://openstates.org/fl/bills/2026/SB146/,,mandatory-reporting,Florida Digital Service
fr-2025-19495,order,Executive Office of the President,Executive Order 14355,Unlocking Cures for Pediatric Cancer With Artificial Intelligence,passed,2025-10-07,https://www.federalregister.gov/documents/2025/10/07/2025-19495/unlocking-cures-for-pediatric-cancer-with-artificial-intelligence,,,
os-825a53d6-05b6-42a5-ad1e-11c5afbcbced,bill,Pennsylvania,HB 1925,"An Act amending Titles 35 (Health and Safety), 40 (Insurance) and 67 (Public Welfare) of the Pennsylvania Consolidated Statutes, providing for artificial intelligence in facilities, for artificial intelligence use by insurers and for artificial intelligence use by MA or CHIP managed care plans; imposing duties on the Department of Health, the Insurance Department and the Department of Human Services; and imposing penalties.",pending,2025-10-06,https://openstates.org/pa/bills/2025-2026/HB1925/,,mandatory-reporting; new-agency-powers,Pennsylvania Department of Health; Pennsylvania Department of Human Services; Pennsylvania Insurance Department
os-6ffa2687-e112-4d80-9a1b-433312800aa9,resolution,Pennsylvania,HR 331,A Resolution recognizing the exclusive constitutional authority of the Pennsylvania Supreme Court to regulate the practice of law in this Commonwealth and urging the Court to adopt safeguards governing the use of artificial intelligence by attorneys and judges.,pending,2025-09-29,https://openstates.org/pa/bills/2025-2026/HR331/,,,
us-119-s-2938,bill,Congress,S. 2938,Artificial Intelligence Risk Evaluation Act of 2025,pending,2025-09-29,https://www.congress.gov/bill/119th-congress/senate-bill/2938,,,
us-119-hr-5584,bill,Congress,H.R. 5584,LIFT AI Act,pending,2025-09-26,https://www.congress.gov/bill/119th-congress/house-bill/5584,,,
os-282eebb1-68ae-4c3b-8997-9a18efd085de,bill,New York,A 9106,Regulates the use of artificial intelligence in the provision of therapy or psychotherapy services,pending,2025-09-26,https://openstates.org/ny/bills/2025-2026/A9106/,,,
os-5253611f-9a61-41be-b685-896ae5a28e2b,bill,Ohio,HB 469,Declare A.I. systems nonsentient; prohibit legal personhood,pending,2025-09-23,https://openstates.org/oh/bills/136/HB469/,,,
us-119-hr-5511,bill,Congress,H.R. 5511,Algorithmic Accountability Act of 2025,pending,2025-09-19,https://www.congress.gov/bill/119th-congress/house-bill/5511,,,
os-e7c6e285-9b80-4a69-9ddb-811f7c3c05a4,bill,Puerto Rico,PS 731,"Para crear la “Ley de Subastas Públicas con Inteligencia Artificial y Transparencia
Gubernamental de Puerto Rico”; a los fines de centralizar la totalidad de las
compras, adquisiciones y subastas públicas bajo la Administración de Servicios
Generales de Puerto Rico (ASG), disponer la obligatoriedad de uso de la
plataforma JEDI en todas las agencias, departamentos, corporaciones públicas y
demás instrumentalidades del Gobierno de Puerto Rico; establecer la
incorporación de sistemas de inteligencia artificial y modelos de lenguaje de gran
tamaño (LLM) en los procesos de adquisición; crear un Registro Público de
Algoritmos; fijar los deberes de la ASG, de la Oficina de Innovación y Servicios de
Tecnología (PRITS) y de las agencias; establecer sanciones por incumplimiento; y
derogar disposiciones legales en conflicto.",pending,2025-09-18,https://openstates.org/pr/bills/2025-2028/PS731/,,mandatory-reporting; new-agency-powers,Puerto Rico Administración de Servicios Generales (ASG); Puerto Rico Oficina de Innovación y Servicios de Tecnología (PRITS)
us-119-hr-5351,bill,Congress,H.R. 5351,NSF AI Education Act of 2025,pending,2025-09-15,https://www.congress.gov/bill/119th-congress/house-bill/5351,,,
os-82aab4cb-8b1e-4686-98da-0f8d8218694c,bill,New York,A 9086,Relates to the regulation of energy consumption by data centers,pending,2025-09-12,https://openstates.org/ny/bills/2025-2026/A9086/,power-bills,,
os-698daec1-7bbc-4b8f-a72b-4d5cbc635e7d,bill,New York,A 9097,"Requires disclosure of use of generative artificial intelligence to clients, criminal defendants, and the court",pending,2025-09-12,https://openstates.org/ny/bills/2025-2026/A9097/,,labeling-mandates,
os-7f8bab87-4e61-423b-bd8e-436040bf91ff,bill,New York,A 9091,Requires search engines inform users when showing information which was generated using artificial intelligence,pending,2025-09-12,https://openstates.org/ny/bills/2025-2026/A9091/,,labeling-mandates,
us-119-hr-5332,bill,Congress,H.R. 5332,Liquid Cooling for AI Act of 2025,pending,2025-09-11,https://www.congress.gov/bill/119th-congress/house-bill/5332,,,
os-9a35e6c2-e49e-4718-b16d-d9c7ec564b79,bill,Pennsylvania,HB 1857,An Act requiring business entities to disclose the use of artificial intelligence in certain consumer interactions; establishing the right of consumers to human review in high-impact decisions; and providing for enforcement by Attorney General.,pending,2025-09-10,https://openstates.org/pa/bills/2025-2026/HB1857/,,labeling-mandates; new-agency-powers,Pennsylvania Attorney General
us-119-hres-694,bill,Congress,H.Res. 694,Expressing the sense of the House of Representatives that the Centers for Medicare & Medicaid Services should halt the pilot program and should not jeopardize seniors' access to critical health care by utilizing artificial intelligence to determine Medicare coverage.,pending,2025-09-10,https://www.congress.gov/bill/119th-congress/house-resolution/694,bias,,Centers for Medicare & Medicaid Services
us-119-hr-5272,bill,Congress,H.R. 5272,Protect Elections from Deceptive AI Act,pending,2025-09-10,https://www.congress.gov/bill/119th-congress/house-bill/5272,,,
os-ddb65e97-307f-4256-8b35-f54c96cfa28d,bill,New York,A 9064,Prohibits electric corporations and gas corporations from increasing charges due to the building or operation of a data center,pending,2025-09-05,https://openstates.org/ny/bills/2025-2026/A9064/,power-bills,,
os-ca63bd07-1a38-4705-ac4f-61643c8001fe,bill,Pennsylvania,SB 991,An Act providing for a permitting process for data center siting; and imposing powers and duties on the Department of Environmental Protection.,pending,2025-09-05,https://openstates.org/pa/bills/2025-2026/SB991/,,data-center-limits,Pennsylvania Department of Environmental Protection
os-5bffcbdb-3a24-40bc-bdf1-be858e2dd636,bill,New York,A 9039,"Establishes the ""accountability of costs for data centers act""",pending,2025-09-05,https://openstates.org/ny/bills/2025-2026/A9039/,,,
os-db7c5544-efaa-4567-84f7-c23f5b40c5f0,bill,New York,A 9028,Relates to use of virtual agents and AI tools in property searches,pending,2025-09-05,https://openstates.org/ny/bills/2025-2026/A9028/,bias,labeling-mandates; mandatory-reporting,
os-6d10f576-107b-411d-a1f2-ec91477f3dc0,bill,Pennsylvania,HB 1834,"An Act providing for the regulation of commercial data centers;
 imposing duties on the Pennsylvania Public Utility
 Commission, the Department of Human Services and the
 Pennsylvania Energy Development Authority; establishing the
 Data Center Low-Income Home Energy Assistance Program
 Enhancement Account and the Pennsylvania Energy Independence
 Account; providing for clean firm energy requirements,
 contract filing, commission review, disclosure requirements,
 backup generation standards, curtailment standards and
 certification and expedited interconnection for commercial
 data centers bringing incremental clean firm energy
 resources; and imposing penalties.",pending,2025-09-04,https://openstates.org/pa/bills/2025-2026/HB1834/,,data-center-limits,Pennsylvania Department of Human Services; Pennsylvania Energy Development Authority; Pennsylvania Public Utility Commission
os-f930de8e-b009-4fcf-b79c-08fb99c5f7cd,bill,Maryland,SB 8,Criminal Law - Identity Fraud - Artificial Intelligence and Deepfake Representations,passed,2025-08-26,https://openstates.org/md/bills/2026/SB8/,,,
os-4ebd00a2-a1c9-4b99-ac2a-27241b6cdfd7,bill,Colorado,HB 1009,Artificial Intelligence Systems,pending,2025-08-21,https://openstates.org/co/bills/2025B/HB1009/,bias,,
os-6f5a79ad-6ba7-4189-a690-8f35fc142e7a,bill,Colorado,SB 8,Tech-Neutral Anti-Discrimination Clarification Act,pending,2025-08-21,https://openstates.org/co/bills/2025B/SB8/,bias,,
os-ce25c4d9-d2fb-4bba-a16f-7fc43cb36cb9,bill,Colorado,HB 1008,Consumer Protections for Artificial Intelligence Interactions,pending,2025-08-21,https://openstates.org/co/bills/2025B/HB1008/,bias,labeling-mandates; mandatory-reporting; new-agency-powers,Colorado Attorney General; Colorado Civil Rights Division
os-665d6f0e-9dc6-4194-8281-49d19e9bb969,bill,New York,S 8484,Regulates the use of artificial intelligence in the provision of therapy or psychotherapy services,pending,2025-08-20,https://openstates.org/ny/bills/2025-2026/S8484/,,,
os-14f3081c-7e0b-44f3-9ca4-7e2123462f82,bill,Texas,HB 148,Relating to the use of artificial intelligence to score constructed responses on assessment instruments administered to public school students.,pending,2025-08-15,https://openstates.org/tx/bills/892/HB148/,,,
os-078bb450-c854-444e-b072-85da02476846,bill,New York,A 8962,Enacts the New York fundamental artificial intelligence requirements in (FAIR) news act,pending,2025-08-13,https://openstates.org/ny/bills/2025-2026/A8962/,,labeling-mandates,
us-119-hr-4873,bill,Congress,H.R. 4873,To codify Executive Order 14319 (relating to preventing woke AI in the Federal Government).,pending,2025-08-05,https://www.congress.gov/bill/119th-congress/house-bill/4873,,,
us-119-s-2606,bill,Congress,S. 2606,"A bill to require the Commander of United States Cyber Command to complete development of a roadmap for industry collaboration on artificial intelligence-enabled cyber capabilities for cyberspace operations of the Department of Defense, and for other purposes.",pending,2025-07-31,https://www.congress.gov/bill/119th-congress/senate-bill/2606,ai-cyberattacks,,
us-119-hr-4801,bill,Congress,H.R. 4801,Unleashing AI Innovation in Financial Services Act,pending,2025-07-29,https://www.congress.gov/bill/119th-congress/house-bill/4801,,mandatory-reporting; new-agency-powers,
fr-2025-14212,order,Executive Office of the President,Executive Order 14318,Accelerating Federal Permitting of Data Center Infrastructure,passed,2025-07-28,https://www.federalregister.gov/documents/2025/07/28/2025-14212/accelerating-federal-permitting-of-data-center-infrastructure,,,
fr-2025-14218,order,Executive Office of the President,Executive Order 14320,Promoting the Export of the American AI Technology Stack,passed,2025-07-28,https://www.federalregister.gov/documents/2025/07/28/2025-14218/promoting-the-export-of-the-american-ai-technology-stack,,,
us-119-hr-4628,bill,Congress,H.R. 4628,AI Impersonation Prevention Act of 2025,pending,2025-07-23,https://www.congress.gov/bill/119th-congress/house-bill/4628,,,
us-119-hr-4695,bill,Congress,H.R. 4695,Facial Recognition Act of 2025,pending,2025-07-23,https://www.congress.gov/bill/119th-congress/house-bill/4695,,,
os-759b16d5-b1a0-4a60-9a7f-de725aad8f48,bill,Texas,HB 167,Relating to the use of artificial intelligence to score constructed responses on assessment instruments administered to public school students.,pending,2025-07-22,https://openstates.org/tx/bills/891/HB167/,,,
fr-2025-13650,rule,Education Department,Proposed rule,Proposed Priority and Definitions-Secretary's Supplemental Priority and Definitions on Advancing Artificial Intelligence in Education,pending,2025-07-21,https://www.federalregister.gov/documents/2025/07/21/2025-13650/proposed-priority-and-definitions-secretarys-supplemental-priority-and-definitions-on-advancing,,,
os-ce73d65e-85c0-461f-a403-363d077bd2f7,bill,Texas,HB 142,Relating to required disclosures on certain political advertising that contains altered media; creating a criminal offense.,pending,2025-07-21,https://openstates.org/tx/bills/891/HB142/,,labeling-mandates,
us-119-s-2367,bill,Congress,S. 2367,AI Accountability and Personal Data Protection Act,pending,2025-07-21,https://www.congress.gov/bill/119th-congress/senate-bill/2367,,,
us-119-s-2346,bill,Congress,S. 2346,Preparing Election Administrators for AI Act,pending,2025-07-17,https://www.congress.gov/bill/119th-congress/senate-bill/2346,,,
os-3d149e28-8cf5-4ecf-af13-fc8cb0b98888,bill,New York,A 8947,Enacts the youth & teen internet safety and social media literacy act; repealer,pending,2025-07-16,https://openstates.org/ny/bills/2025-2026/A8947/,,,New York Commissioner of Education
os-ca9c610c-07ca-486d-8947-a91f8dccd89c,bill,New York,S 8459,Prohibits transcripts being made from video conference meetings by artificial intelligence without conspicuous disclosure during such meeting,pending,2025-07-16,https://openstates.org/ny/bills/2025-2026/S8459/,,labeling-mandates,
os-dcb79ed0-a89c-46cb-a2e0-c7acfdcf6dfe,bill,New York,A 8916,Prohibits licensees from relying on artificial intelligence for tracking and advertisement purposes,pending,2025-07-16,https://openstates.org/ny/bills/2025-2026/A8916/,,,
os-90bcc07a-2711-424c-9809-dce3e0c1167b,bill,Maryland,HB 145,"Election Law - Election Misinformation, Election Disinformation, and Deepfakes",pending,2025-07-16,https://openstates.org/md/bills/2026/HB145/,,,
os-430487fd-ca09-40fd-8c46-241dc5cc4e92,bill,Maryland,SB 141,"Election Law - Election Misinformation, Election Disinformation, and Deepfakes",passed,2025-07-16,https://openstates.org/md/bills/2026/SB141/,,,
os-60f6a3df-d226-4eb8-9978-955442b61384,bill,Pennsylvania,SB 939,"Establishing the Office of Transformation and Opportunity and the Artificial Intelligence, Data Center and Emerging Technology Regulatory Sandbox Program; and providing for powers and duties of office and for permits for high impact data centers that have their own power.",pending,2025-07-14,https://openstates.org/pa/bills/2025-2026/SB939/,,new-agency-powers,
os-8e943d2a-30b6-425f-a643-2322a02e7d5b,bill,New York,S 8451,Enacts the New York fundamental artificial intelligence requirements in (FAIR) news act,pending,2025-07-07,https://openstates.org/ny/bills/2025-2026/S8451/,,labeling-mandates,
os-67bbfc23-1730-40e1-b588-e230c2d03a3b,bill,Ohio,HB 392,Enact the Ohio Right to Compute Act,pending,2025-07-07,https://openstates.org/oh/bills/136/HB392/,,mandatory-reporting; preemption,
os-1b471a9c-4876-4810-ba3f-3b1aab451306,bill,Massachusetts,HD 4827,An Act to ensure non-discrimination by improving algorithmic systems,pending,2025-06-30,https://openstates.org/ma/bills/194th/HD4827/,bias,,
os-70fc5627-b0f3-4004-a17a-51df0458115f,bill,Wisconsin,SB 357,"Relating to: establishing English as the official state language, use of artificial intelligence or other machine-assisted translation tools in lieu of appointing English language interpreters, and use of English for governmental oral and written communication and for nongovernmental purposes. (FE)",failed,2025-06-27,https://openstates.org/wi/bills/2025/SB357/,,,
os-ad8a7d76-bbd4-49f3-aeda-f5143b69d20f,bill,Massachusetts,SD 3007,An Act to ensure non-discrimination by improving algorithmic system,pending,2025-06-26,https://openstates.org/ma/bills/194th/SD3007/,bias,,
us-119-hr-4142,bill,Congress,H.R. 4142,No Adversarial AI Act,pending,2025-06-25,https://www.congress.gov/bill/119th-congress/house-bill/4142,,,
os-76796ec1-b898-485d-8722-a418033aa124,resolution,Delaware,HJR 7,DIRECTING THE ARTIFICIAL INTELLIGENCE COMMISSION TO WORK IN COLLABORATION WITH THE SECRETARY OF STATE TO CREATE A REGULATORY SANDBOX FRAMEWORK FOR THE TESTING OF INNOVATIVE AND NOVEL TECHNOLOGIES THAT UTILIZE AGENTIC ARTIFICIAL INTELLIGENCE.,passed,2025-06-25,https://openstates.org/de/bills/153/HJR7/,,new-agency-powers,Delaware Artificial Intelligence Commission; Delaware Secretary of State
us-119-s-2177,bill,Congress,S. 2177,No Adversarial AI Act,pending,2025-06-25,https://www.congress.gov/bill/119th-congress/senate-bill/2177,,,
os-c90c385a-6e6c-4490-b701-7fcee42f452a,bill,Michigan,HB 4668,Trade: business regulation; requirements and safety standards for developers of certain artificial intelligence models; provide for. Creates new act.,pending,2025-06-24,https://openstates.org/mi/bills/2025-2026/HB4668/,,,
os-113a72fa-cad0-4252-ade5-6b92aa00d183,bill,Michigan,HB 4667,Crimes: other; use of artificial intelligence to commit certain crimes; prohibit. Amends 1931 PA 328 (MCL 750.1 - 750.568) by adding sec. 411y.,pending,2025-06-24,https://openstates.org/mi/bills/2025-2026/HB4667/,,,
os-09d2e36e-4c16-4221-85ae-7faa34cede0e,bill,Pennsylvania,HB 1625,An Act establishing the Keystone Artificial Intelligence Authority within the Department of Community and Economic Development; providing for the duties of authority and its governing board; providing for duties of other entities; establishing the Artificial Intelligence Permitting System Pilot Program within the Department of Environmental Protection; establishing the Keystone Artificial Intelligence Development Fund; and providing for sovereign immunity.,pending,2025-06-20,https://openstates.org/pa/bills/2025-2026/HB1625/,,license-to-build; new-agency-powers,Pennsylvania Department of Community and Economic Development; Pennsylvania Department of Environmental Protection
us-119-s-2117,bill,Congress,S. 2117,Preventing Deep Fake Scams Act,pending,2025-06-18,https://www.congress.gov/bill/119th-congress/senate-bill/2117,,,
os-d9331967-d98c-4635-9f2c-251b5e6ec3d7,bill,Ohio,HB 362,Regulate fraudulent synthetic media for influencing elections,pending,2025-06-12,https://openstates.org/oh/bills/136/HB362/,deepfakes,,
os-8bad5af5-ae37-44d3-b491-202512257703,bill,New York,A 8833,Establishes understanding artificial intelligence responsibility act,pending,2025-06-09,https://openstates.org/ny/bills/2025-2026/A8833/,,,
os-a29b4bfa-fc4e-416f-a349-f9a1248d3080,bill,New York,S 8420,Relates to requiring advertisements to disclose the use of a synthetic performer,pending,2025-06-09,https://openstates.org/ny/bills/2025-2026/S8420/,,labeling-mandates,
os-87b2173a-edfb-4517-8a99-d472b5ec7653,bill,New York,A 8887,Relates to requiring advertisements to disclose the use of a synthetic performer,pending,2025-06-09,https://openstates.org/ny/bills/2025-2026/A8887/,,labeling-mandates,
os-9794f675-58b2-4269-8559-da420d0d5199,bill,New York,A 8884,Relates to the development and use of certain artificial intelligence systems,pending,2025-06-09,https://openstates.org/ny/bills/2025-2026/A8884/,,mandatory-reporting,New York Attorney General
os-9bdce389-1702-4fd4-beba-44e4d64549fd,resolution,Louisiana,HR 317,"COMMERCIAL REGULATIONS: Creates a subcommittee of the House of Representatives to study artificial intelligence, blockchain, and cryptocurrency",pending,2025-06-08,https://openstates.org/la/bills/2025/HR317/,,,
os-64bcbe93-9e74-4afd-b10d-af00a4392f4b,resolution,Louisiana,HR 320,"EDUCATION: Requests the state Department of Education, the State Board of Elementary and Secondary Education, the Board of Regents, and postsecondary education management boards to promote artificial intelligence education for students and to encourage professional development relative to artificial intelligence for faculty and staff",pending,2025-06-08,https://openstates.org/la/bills/2025/HR320/,,,
os-3ab5e034-6f23-4dc4-ad8e-fea09cb3f60a,resolution,Louisiana,HR 313,HEALTH CARE: Memorializes the United States Congress to take action relative to the use of artificial intelligence in health care,pending,2025-06-08,https://openstates.org/la/bills/2025/HR313/,,,
us-119-hr-3782,bill,Congress,H.R. 3782,"To prohibit the Federal Government from using facial recognition technology as a means of identity verification, and for other purposes.",pending,2025-06-05,https://www.congress.gov/bill/119th-congress/house-bill/3782,,,
os-d5b9e1f3-88ec-4532-9bef-0cf95f352265,bill,Michigan,HB 4537,Human services: medical services; use of artificial intelligence tools to make decisions regarding claims; prohibit. Amends 1939 PA 280 (MCL 400.1 - 400.119b) by adding sec. 107b.,pending,2025-06-03,https://openstates.org/mi/bills/2025-2026/HB4537/,,,
os-55d815ed-89e5-4a20-aac9-ee69f3e8cd65,bill,Michigan,HB 4536,Insurance: health insurers; use of artificial intelligence tools to make decisions regarding claims; prohibit. Amends 1956 PA 218 (MCL 500.100 - 500.8302) by adding sec. 3406ss.,pending,2025-06-03,https://openstates.org/mi/bills/2025-2026/HB4536/,bias,,
os-98a3919f-90f5-445a-bd57-70f60ac07e12,bill,New York,S 8331,"Enacts the ""New York artificial intelligence transparency for journalism act""",pending,2025-06-03,https://openstates.org/ny/bills/2025-2026/S8331/,,mandatory-reporting,
us-119-hr-3679,bill,Congress,H.R. 3679,Small Business Artificial Intelligence Advancement Act,pending,2025-06-03,https://www.congress.gov/bill/119th-congress/house-bill/3679,,,National Institute of Standards and Technology
os-a4340cdd-bf89-4b3b-aa02-5a653527f34b,bill,Pennsylvania,HB 1533,"An Act amending Title 18 (Crimes and Offenses) of the Pennsylvania Consolidated Statutes, in culpability, providing for liability for deployment of artificial intelligence system.",pending,2025-05-30,https://openstates.org/pa/bills/2025-2026/HB1533/,,,
os-73614ed6-212d-419b-9136-5450a9b88d04,bill,Wisconsin,SB 295,Relating to: the use of artificial intelligence or other machine assisted translation in court proceedings and of telephone or live audiovisual interpretation in criminal trials. (FE),failed,2025-05-30,https://openstates.org/wi/bills/2025/SB295/,,,
os-26290fa1-b4ee-4e11-91d6-d51699b381ab,bill,Wisconsin,AB 292,Relating to: the use of artificial intelligence or other machine assisted translation in court proceedings and of telephone or live audiovisual interpretation in criminal trials. (FE),failed,2025-05-30,https://openstates.org/wi/bills/2025/AB292/,,,
os-981b51a1-8de0-48a6-9236-ec5f85e575cd,bill,New York,A 8595,"Enacts the ""New York artificial intelligence transparency for journalism act""",pending,2025-05-22,https://openstates.org/ny/bills/2025-2026/A8595/,,mandatory-reporting,
os-216f78c5-79be-4502-9e7b-1c34baff965d,bill,New York,A 8523,"Requires certain political communications to include provenance data for all audio, images or videos used in such communications",pending,2025-05-20,https://openstates.org/ny/bills/2025-2026/A8523/,,labeling-mandates,
os-4ea28d41-00f2-4651-93b5-71d8a18ae726,bill,New York,A 8546,Relates to requiring disclosure of use of generative artificial intelligence in a civil action,pending,2025-05-20,https://openstates.org/ny/bills/2025-2026/A8546/,,labeling-mandates,
os-97482ed7-0847-4f12-bf01-8c1623673141,bill,New York,A 8556,"Relates to the use of an artificial intelligence, algorithm, or other software tool for the purpose of utilization review",pending,2025-05-20,https://openstates.org/ny/bills/2025-2026/A8556/,,mandatory-reporting,
os-57002cfb-d6e6-4fe9-a6ca-c21475463ecf,bill,New Jersey,S 4463,Prohibits advertising artificial intelligence system as licensed mental health professional.,pending,2025-05-19,https://openstates.org/nj/bills/221/S4463/,,labeling-mandates,
os-25aad6b4-6b18-4bf5-bdea-370e321efbb8,resolution,California,SCR 82,Relative to artificial intelligence in public higher education.,pending,2025-05-15,https://openstates.org/ca/bills/20252026/SCR82/,,,
os-1b17200e-60fa-47b4-a331-058fb4f24407,bill,New York,S 8115,Relates to the use of automated lending decision-making tools by banks for the purposes of making lending decisions,pending,2025-05-15,https://openstates.org/ny/bills/2025-2026/S8115/,bias,,
os-de70e71a-0ff2-40c5-81d0-2456fff2e4de,bill,New York,S 7963,"Requires certain political communications to include provenance data for all audio, images or videos used in such communications",pending,2025-05-15,https://openstates.org/ny/bills/2025-2026/S7963/,,labeling-mandates,
os-6301143e-4971-4cac-a984-501e6ac692a4,bill,New York,S 7892,Relates to directing the commissioner of education to make recommendations to the board of regents regarding the incorporation of instruction in artificial intelligence system literacy into the school curriculum,pending,2025-05-13,https://openstates.org/ny/bills/2025-2026/S7892/,,,
os-19c143a9-3c84-420e-8e8d-a6362bc8466f,bill,New York,S 7896,"Relates to the use of an artificial intelligence, algorithm, or other software tool for the purpose of utilization review",pending,2025-05-13,https://openstates.org/ny/bills/2025-2026/S7896/,,,
os-5fa57acb-4ca6-45fc-8716-16185bf5b55c,bill,New York,A 8295,Relates to automated decision-making by government agencies,pending,2025-05-12,https://openstates.org/ny/bills/2025-2026/A8295/,,mandatory-reporting,
os-b58e9391-1a4f-4411-995b-e4a9112a462d,bill,Pennsylvania,SB 293,An Act providing for a report on artificial intelligence in the workforce; and imposing duties on the Department of Labor and Industry and Department of Community and Economic Development.,pending,2025-05-12,https://openstates.org/pa/bills/2025-2026/SB293/,,mandatory-reporting,Pennsylvania Department of Community and Economic Development; Pennsylvania Department of Labor and Industry
us-119-s-1699,bill,Congress,S. 1699,Artificial Intelligence Public Awareness and Education Campaign Act,pending,2025-05-08,https://www.congress.gov/bill/119th-congress/senate-bill/1699,,,
us-119-s-1638,bill,Congress,S. 1638,Protection Against Foreign Adversarial Artificial Intelligence Act of 2025,pending,2025-05-07,https://www.congress.gov/bill/119th-congress/senate-bill/1638,,,
os-296d26d8-7500-4c70-9536-c982647089b8,bill,New Jersey,A 5603,Prohibits advertising artificial intelligence system as licensed mental health professional.,pending,2025-05-05,https://openstates.org/nj/bills/221/A5603/,,labeling-mandates,
os-a958882b-1827-49d3-8da6-30b308536367,bill,New Jersey,A 5615,Requires AG to study use of artificial intelligence for certain law enforcement purposes and issue report.,pending,2025-05-05,https://openstates.org/nj/bills/221/A5615/,,,New Jersey Attorney General
os-e356d271-84b2-46b7-b2a9-c18eea7185fa,bill,Colorado,SB 25-318,Artificial Intelligence Consumer Protections,pending,2025-04-28,https://openstates.org/co/bills/2025A/SB25-318/,,,
fr-2025-07368,order,Executive Office of the President,Executive Order 14277,Advancing Artificial Intelligence Education for American Youth,passed,2025-04-28,https://www.federalregister.gov/documents/2025/04/28/2025-07368/advancing-artificial-intelligence-education-for-american-youth,,,
os-83bda9f2-d3af-4f70-b162-69da3fc68e3c,bill,New York,S 7599,Relates to automated decision-making by government agencies,pending,2025-04-23,https://openstates.org/ny/bills/2025-2026/S7599/,,mandatory-reporting,
os-81a48ddb-7894-466f-a1eb-a24dd6d71f90,bill,Maine,LD 1690,An Act Regarding Artificial Intelligence In Campaign Advertising,failed,2025-04-17,https://openstates.org/me/bills/132/LD1690/,,,
os-cd0f39fa-d733-49d4-97d1-c2806329c0dc,bill,Maine,LD 1727,An Act To Ensure Transparency In Consumer Transactions Involving Artificial Intelligence,passed,2025-04-17,https://openstates.org/me/bills/132/LD1727/,,labeling-mandates,
os-3b0f8ac0-0dd4-419f-ac4e-b9b833cfed47,bill,New Jersey,A 5540,Establishes Artificial Intelligence Grant Program in Office of Secretary of Higher Education.,pending,2025-04-10,https://openstates.org/nj/bills/221/A5540/,,new-agency-powers,New Jersey Office of Secretary of Higher Education
os-611710cb-3db9-4ca1-8bdb-a9d1ea3249a0,bill,New Jersey,A 5564,Requires submission of energy usage plan to BPU for proposed artificial intelligence data centers; requires all electricity for artificial intelligence data centers to be derived from new clean energy sources.,pending,2025-04-10,https://openstates.org/nj/bills/221/A5564/,,data-center-limits; mandatory-reporting,
os-0bc27871-ec98-4b9b-919a-7f4f21fbd092,bill,North Carolina,HB 1004,UNC Artificial Intelligence and Technology Hubs.,pending,2025-04-10,https://openstates.org/nc/bills/2025/HB1004/,,,
os-f87cc3b1-f430-4eb7-85da-3db2ed990348,bill,Maine,LD 1552,An Act To Prohibit Landlords From Setting Rents Through The Use Of Artificial Intelligence,failed,2025-04-10,https://openstates.org/me/bills/132/LD1552/,,,
os-9fa0de96-4877-42a3-afbf-076fd97f53f5,bill,Colorado,SB 25-288,Intimate Digital Depictions Criminal & Civil Actions,pending,2025-04-09,https://openstates.org/co/bills/2025A/SB25-288/,,,
os-dc777d7d-9fe1-41f4-8c05-de845237af30,bill,New York,S 7263,Imposes liability for damages caused by a chatbot impersonating certain licensed professionals,pending,2025-04-07,https://openstates.org/ny/bills/2025-2026/S7263/,deepfakes,,
os-8ff0f6ea-4ec3-4ca9-b22b-79ae6ad2ec72,bill,New York,A 7656,"Enacts the ""respect electoral audiovisual legitimacy (REAL) act""",pending,2025-04-04,https://openstates.org/ny/bills/2025-2026/A7656/,deepfakes,,
os-a0b7d5a1-4a1e-46c0-a12d-2337ebbe329f,bill,Alabama,HB 516,"Consumer protection, use of a computer to interact with a consumer when consumer believes the interaction is with a human is an unlawful trade practice",pending,2025-04-03,https://openstates.org/al/bills/2025rs/HB516/,,,
os-59965190-2135-4028-8fd6-3916da59c812,bill,Alabama,HB 515,Artificial intelligence; regulate use in health coverage decisions,pending,2025-04-03,https://openstates.org/al/bills/2025rs/HB515/,bias,,
os-a7e8fa93-ffb9-443d-a17c-1c2e8f884702,bill,Arkansas,HB 1958,TO REQUIRE PUBLIC ENTITIES TO CREATE A POLICY CONCERNING THE AUTHORIZED USE OF ARTIFICIAL INTELLIGENCE.,pending,2025-04-01,https://openstates.org/ar/bills/2025/HB1958/,,,
os-43851aef-176d-4db0-910f-29c855878c9b,bill,Ohio,SB 164,Regulate the use of artificial intelligence by health insurers,pending,2025-04-01,https://openstates.org/oh/bills/136/SB164/,,,
os-8fe9ce82-9df8-4264-bf29-d63a27882beb,bill,Ohio,SB 163,"Regards AI images, simulated child porn, replica identity fraud",pending,2025-04-01,https://openstates.org/oh/bills/136/SB163/,deepfakes,labeling-mandates,
us-119-hres-286,bill,Congress,H.Res. 286,"Of inquiry requesting the President to transmit certain documents relating to the dangerous, unaccountable use of AI by the United States DOGE Service to jeopardize the private information and essential services of the American people.",pending,2025-04-01,https://www.congress.gov/bill/119th-congress/house-resolution/286,ai-cyberattacks,,
us-119-s-1213,bill,Congress,S. 1213,Protect Elections from Deceptive AI Act,pending,2025-03-31,https://www.congress.gov/bill/119th-congress/senate-bill/1213,deepfakes,labeling-mandates,
os-41276e74-d510-4739-8450-d42c7407e3bc,bill,New York,S 6953,Relates to the training and use of artificial intelligence frontier models,pending,2025-03-27,https://openstates.org/ny/bills/2025-2026/S6953/,,,
os-ac6c8219-7d9b-4182-a6b8-e0c0582dea88,resolution,Georgia,HR 815,House Study Committee on Exploring the Potential for Humanoids and Robotics in Georgia Workforce Development; create,failed,2025-03-27,https://openstates.org/ga/bills/2025_26/HR815/,,,
os-e4ceccaa-61d8-4d12-9f57-6c53e9dff1d5,bill,Minnesota,HF 2928,"Preapplication filings for large water appropriation projects required, permit application information for large water appropriation projects added, level of environmental review for data centers specified, data centers exempted from making financial contributions to an energy conservation and optimization plan, and other data center provisions modified.",pending,2025-03-27,https://openstates.org/mn/bills/2025-2026/HF2928/,,data-center-limits,
os-f8b5d499-3d61-487a-bdac-b0b10938cf49,bill,New York,S 6955,Establishes the artificial intelligence training data transparency act,pending,2025-03-27,https://openstates.org/ny/bills/2025-2026/S6955/,,labeling-mandates,
os-9ee27d9d-d538-42d6-9200-f1f0c9187475,bill,Minnesota,SF 3098,Prohibition from using artificial intelligence to dynamically set product prices,pending,2025-03-27,https://openstates.org/mn/bills/2025-2026/SF3098/,,,
os-9305897a-1d11-4837-ad9c-04ffd77e1407,bill,New York,S 6954,Requires synthetic content creations system providers to include provenance data on certain content made available by the provider,pending,2025-03-27,https://openstates.org/ny/bills/2025-2026/S6954/,deepfakes,labeling-mandates,
us-119-hr-2385,bill,Congress,H.R. 2385,CREATE AI Act of 2025,pending,2025-03-26,https://www.congress.gov/bill/119th-congress/house-bill/2385,,,National Science Foundation
os-5a728ca3-fe79-4424-bd58-ffc1e0550051,bill,Louisiana,HB 114,HEALTH CARE/PROVIDERS: Provides for the use of artificial intelligence by healthcare providers (OR INCREASE GF EX See Note),pending,2025-03-25,https://openstates.org/la/bills/2025/HB114/,,,
os-31b5941c-4db4-493f-92b6-bdde4919cdc8,bill,North Carolina,SB 738,Digital Content Provenance Initiative/Funds.,pending,2025-03-25,https://openstates.org/nc/bills/2025/SB738/,,,
os-f62fd260-3ea7-437b-8b92-3a311e52f085,bill,North Carolina,SB 624,AI Chatbots - Licensing/Safety/Privacy.,pending,2025-03-25,https://openstates.org/nc/bills/2025/SB624/,kids-chatbots,license-to-build,
os-716505e0-b441-47de-9f89-7fea3cf68888,bill,North Carolina,SB 640,AI Ethics and Literacy Across Education.,pending,2025-03-25,https://openstates.org/nc/bills/2025/SB640/,,,
os-c022d0f7-8889-4d7b-a6fb-2c9cf7f1d1d2,bill,Maine,LD 1301,An Act To Prohibit The Use Of Artificial Intelligence In The Denial Of Health Insurance Claims,failed,2025-03-25,https://openstates.org/me/bills/132/LD1301/,bias,,
os-c58e8fed-935a-45bf-a638-4dd329ff33ed,bill,Nevada,AB 537,Enacts provisions relating to the use of artificial intelligence by the Department of Taxation. (BDR 32-420),pending,2025-03-24,https://openstates.org/nv/bills/83/AB537/,,new-agency-powers,Nevada Department of Taxation
os-843341de-9bbe-4b0b-92e6-94c5e2d5e04d,bill,New York,S 6748,Requires publications to identify when the use of artificial intelligence is present within such publication,pending,2025-03-21,https://openstates.org/ny/bills/2025-2026/S6748/,,labeling-mandates,
os-43a93e40-f598-486e-8812-434135cc3306,bill,New York,S 6751,Excludes a production using artificial intelligence or autonomous vehicles in a manner which results in the displacement of employees from the definition of qualified film,pending,2025-03-21,https://openstates.org/ny/bills/2025-2026/S6751/,job-loss,,
os-93cab3fa-5855-4e8f-b8c6-4f563239d74a,bill,New York,A 7278,Prohibits the use of certain artificial intelligence models,pending,2025-03-21,https://openstates.org/ny/bills/2025-2026/A7278/,bias,,
os-1a549bdc-567a-43d3-8c1c-870fddc897d4,bill,New York,A 7172,Relation to the regulation of the use of artificial intelligence and facial recognition technology in criminal investigations,pending,2025-03-21,https://openstates.org/ny/bills/2025-2026/A7172/,,mandatory-reporting,New York Division of Criminal Justice Services
os-5c07e2d8-2063-4013-a1fc-de5e46d40fa5,bill,Arkansas,HB 1876,REGARDING THE OWNERSHIP OF MODEL TRAINING AND CONTENT GENERATED BY A GENERATIVE ARTIFICIAL INTELLIGENCE TOOL.,pending,2025-03-20,https://openstates.org/ar/bills/2025/HB1876/,,,
os-55d89e09-903a-4f47-877f-9ca2e2a68546,bill,Arkansas,HB 1877,CONCERNING CRIMINAL OFFENSES RELATED TO POSSESSION OF SEXUALLY EXPLICIT MATERIAL THAT DEPICTS A CHILD; AND TO INCLUDE A COMPUTER GENERATED IMAGE THAT IS INDISTINGUISHABLE FROM THE IMAGE OF A CHILD.,pending,2025-03-20,https://openstates.org/ar/bills/2025/HB1877/,deepfakes,,
os-10467ea2-1fef-4f79-814b-980fd067a614,resolution,Georgia,SR 431,Senate Impact of Social Media and Artificial Intelligence on Children and Platform Privacy Protection Study Committee; create,pending,2025-03-20,https://openstates.org/ga/bills/2025_26/SR431/,kids-chatbots,,
os-dc938344-1eed-4df3-9a6f-28b9b5e5ca17,bill,Ohio,HB 185,Regards an individual's persona usage; prohibit certain deepfakes,pending,2025-03-19,https://openstates.org/oh/bills/136/HB185/,,,
os-8856eee8-65ec-4af0-bc14-5daf63ad0c89,resolution,West Virginia,HCR 94,Requesting a study regarding the creating of an artificial intelligence elective course to be offered in high schools,pending,2025-03-18,https://openstates.org/wv/bills/2025/HCR94/,,,
os-64cdd97d-4cac-4f5d-b84a-3defb8fc85b2,bill,Oregon,HB 3936,Relating to the security of state assets.,passed,2025-03-18,https://openstates.org/or/bills/2025R1/HB3936/,,,
os-7200ebdf-a267-4bb9-880a-9e994de2d857,bill,New York,A 7029,Relates to directing the commissioner of education to make recommendations to the board of regents regarding the incorporation of instruction in artificial intelligence system literacy into the school curriculum,pending,2025-03-18,https://openstates.org/ny/bills/2025-2026/A7029/,,,
os-af81b786-d089-45b0-aba6-d88589d2df58,bill,New York,A 6874,Establishes the Artificial Intelligence Literacy Act,pending,2025-03-18,https://openstates.org/ny/bills/2025-2026/A6874/,,,
os-ca55068c-0d6a-4e41-80c0-613b0f752019,bill,New York,A 6972,Relates to creating an artificial intelligence working group in the department of education,pending,2025-03-18,https://openstates.org/ny/bills/2025-2026/A6972/,kids-chatbots,,New York Department of Education
os-d3105128-f2d6-408d-a7e8-b2c5ef4cd156,bill,Arkansas,HB 1823,TO ESTABLISH THE DISRUPT EXPLICIT FORGED IMAGES AND NONCONSENSUAL EDITS ACT OF 2025; AND TO CLARIFY THE RIGHTS FOR AN INDIVIDUAL AFFECTED BY NONCONSENSUAL ACTIVITIES INVOLVING INTIMATE DIGITAL FORGERIES.,failed,2025-03-18,https://openstates.org/ar/bills/2025/HB1823/,deepfakes,,
os-eaa9d99b-4e7f-4493-b719-1eced577cfb4,bill,Arkansas,HB 1816,TO PROHIBIT HEALTHCARE PROVIDERS AND HEALTHCARE INSURERS FROM USING ARTIFICIAL INTELLIGENCE IN THE DELIVERY OF HEALTHCARE SERVICES OR THE GENERATION OF MEDICAL RECORDS UNLESS CERTAIN REQUIREMENTS ARE MET.,failed,2025-03-17,https://openstates.org/ar/bills/2025/HB1816/,,,
os-6b67db72-6d4b-442a-b722-1f75ff394222,bill,Minnesota,HF 2452,Artificial intelligence use to dynamically set product prices prohibited.,pending,2025-03-17,https://openstates.org/mn/bills/2025-2026/HF2452/,,,
os-954a35ac-2b71-4c5d-8ea8-75a58c13a649,bill,Texas,HB 5517,Relating to sexually explicit artificially generated images and videos.,pending,2025-03-14,https://openstates.org/tx/bills/89R/HB5517/,deepfakes,,
os-6c554ce4-a519-419c-87c5-5012c9c9db16,bill,Texas,HB 5282,Relating to the use of artificial intelligence to score certain portions of assessment instruments administered to public school students.,pending,2025-03-14,https://openstates.org/tx/bills/89R/HB5282/,,,
os-17521cf8-57d8-4b55-acee-2e80c26c980d,bill,Texas,HB 5496,Relating to the disclosure and use of artificial intelligence.,pending,2025-03-14,https://openstates.org/tx/bills/89R/HB5496/,,,
os-e725312e-9743-4a33-92ed-9ce3c2b5f7d3,bill,Texas,SB 2966,Relating to establishing a framework to govern the use of artificial intelligence systems in critical decision-making by private companies and ensure consumer protections; authorizing a civil penalty.,pending,2025-03-14,https://openstates.org/tx/bills/89R/SB2966/,,,
os-cd2e5c71-4a07-4536-8d1c-dfc2444caa74,bill,Texas,HB 149,Relating to regulation of the use of artificial intelligence systems in this state; providing civil penalties.,passed,2025-03-14,https://openstates.org/tx/bills/89R/HB149/,,,
os-45d9319b-82f3-4ddf-827b-3683b8a657dd,bill,Rhode Island,SB 816,AN ACT RELATING TO ELECTIONS -- DECEPTIVE AND FRAUDULENT SYNTHETIC MEDIA IN ELECTION COMMUNICATIONS,passed,2025-03-14,https://openstates.org/ri/bills/2025/SB816/,deepfakes,,
os-0463ea09-0de3-4d5b-946e-815581519598,bill,New York,S 6471,Relates to the use of automated decision tools by landlords for making housing decisions,pending,2025-03-14,https://openstates.org/ny/bills/2025-2026/S6471/,bias,,
us-119-hr-2152,bill,Congress,H.R. 2152,AI PLAN Act,pending,2025-03-14,https://www.congress.gov/bill/119th-congress/house-bill/2152,deepfakes,mandatory-reporting,Department of Commerce; Department of Homeland Security; Department of the Treasury
os-524876f9-6c3d-4371-bdec-415a5a2cd71a,bill,Texas,SB 2567,Relating to the deceptive trade practice of failure to disclose information regarding the use of artificial intelligence system or algorithmic pricing systems for setting of price.,pending,2025-03-13,https://openstates.org/tx/bills/89R/SB2567/,,labeling-mandates,
os-1f335312-34bd-4ca4-87aa-020de16908f8,bill,Texas,SB 2473,Relating to the use of an automated employment decision tool by a state agency to assess a job applicant's fitness for a position.,pending,2025-03-13,https://openstates.org/tx/bills/89R/SB2473/,,,
os-72a2582c-383b-4514-8010-7797a54c2d74,bill,Texas,SB 2490,Relating to biometric identifiers used in the performance of artificial intelligence.,pending,2025-03-13,https://openstates.org/tx/bills/89R/SB2490/,,,
os-d8314328-93e6-4eeb-ae7b-452ba8062738,bill,Texas,HB 4911,"Relating to prosecution and punishment of certain criminal offenses prohibiting sexually explicit visual material involving depictions of children, computer-generated children, or other persons; creating criminal offenses; increasing criminal penalties.",pending,2025-03-13,https://openstates.org/tx/bills/89R/HB4911/,,,
os-8bc9abeb-220e-4273-b0e1-9e8b8dd2c87f,bill,Texas,HB 5118,Relating to a study on employer and state agency use of automated employment decision tools in assessing an applicant's suitability for a position.,pending,2025-03-13,https://openstates.org/tx/bills/89R/HB5118/,,,
os-75cd2bc0-720f-4f14-aae4-7ec200750441,resolution,Georgia,SR 391,Senate Study Committee on Artificial Intelligence and Digital Currency; create,pending,2025-03-13,https://openstates.org/ga/bills/2025_26/SR391/,,new-agency-powers,Georgia Senate Study Committee on Artificial Intelligence and Digital Currency
os-7b33c3ee-c782-4042-ad59-d611caab5ad9,bill,New York,A 6767,Relates to artificial intelligence companion models,pending,2025-03-13,https://openstates.org/ny/bills/2025-2026/A6767/,,labeling-mandates,
os-9090a484-a2e5-4a20-b02d-633ecb32cd60,bill,Texas,SB 2373,Relating to financial exploitation or financial abuse using artificially generated media or phishing communications; providing a civil penalty; creating a criminal offense.,passed,2025-03-12,https://openstates.org/tx/bills/89R/SB2373/,,,
os-a234e755-b781-49bb-8916-00751f26f8fe,bill,Texas,HB 4635,Relating to disclosure of the use of artificial intelligence in the denial of insurance claims.,pending,2025-03-12,https://openstates.org/tx/bills/89R/HB4635/,,labeling-mandates,
os-97145648-5ee5-420e-b4a9-97b69916b22f,bill,Texas,HB 4390,Relating to parental rights regarding the use of machine grading to score certain portions of assessment instruments administered to public school students in this state.,pending,2025-03-11,https://openstates.org/tx/bills/89R/HB4390/,,,
os-3153c82f-037f-458c-8893-363dabce6d5c,bill,Texas,HB 4448,Relating to an automated artificial intelligence review of library material purchased by public schools; providing an administrative penalty.,pending,2025-03-11,https://openstates.org/tx/bills/89R/HB4448/,,,
os-568b52e4-ab25-4ed4-bec6-bd6012f7978c,bill,South Carolina,S 443,Health Claims & AI,pending,2025-03-11,https://openstates.org/sc/bills/2025-2026/S443/,,,
os-9a6c2d10-0055-45f9-b796-c5492d768469,bill,North Carolina,HB 375,Artificial Intelligence/Ban Deceptive Ads.,pending,2025-03-11,https://openstates.org/nc/bills/2025/HB375/,,,
os-6093e43e-81e0-41d0-89dd-10fc3a9ed087,bill,Texas,HB 4437,Relating to a requirement that the Department of Information Resources implement and develop a system and database to authenticate and track certain digital content.,pending,2025-03-11,https://openstates.org/tx/bills/89R/HB4437/,,labeling-mandates; new-agency-powers,Texas Department of Information Resources
os-06fa5b5e-9a05-4721-b122-76622883a8fd,bill,New York,S 6301,"Creates a temporary state commission to study and investigate how to regulate artificial intelligence, robotics and automation",pending,2025-03-10,https://openstates.org/ny/bills/2025-2026/S6301/,,new-agency-powers,"New York temporary state commission on artificial intelligence, robotics and automation"
os-1f2fa83e-cc42-468d-a760-c1fa6cc6986a,bill,Texas,HB 4018,Relating to use of artificial intelligence in utilization review conducted for health benefit plans.,pending,2025-03-07,https://openstates.org/tx/bills/89R/HB4018/,,,
os-2e816739-9553-431d-9df3-5ced2dc036ba,bill,Rhode Island,SB 627,AN ACT RELATING TO COMMERCIAL LAW -- GENERAL REGULATORY PROVISIONS -- ARTIFICIAL INTELLIGENCE ACT,pending,2025-03-07,https://openstates.org/ri/bills/2025/SB627/,,mandatory-reporting,
os-147915e5-bf3d-423f-a87e-4e998c32f552,bill,New York,S 6278,Establishes the crime of aggravated harassment by means of electronic or digital communication and provides for a private right of action for the unlawful dissemination or publication of deep fakes,pending,2025-03-07,https://openstates.org/ny/bills/2025-2026/S6278/,deepfakes,,
os-38449758-099d-4bea-8221-c3dc319f7447,bill,Minnesota,HF 1991,"Persons prohibited from allowing minors to access chatbots for recreational purposes, and civil penalties provided.",pending,2025-03-06,https://openstates.org/mn/bills/2025-2026/HF1991/,kids-chatbots,,
os-d04a4f4d-823c-4535-ba00-e23c0f03cfd6,resolution,Kentucky,SCR 142,A CONCURRENT RESOLUTION directing the establishment of the Commonwealth Artificial Intelligence Consortium Task Force.,pending,2025-03-06,https://openstates.org/ky/bills/2025RS/SCR142/,,new-agency-powers,
os-08b0043c-710d-43f1-bfb3-f1b06eb26d3f,bill,Texas,HB 3950,Relating to digital replication rights in the voice and visual likeness of individuals; providing private causes of action; authorizing a fee.,pending,2025-03-06,https://openstates.org/tx/bills/89R/HB3950/,deepfakes,,
os-75806cdb-f6f9-4470-84db-bac6fc5eba09,bill,West Virginia,HB 3187,Relating to the West Virginia Task Force on Artificial Intelligence,pending,2025-03-06,https://openstates.org/wv/bills/2025/HB3187/,,,West Virginia Task Force on Artificial Intelligence
